=== RUN   TestApplyEnvFeatureOptionsEnablesAllFeatures
--- PASS: TestApplyEnvFeatureOptionsEnablesAllFeatures (0.00s)
=== RUN   TestApplyEnvFeatureOptionsLeavesAllFeaturesDisabledByDefault
--- PASS: TestApplyEnvFeatureOptionsLeavesAllFeaturesDisabledByDefault (0.00s)
=== RUN   TestApplyEnvFeatureOptionsDoesNotDisableExplicitAllFeatures
--- PASS: TestApplyEnvFeatureOptionsDoesNotDisableExplicitAllFeatures (0.00s)
=== RUN   TestGatewayAPIManifestFSIncludesLocalOverlayByDefault
--- PASS: TestGatewayAPIManifestFSIncludesLocalOverlayByDefault (0.00s)
=== RUN   TestGatewayAPIManifestFSLocalOverlayAddsMesh307Redirect
--- PASS: TestGatewayAPIManifestFSLocalOverlayAddsMesh307Redirect (0.00s)
=== RUN   TestGatewayAPIConformance
    conformance_test.go:101: Running conformance tests with:
    conformance_test.go:128:   GatewayClass: nantian-gw
    conformance_test.go:129:   Cleanup Resources: true
    conformance_test.go:130:   Debug: false
    conformance_test.go:132:   Enable All Features: true (expanded locally to explicit Supported Features + UDPRoute)
    conformance_test.go:136:   Supported Features: [HTTPRouteBackendProtocolH2C HTTPRouteBackendProtocolWebSocket HTTPRouteQueryParamMatching MeshClusterIPMatching MeshHTTPRouteNamedRouteRule TLSRoute HTTPRoute303RedirectStatusCode HTTPRoute307RedirectStatusCode HTTPRouteSchemeRedirect HTTPRouteRequestMirror MeshHTTPRouteBackendRequestHeaderModification MeshHTTPRouteQueryParamMatching MeshHTTPRouteRedirectPort TLSRouteModeTerminate BackendLBSessionPersistence GatewayBackendClientCertificate GatewayHTTPListenerIsolation HTTPRoute HTTPRouteBackendTimeout HTTPRouteHostRewrite HTTPRoutePathRewrite Mesh GatewayFrontendClientCertificateValidationInsecureFallback HTTPRouteBackendRequestHeaderModification HTTPRouteParentRefPort HTTPRoutePathRedirect HTTPRouteRequestPercentageMirror HTTPRouteResponseHeaderModification MeshConsumerRoute MeshHTTPRouteRewritePath GatewayStaticAddresses HTTPRoute308RedirectStatusCode HTTPRouteCORS TLSRouteModeMixed TCPRoute ListenerSet Gateway GatewayFrontendClientCertificateValidation GatewayInfrastructurePropagation HTTPRouteRequestMultipleMirrors ReferenceGrant UDPRoute BackendTLSPolicy GRPCRouteNamedRouteRule GatewayAddressEmpty GatewayHTTPSListenerDetectMisdirectedRequests HTTPRouteDestinationPortMatching HTTPRouteMethodMatching HTTPRouteNamedRouteRule HTTPRoutePortRedirect BackendTLSPolicySANValidation GatewayPort8080 HTTPRouteRequestTimeout MeshHTTPRouteRedirectPath MeshHTTPRouteSchemeRedirect GRPCRoute]
    conformance_test.go:137:   ExemptFeatures: []
    conformance_test.go:138:   ConformanceProfiles: []
    suite.go:369: 2026-07-28T05:00:51.892825637Z: Test Setup: Ensuring GatewayClass has been accepted
    suite.go:375: 2026-07-28T05:00:51.896340672Z: Test Setup: Applying base manifests
    apply.go:275: 2026-07-28T05:00:51.905879089Z: Creating gateway-conformance-infra Namespace
    apply.go:275: 2026-07-28T05:00:51.912910043Z: Creating same-namespace Gateway
    apply.go:275: 2026-07-28T05:00:51.918204933Z: Creating same-namespace-with-https-listener Gateway
    apply.go:275: 2026-07-28T05:00:51.927606332Z: Creating all-namespaces Gateway
    apply.go:275: 2026-07-28T05:00:51.937353419Z: Creating backend-namespaces Gateway
    apply.go:275: 2026-07-28T05:00:51.946871936Z: Creating infra-backend-v1 Service
    apply.go:275: 2026-07-28T05:00:51.959253333Z: Creating infra-backend-v1 Deployment
    apply.go:275: 2026-07-28T05:00:51.966585123Z: Creating infra-backend-v2 Service
    apply.go:275: 2026-07-28T05:00:51.990367218Z: Creating infra-backend-v2 Deployment
    apply.go:275: 2026-07-28T05:00:52.001669359Z: Creating infra-backend-v3 Service
    apply.go:275: 2026-07-28T05:00:52.029013031Z: Creating infra-backend-v3 Deployment
    apply.go:275: 2026-07-28T05:00:52.047028644Z: Creating tls-backend Service
    apply.go:275: 2026-07-28T05:00:52.077113923Z: Creating tls-backend Deployment
    apply.go:275: 2026-07-28T05:00:52.097928132Z: Creating tls-backend-2 Service
    apply.go:275: 2026-07-28T05:00:52.126338627Z: Creating tls-backend-2 Deployment
    apply.go:275: 2026-07-28T05:00:52.149105189Z: Creating gateway-conformance-app-backend Namespace
    apply.go:275: 2026-07-28T05:00:52.176416153Z: Creating tls-backend Service
    apply.go:275: 2026-07-28T05:00:52.193239631Z: Creating tls-backend Deployment
    apply.go:275: 2026-07-28T05:00:52.200662172Z: Creating app-backend-v1 Service
    apply.go:275: 2026-07-28T05:00:52.21546829Z: Creating app-backend-v1 Deployment
    apply.go:275: 2026-07-28T05:00:52.228835233Z: Creating app-backend-v2 Service
    apply.go:275: 2026-07-28T05:00:52.242949033Z: Creating app-backend-v2 Deployment
    apply.go:275: 2026-07-28T05:00:52.252116071Z: Creating gateway-conformance-web-backend Namespace
    apply.go:275: 2026-07-28T05:00:52.265606892Z: Creating web-backend Service
    apply.go:275: 2026-07-28T05:00:52.27800069Z: Creating web-backend Deployment
    apply.go:275: 2026-07-28T05:00:52.285201467Z: Creating grpc-infra-backend-v1 Service
    apply.go:275: 2026-07-28T05:00:52.295177816Z: Creating grpc-infra-backend-v1 Deployment
    apply.go:275: 2026-07-28T05:00:52.300999656Z: Creating grpc-infra-backend-v2 Service
    apply.go:275: 2026-07-28T05:00:52.308757716Z: Creating grpc-infra-backend-v2 Deployment
    apply.go:275: 2026-07-28T05:00:52.321071855Z: Creating grpc-infra-backend-v3 Service
    apply.go:275: 2026-07-28T05:00:52.335799364Z: Creating grpc-infra-backend-v3 Deployment
    apply.go:275: 2026-07-28T05:00:52.353349213Z: Creating coredns Service
    apply.go:275: 2026-07-28T05:00:52.364558852Z: Creating coredns Deployment
    apply.go:275: 2026-07-28T05:00:52.373796881Z: Creating coredns ConfigMap
    apply.go:275: 2026-07-28T05:00:52.379285861Z: Creating tcp-backend Service
    apply.go:275: 2026-07-28T05:00:52.386527976Z: Creating tcp-backend Deployment
    apply.go:294: 2026-07-28T05:00:52.39741726Z: Updating gateway-conformance-infra Namespace
    apply.go:294: 2026-07-28T05:00:52.405814006Z: Updating same-namespace Gateway
    apply.go:294: 2026-07-28T05:00:52.422526605Z: Updating same-namespace-with-https-listener Gateway
    apply.go:294: 2026-07-28T05:00:52.449125748Z: Updating all-namespaces Gateway
    apply.go:294: 2026-07-28T05:00:52.45756018Z: Updating backend-namespaces Gateway
    apply.go:294: 2026-07-28T05:00:52.464261367Z: Updating infra-backend-v1 Service
    apply.go:294: 2026-07-28T05:00:52.46975457Z: Updating infra-backend-v1 Deployment
    apply.go:294: 2026-07-28T05:00:52.47535293Z: Updating infra-backend-v2 Service
    apply.go:294: 2026-07-28T05:00:52.478996323Z: Updating infra-backend-v2 Deployment
    apply.go:294: 2026-07-28T05:00:52.483916016Z: Updating infra-backend-v3 Service
    apply.go:294: 2026-07-28T05:00:52.488444623Z: Updating infra-backend-v3 Deployment
    apply.go:294: 2026-07-28T05:00:52.495000733Z: Updating tls-backend Service
    apply.go:294: 2026-07-28T05:00:52.499322207Z: Updating tls-backend Deployment
    apply.go:294: 2026-07-28T05:00:52.504653101Z: Updating tls-backend-2 Service
    apply.go:294: 2026-07-28T05:00:52.508184331Z: Updating tls-backend-2 Deployment
    apply.go:294: 2026-07-28T05:00:52.514109628Z: Updating gateway-conformance-app-backend Namespace
    apply.go:294: 2026-07-28T05:00:52.518364314Z: Updating tls-backend Service
    apply.go:294: 2026-07-28T05:00:52.526292361Z: Updating tls-backend Deployment
    apply.go:294: 2026-07-28T05:00:52.534697985Z: Updating app-backend-v1 Service
    apply.go:294: 2026-07-28T05:00:52.540608649Z: Updating app-backend-v1 Deployment
    apply.go:294: 2026-07-28T05:00:52.548017035Z: Updating app-backend-v2 Service
    apply.go:294: 2026-07-28T05:00:52.551899362Z: Updating app-backend-v2 Deployment
    apply.go:294: 2026-07-28T05:00:52.556210943Z: Updating gateway-conformance-web-backend Namespace
    apply.go:294: 2026-07-28T05:00:52.559857064Z: Updating web-backend Service
    apply.go:294: 2026-07-28T05:00:52.563961443Z: Updating web-backend Deployment
    apply.go:294: 2026-07-28T05:00:52.56926878Z: Updating grpc-infra-backend-v1 Service
    apply.go:294: 2026-07-28T05:00:52.573575688Z: Updating grpc-infra-backend-v1 Deployment
    apply.go:294: 2026-07-28T05:00:52.577896509Z: Updating grpc-infra-backend-v2 Service
    apply.go:294: 2026-07-28T05:00:52.581421803Z: Updating grpc-infra-backend-v2 Deployment
    apply.go:294: 2026-07-28T05:00:52.585878897Z: Updating grpc-infra-backend-v3 Service
    apply.go:294: 2026-07-28T05:00:52.591490051Z: Updating grpc-infra-backend-v3 Deployment
    apply.go:294: 2026-07-28T05:00:52.597096804Z: Updating coredns Service
    apply.go:294: 2026-07-28T05:00:52.603051222Z: Updating coredns Deployment
    apply.go:294: 2026-07-28T05:00:52.612250064Z: Updating coredns ConfigMap
    apply.go:294: 2026-07-28T05:00:52.630693992Z: Updating tcp-backend Service
    apply.go:294: 2026-07-28T05:00:52.639997538Z: Updating tcp-backend Deployment
    suite.go:378: 2026-07-28T05:00:52.673060524Z: Test Setup: Applying programmatic resources
    apply.go:226: 2026-07-28T05:00:52.739982247Z: Creating certificate 
    apply.go:226: 2026-07-28T05:00:52.766331267Z: Creating tls-validity-checks-certificate 
    apply.go:226: 2026-07-28T05:00:52.808328474Z: Creating web-backend-cm 
    apply.go:226: 2026-07-28T05:00:52.83657249Z: Creating tls-validity-checks-ca-certificate 
    apply.go:226: 2026-07-28T05:00:53.024020496Z: Creating tls-validity-checks-client-certificate 
    apply.go:226: 2026-07-28T05:00:53.158643051Z: Creating tls-validity-checks-per-port-ca-certificate 
    apply.go:226: 2026-07-28T05:00:53.24866602Z: Creating tls-validity-checks-per-port-client-certificate 
    apply.go:226: 2026-07-28T05:00:53.373746273Z: Creating tls-passthrough-checks-certificate 
    apply.go:226: 2026-07-28T05:00:53.575823104Z: Creating tls-passthrough-checks-certificate 
    apply.go:226: 2026-07-28T05:00:53.679555618Z: Creating tls-checks-ca-certificate 
    apply.go:226: 2026-07-28T05:00:53.836767333Z: Creating tls-checks-certificate 
    apply.go:226: 2026-07-28T05:00:53.973070409Z: Creating tls-checks-client-certificate 
    apply.go:226: 2026-07-28T05:00:54.200805602Z: Creating tls-terminate-checks-certificate 
    apply.go:226: 2026-07-28T05:00:54.263437058Z: Creating mismatch-ca-certificate 
    suite.go:415: 2026-07-28T05:00:54.267791355Z: Test Setup: Ensuring Gateways and Pods from base manifests are ready
    helpers.go:283: 2026-07-28T05:00:54.272371203Z: Programmed condition set to Status False with Reason Pending, expected Status True
    helpers.go:283: 2026-07-28T05:00:54.273109944Z: Programmed was not in conditions list [[{Accepted True 1 2026-07-28 05:00:52 +0000 UTC Accepted Gateway is accepted by nantian-gw} {Programmed False 1 2026-07-28 05:00:52 +0000 UTC Pending Waiting for derived Gateway frontend EndpointSlices to converge}]]
    helpers.go:284: 2026-07-28T05:00:54.273226421Z: gateway-conformance-infra/all-namespaces Gateway not Programmed yet
    helpers.go:283: 2026-07-28T05:00:54.374366936Z: Programmed condition set to Status False with Reason Pending, expected Status True
    helpers.go:283: 2026-07-28T05:00:54.374418041Z: Programmed was not in conditions list [[{Accepted True 1 2026-07-28 05:00:52 +0000 UTC Accepted Gateway is accepted by nantian-gw} {Programmed False 1 2026-07-28 05:00:52 +0000 UTC Pending Waiting for derived Gateway frontend EndpointSlices to converge}]]
    helpers.go:284: 2026-07-28T05:00:54.374452365Z: gateway-conformance-infra/all-namespaces Gateway not Programmed yet
    helpers.go:283: 2026-07-28T05:00:54.475051532Z: Programmed condition set to Status False with Reason Pending, expected Status True
    helpers.go:283: 2026-07-28T05:00:54.475122945Z: Programmed was not in conditions list [[{Accepted True 1 2026-07-28 05:00:52 +0000 UTC Accepted Gateway is accepted by nantian-gw} {Programmed False 1 2026-07-28 05:00:52 +0000 UTC Pending Waiting for derived Gateway frontend EndpointSlices to converge}]]
    helpers.go:284: 2026-07-28T05:00:54.475152009Z: gateway-conformance-infra/all-namespaces Gateway not Programmed yet
    helpers.go:283: 2026-07-28T05:00:54.573656941Z: Programmed condition set to Status False with Reason Pending, expected Status True
    helpers.go:283: 2026-07-28T05:00:54.573697897Z: Programmed was not in conditions list [[{Accepted True 1 2026-07-28 05:00:52 +0000 UTC Accepted Gateway is accepted by nantian-gw} {Programmed False 1 2026-07-28 05:00:52 +0000 UTC Pending Waiting for derived Gateway frontend EndpointSlices to converge}]]
    helpers.go:284: 2026-07-28T05:00:54.573760072Z: gateway-conformance-infra/all-namespaces Gateway not Programmed yet
    helpers.go:283: 2026-07-28T05:00:54.674842497Z: Programmed condition set to Status False with Reason Pending, expected Status True
    helpers.go:283: 2026-07-28T05:00:54.674891227Z: Programmed was not in conditions list [[{Accepted True 1 2026-07-28 05:00:52 +0000 UTC Accepted Gateway is accepted by nantian-gw} {Programmed False 1 2026-07-28 05:00:52 +0000 UTC Pending Waiting for derived Gateway frontend EndpointSlices to converge}]]
    helpers.go:284: 2026-07-28T05:00:54.6749143Z: gateway-conformance-infra/all-namespaces Gateway not Programmed yet
    helpers.go:283: 2026-07-28T05:00:54.774269423Z: Programmed condition set to Status False with Reason Pending, expected Status True
    helpers.go:283: 2026-07-28T05:00:54.774314787Z: Programmed was not in conditions list [[{Accepted True 1 2026-07-28 05:00:52 +0000 UTC Accepted Gateway is accepted by nantian-gw} {Programmed False 1 2026-07-28 05:00:52 +0000 UTC Pending Waiting for derived Gateway frontend EndpointSlices to converge}]]
    helpers.go:284: 2026-07-28T05:00:54.77434385Z: gateway-conformance-infra/all-namespaces Gateway not Programmed yet
    helpers.go:283: 2026-07-28T05:00:54.874944656Z: Programmed condition set to Status False with Reason Pending, expected Status True
    helpers.go:283: 2026-07-28T05:00:54.874983278Z: Programmed was not in conditions list [[{Accepted True 1 2026-07-28 05:00:52 +0000 UTC Accepted Gateway is accepted by nantian-gw} {Programmed False 1 2026-07-28 05:00:52 +0000 UTC Pending Waiting for derived Gateway frontend EndpointSlices to converge}]]
    helpers.go:284: 2026-07-28T05:00:54.875012452Z: gateway-conformance-infra/all-namespaces Gateway not Programmed yet
    helpers.go:283: 2026-07-28T05:00:54.975356654Z: Programmed condition set to Status False with Reason Pending, expected Status True
    helpers.go:283: 2026-07-28T05:00:54.975481866Z: Programmed was not in conditions list [[{Accepted True 1 2026-07-28 05:00:52 +0000 UTC Accepted Gateway is accepted by nantian-gw} {Programmed False 1 2026-07-28 05:00:52 +0000 UTC Pending Waiting for derived Gateway frontend EndpointSlices to converge}]]
    helpers.go:284: 2026-07-28T05:00:54.975580988Z: gateway-conformance-infra/all-namespaces Gateway not Programmed yet
    helpers.go:283: 2026-07-28T05:00:55.076505702Z: Programmed condition set to Status False with Reason Pending, expected Status True
    helpers.go:283: 2026-07-28T05:00:55.076551828Z: Programmed was not in conditions list [[{Accepted True 1 2026-07-28 05:00:52 +0000 UTC Accepted Gateway is accepted by nantian-gw} {Programmed False 1 2026-07-28 05:00:52 +0000 UTC Pending Waiting for derived Gateway frontend EndpointSlices to converge}]]
    helpers.go:284: 2026-07-28T05:00:55.076577926Z: gateway-conformance-infra/all-namespaces Gateway not Programmed yet
    helpers.go:283: 2026-07-28T05:00:55.178168113Z: Programmed condition set to Status False with Reason Pending, expected Status True
    helpers.go:283: 2026-07-28T05:00:55.178216994Z: Programmed was not in conditions list [[{Accepted True 1 2026-07-28 05:00:52 +0000 UTC Accepted Gateway is accepted by nantian-gw} {Programmed False 1 2026-07-28 05:00:52 +0000 UTC Pending Waiting for derived Gateway frontend EndpointSlices to converge}]]
    helpers.go:284: 2026-07-28T05:00:55.178242381Z: gateway-conformance-infra/all-namespaces Gateway not Programmed yet
    helpers.go:283: 2026-07-28T05:00:55.278098684Z: Programmed condition set to Status False with Reason Pending, expected Status True
    helpers.go:283: 2026-07-28T05:00:55.278141264Z: Programmed was not in conditions list [[{Accepted True 1 2026-07-28 05:00:52 +0000 UTC Accepted Gateway is accepted by nantian-gw} {Programmed False 1 2026-07-28 05:00:52 +0000 UTC Pending Waiting for derived Gateway frontend EndpointSlices to converge}]]
    helpers.go:284: 2026-07-28T05:00:55.278174455Z: gateway-conformance-infra/all-namespaces Gateway not Programmed yet
    helpers.go:283: 2026-07-28T05:00:55.378609415Z: Programmed condition set to Status False with Reason Pending, expected Status True
    helpers.go:283: 2026-07-28T05:00:55.378646324Z: Programmed was not in conditions list [[{Accepted True 1 2026-07-28 05:00:52 +0000 UTC Accepted Gateway is accepted by nantian-gw} {Programmed False 1 2026-07-28 05:00:52 +0000 UTC Pending Waiting for derived Gateway frontend EndpointSlices to converge}]]
    helpers.go:284: 2026-07-28T05:00:55.378669276Z: gateway-conformance-infra/all-namespaces Gateway not Programmed yet
    helpers.go:283: 2026-07-28T05:00:55.479460911Z: Programmed condition set to Status False with Reason Pending, expected Status True
    helpers.go:283: 2026-07-28T05:00:55.479507207Z: Programmed was not in conditions list [[{Accepted True 1 2026-07-28 05:00:52 +0000 UTC Accepted Gateway is accepted by nantian-gw} {Programmed False 1 2026-07-28 05:00:52 +0000 UTC Pending Waiting for derived Gateway frontend EndpointSlices to converge}]]
    helpers.go:284: 2026-07-28T05:00:55.479610499Z: gateway-conformance-infra/all-namespaces Gateway not Programmed yet
    helpers.go:283: 2026-07-28T05:00:55.580298999Z: Programmed condition set to Status False with Reason Pending, expected Status True
    helpers.go:283: 2026-07-28T05:00:55.580334054Z: Programmed was not in conditions list [[{Accepted True 1 2026-07-28 05:00:52 +0000 UTC Accepted Gateway is accepted by nantian-gw} {Programmed False 1 2026-07-28 05:00:52 +0000 UTC Pending Waiting for derived Gateway frontend EndpointSlices to converge}]]
    helpers.go:284: 2026-07-28T05:00:55.580442836Z: gateway-conformance-infra/all-namespaces Gateway not Programmed yet
    helpers.go:283: 2026-07-28T05:00:55.681781226Z: Programmed condition set to Status False with Reason Pending, expected Status True
    helpers.go:283: 2026-07-28T05:00:55.681838182Z: Programmed was not in conditions list [[{Accepted True 1 2026-07-28 05:00:52 +0000 UTC Accepted Gateway is accepted by nantian-gw} {Programmed False 1 2026-07-28 05:00:52 +0000 UTC Pending Waiting for derived Gateway frontend EndpointSlices to converge}]]
    helpers.go:284: 2026-07-28T05:00:55.682004781Z: gateway-conformance-infra/all-namespaces Gateway not Programmed yet
    helpers.go:283: 2026-07-28T05:00:55.780966679Z: Programmed condition set to Status False with Reason Pending, expected Status True
    helpers.go:283: 2026-07-28T05:00:55.781094146Z: Programmed was not in conditions list [[{Accepted True 1 2026-07-28 05:00:52 +0000 UTC Accepted Gateway is accepted by nantian-gw} {Programmed False 1 2026-07-28 05:00:52 +0000 UTC Pending Waiting for derived Gateway frontend EndpointSlices to converge}]]
    helpers.go:284: 2026-07-28T05:00:55.781187629Z: gateway-conformance-infra/all-namespaces Gateway not Programmed yet
    helpers.go:283: 2026-07-28T05:00:55.889975538Z: Programmed condition set to Status False with Reason Pending, expected Status True
    helpers.go:283: 2026-07-28T05:00:55.890098636Z: Programmed was not in conditions list [[{Accepted True 1 2026-07-28 05:00:52 +0000 UTC Accepted Gateway is accepted by nantian-gw} {Programmed False 1 2026-07-28 05:00:52 +0000 UTC Pending Waiting for derived Gateway frontend EndpointSlices to converge}]]
    helpers.go:284: 2026-07-28T05:00:55.890129033Z: gateway-conformance-infra/all-namespaces Gateway not Programmed yet
    helpers.go:283: 2026-07-28T05:00:55.990782391Z: Programmed condition set to Status False with Reason Pending, expected Status True
    helpers.go:283: 2026-07-28T05:00:55.990842462Z: Programmed was not in conditions list [[{Accepted True 1 2026-07-28 05:00:52 +0000 UTC Accepted Gateway is accepted by nantian-gw} {Programmed False 1 2026-07-28 05:00:52 +0000 UTC Pending Waiting for derived Gateway frontend EndpointSlices to converge}]]
    helpers.go:284: 2026-07-28T05:00:55.990959529Z: gateway-conformance-infra/all-namespaces Gateway not Programmed yet
    helpers.go:283: 2026-07-28T05:00:56.09048281Z: Programmed condition set to Status False with Reason Pending, expected Status True
    helpers.go:283: 2026-07-28T05:00:56.090593074Z: Programmed was not in conditions list [[{Accepted True 1 2026-07-28 05:00:52 +0000 UTC Accepted Gateway is accepted by nantian-gw} {Programmed False 1 2026-07-28 05:00:52 +0000 UTC Pending Waiting for derived Gateway frontend EndpointSlices to converge}]]
    helpers.go:284: 2026-07-28T05:00:56.09062313Z: gateway-conformance-infra/all-namespaces Gateway not Programmed yet
    helpers.go:283: 2026-07-28T05:00:56.190422024Z: Programmed condition set to Status False with Reason Pending, expected Status True
    helpers.go:283: 2026-07-28T05:00:56.190465655Z: Programmed was not in conditions list [[{Accepted True 1 2026-07-28 05:00:52 +0000 UTC Accepted Gateway is accepted by nantian-gw} {Programmed False 1 2026-07-28 05:00:52 +0000 UTC Pending Waiting for derived Gateway frontend EndpointSlices to converge}]]
    helpers.go:284: 2026-07-28T05:00:56.190496252Z: gateway-conformance-infra/all-namespaces Gateway not Programmed yet
    helpers.go:283: 2026-07-28T05:00:56.290546811Z: Programmed condition set to Status False with Reason Pending, expected Status True
    helpers.go:283: 2026-07-28T05:00:56.290589851Z: Programmed was not in conditions list [[{Accepted True 1 2026-07-28 05:00:52 +0000 UTC Accepted Gateway is accepted by nantian-gw} {Programmed False 1 2026-07-28 05:00:52 +0000 UTC Pending Waiting for derived Gateway frontend EndpointSlices to converge}]]
    helpers.go:284: 2026-07-28T05:00:56.290616921Z: gateway-conformance-infra/all-namespaces Gateway not Programmed yet
    helpers.go:283: 2026-07-28T05:00:56.390592288Z: Programmed condition set to Status False with Reason Pending, expected Status True
    helpers.go:283: 2026-07-28T05:00:56.390634847Z: Programmed was not in conditions list [[{Accepted True 1 2026-07-28 05:00:52 +0000 UTC Accepted Gateway is accepted by nantian-gw} {Programmed False 1 2026-07-28 05:00:52 +0000 UTC Pending Waiting for derived Gateway frontend EndpointSlices to converge}]]
    helpers.go:284: 2026-07-28T05:00:56.390659383Z: gateway-conformance-infra/all-namespaces Gateway not Programmed yet
    helpers.go:283: 2026-07-28T05:00:56.472115802Z: Programmed condition set to Status False with Reason Pending, expected Status True
    helpers.go:283: 2026-07-28T05:00:56.472150616Z: Programmed was not in conditions list [[{Accepted True 1 2026-07-28 05:00:52 +0000 UTC Accepted Gateway is accepted by nantian-gw} {Programmed False 1 2026-07-28 05:00:52 +0000 UTC Pending Waiting for derived Gateway frontend EndpointSlices to converge}]]
    helpers.go:284: 2026-07-28T05:00:56.472170653Z: gateway-conformance-infra/all-namespaces Gateway not Programmed yet
    helpers.go:283: 2026-07-28T05:00:56.573165944Z: Programmed condition set to Status False with Reason Pending, expected Status True
    helpers.go:283: 2026-07-28T05:00:56.573215045Z: Programmed was not in conditions list [[{Accepted True 1 2026-07-28 05:00:52 +0000 UTC Accepted Gateway is accepted by nantian-gw} {Programmed False 1 2026-07-28 05:00:52 +0000 UTC Pending Waiting for derived Gateway frontend EndpointSlices to converge}]]
    helpers.go:284: 2026-07-28T05:00:56.573249009Z: gateway-conformance-infra/all-namespaces Gateway not Programmed yet
    helpers.go:283: 2026-07-28T05:00:56.67309391Z: Programmed condition set to Status False with Reason Pending, expected Status True
    helpers.go:283: 2026-07-28T05:00:56.673141228Z: Programmed was not in conditions list [[{Accepted True 1 2026-07-28 05:00:52 +0000 UTC Accepted Gateway is accepted by nantian-gw} {Programmed False 1 2026-07-28 05:00:52 +0000 UTC Pending Waiting for derived Gateway frontend EndpointSlices to converge}]]
    helpers.go:284: 2026-07-28T05:00:56.673162628Z: gateway-conformance-infra/all-namespaces Gateway not Programmed yet
    helpers.go:283: 2026-07-28T05:00:56.774439921Z: Programmed condition set to Status False with Reason Pending, expected Status True
    helpers.go:283: 2026-07-28T05:00:56.77448238Z: Programmed was not in conditions list [[{Accepted True 1 2026-07-28 05:00:52 +0000 UTC Accepted Gateway is accepted by nantian-gw} {Programmed False 1 2026-07-28 05:00:52 +0000 UTC Pending Waiting for derived Gateway frontend EndpointSlices to converge}]]
    helpers.go:284: 2026-07-28T05:00:56.774513818Z: gateway-conformance-infra/all-namespaces Gateway not Programmed yet
    helpers.go:283: 2026-07-28T05:00:56.874025808Z: Programmed condition set to Status False with Reason Pending, expected Status True
    helpers.go:283: 2026-07-28T05:00:56.87406465Z: Programmed was not in conditions list [[{Accepted True 1 2026-07-28 05:00:52 +0000 UTC Accepted Gateway is accepted by nantian-gw} {Programmed False 1 2026-07-28 05:00:52 +0000 UTC Pending Waiting for derived Gateway frontend EndpointSlices to converge}]]
    helpers.go:284: 2026-07-28T05:00:56.874094335Z: gateway-conformance-infra/backend-namespaces Gateway not Programmed yet
    helpers.go:283: 2026-07-28T05:00:56.973865373Z: Programmed condition set to Status False with Reason Pending, expected Status True
    helpers.go:283: 2026-07-28T05:00:56.973906299Z: Programmed was not in conditions list [[{Accepted True 1 2026-07-28 05:00:52 +0000 UTC Accepted Gateway is accepted by nantian-gw} {Programmed False 1 2026-07-28 05:00:52 +0000 UTC Pending Waiting for derived Gateway frontend EndpointSlices to converge}]]
    helpers.go:284: 2026-07-28T05:00:56.973934001Z: gateway-conformance-infra/same-namespace-with-https-listener Gateway not Programmed yet
    helpers.go:296: 2026-07-28T05:00:57.075856496Z: Ready condition set to False, expected True
    helpers.go:296: 2026-07-28T05:00:57.075906108Z: Ready was not in conditions list
    helpers.go:299: 2026-07-28T05:00:57.075920645Z: Pod gateway-conformance-infra/coredns-54ccc6678f-zgwtw not ready yet
    helpers.go:296: 2026-07-28T05:00:57.177338891Z: Ready condition set to False, expected True
    helpers.go:296: 2026-07-28T05:00:57.177378695Z: Ready was not in conditions list
    helpers.go:299: 2026-07-28T05:00:57.177394595Z: Pod gateway-conformance-infra/coredns-54ccc6678f-zgwtw not ready yet
    helpers.go:296: 2026-07-28T05:00:57.275829704Z: Ready condition set to False, expected True
    helpers.go:296: 2026-07-28T05:00:57.275861573Z: Ready was not in conditions list
    helpers.go:299: 2026-07-28T05:00:57.27587071Z: Pod gateway-conformance-infra/coredns-54ccc6678f-zgwtw not ready yet
    helpers.go:296: 2026-07-28T05:00:57.377298951Z: Ready condition set to False, expected True
    helpers.go:296: 2026-07-28T05:00:57.377329468Z: Ready was not in conditions list
    helpers.go:299: 2026-07-28T05:00:57.377338775Z: Pod gateway-conformance-infra/coredns-54ccc6678f-zgwtw not ready yet
    helpers.go:296: 2026-07-28T05:00:57.480228669Z: Ready condition set to False, expected True
    helpers.go:296: 2026-07-28T05:00:57.480264916Z: Ready was not in conditions list
    helpers.go:299: 2026-07-28T05:00:57.480280565Z: Pod gateway-conformance-infra/coredns-54ccc6678f-zgwtw not ready yet
    helpers.go:296: 2026-07-28T05:00:57.580873452Z: Ready condition set to False, expected True
    helpers.go:296: 2026-07-28T05:00:57.580917484Z: Ready was not in conditions list
    helpers.go:299: 2026-07-28T05:00:57.580932873Z: Pod gateway-conformance-infra/coredns-54ccc6678f-zgwtw not ready yet
    helpers.go:296: 2026-07-28T05:00:57.681918513Z: Ready condition set to False, expected True
    helpers.go:296: 2026-07-28T05:00:57.681951655Z: Ready was not in conditions list
    helpers.go:299: 2026-07-28T05:00:57.681978865Z: Pod gateway-conformance-infra/coredns-54ccc6678f-zgwtw not ready yet
    helpers.go:296: 2026-07-28T05:00:57.781282442Z: Ready condition set to False, expected True
    helpers.go:296: 2026-07-28T05:00:57.78131352Z: Ready was not in conditions list
    helpers.go:299: 2026-07-28T05:00:57.781322737Z: Pod gateway-conformance-infra/coredns-54ccc6678f-zgwtw not ready yet
    helpers.go:296: 2026-07-28T05:00:57.882128501Z: Ready condition set to False, expected True
    helpers.go:296: 2026-07-28T05:00:57.882167624Z: Ready was not in conditions list
    helpers.go:299: 2026-07-28T05:00:57.882183894Z: Pod gateway-conformance-infra/coredns-54ccc6678f-zgwtw not ready yet
    helpers.go:296: 2026-07-28T05:00:57.982735991Z: Ready condition set to False, expected True
    helpers.go:296: 2026-07-28T05:00:57.982769073Z: Ready was not in conditions list
    helpers.go:299: 2026-07-28T05:00:57.982783239Z: Pod gateway-conformance-infra/coredns-54ccc6678f-zgwtw not ready yet
    helpers.go:296: 2026-07-28T05:00:58.077128395Z: Ready condition set to False, expected True
    helpers.go:296: 2026-07-28T05:00:58.077161787Z: Ready was not in conditions list
    helpers.go:299: 2026-07-28T05:00:58.0771745Z: Pod gateway-conformance-infra/coredns-54ccc6678f-zgwtw not ready yet
    helpers.go:296: 2026-07-28T05:00:58.177686959Z: Ready condition set to False, expected True
    helpers.go:296: 2026-07-28T05:00:58.17775771Z: Ready was not in conditions list
    helpers.go:299: 2026-07-28T05:00:58.177768901Z: Pod gateway-conformance-infra/coredns-54ccc6678f-zgwtw not ready yet
    helpers.go:296: 2026-07-28T05:00:58.277411321Z: Ready condition set to False, expected True
    helpers.go:296: 2026-07-28T05:00:58.277444312Z: Ready was not in conditions list
    helpers.go:299: 2026-07-28T05:00:58.277453429Z: Pod gateway-conformance-infra/coredns-54ccc6678f-zgwtw not ready yet
    helpers.go:296: 2026-07-28T05:00:58.377926151Z: Ready condition set to False, expected True
    helpers.go:296: 2026-07-28T05:00:58.377966797Z: Ready was not in conditions list
    helpers.go:299: 2026-07-28T05:00:58.377982085Z: Pod gateway-conformance-infra/coredns-54ccc6678f-zgwtw not ready yet
    helpers.go:296: 2026-07-28T05:00:58.4786898Z: Ready condition set to False, expected True
    helpers.go:296: 2026-07-28T05:00:58.478757235Z: Ready was not in conditions list
    helpers.go:299: 2026-07-28T05:00:58.478772163Z: Pod gateway-conformance-infra/coredns-54ccc6678f-zgwtw not ready yet
    helpers.go:296: 2026-07-28T05:00:58.580168543Z: Ready condition set to False, expected True
    helpers.go:296: 2026-07-28T05:00:58.5802642Z: Ready was not in conditions list
    helpers.go:299: 2026-07-28T05:00:58.580349749Z: Pod gateway-conformance-infra/coredns-54ccc6678f-zgwtw not ready yet
    helpers.go:296: 2026-07-28T05:00:58.680025764Z: Ready condition set to False, expected True
    helpers.go:296: 2026-07-28T05:00:58.68005584Z: Ready was not in conditions list
    helpers.go:299: 2026-07-28T05:00:58.680073382Z: Pod gateway-conformance-infra/coredns-54ccc6678f-zgwtw not ready yet
    helpers.go:296: 2026-07-28T05:00:58.781627319Z: Ready condition set to False, expected True
    helpers.go:296: 2026-07-28T05:00:58.781770544Z: Ready was not in conditions list
    helpers.go:299: 2026-07-28T05:00:58.781809136Z: Pod gateway-conformance-infra/coredns-54ccc6678f-zgwtw not ready yet
    helpers.go:296: 2026-07-28T05:00:58.882911125Z: Ready condition set to False, expected True
    helpers.go:296: 2026-07-28T05:00:58.88300531Z: Ready was not in conditions list
    helpers.go:299: 2026-07-28T05:00:58.883038181Z: Pod gateway-conformance-infra/coredns-54ccc6678f-zgwtw not ready yet
    helpers.go:296: 2026-07-28T05:00:58.981939933Z: Ready condition set to False, expected True
    helpers.go:296: 2026-07-28T05:00:58.981977563Z: Ready was not in conditions list
    helpers.go:299: 2026-07-28T05:00:58.981993542Z: Pod gateway-conformance-infra/coredns-54ccc6678f-zgwtw not ready yet
    helpers.go:296: 2026-07-28T05:00:59.083355901Z: Ready condition set to False, expected True
    helpers.go:296: 2026-07-28T05:00:59.083502012Z: Ready was not in conditions list
    helpers.go:299: 2026-07-28T05:00:59.083594854Z: Pod gateway-conformance-infra/coredns-54ccc6678f-zgwtw not ready yet
    helpers.go:296: 2026-07-28T05:00:59.183900516Z: Ready condition set to False, expected True
    helpers.go:296: 2026-07-28T05:00:59.18393484Z: Ready was not in conditions list
    helpers.go:299: 2026-07-28T05:00:59.183944798Z: Pod gateway-conformance-infra/coredns-54ccc6678f-zgwtw not ready yet
    helpers.go:296: 2026-07-28T05:00:59.28619554Z: Ready condition set to False, expected True
    helpers.go:296: 2026-07-28T05:00:59.286240884Z: Ready was not in conditions list
    helpers.go:299: 2026-07-28T05:00:59.286263827Z: Pod gateway-conformance-infra/coredns-54ccc6678f-zgwtw not ready yet
    helpers.go:296: 2026-07-28T05:00:59.385335151Z: Ready condition set to False, expected True
    helpers.go:296: 2026-07-28T05:00:59.385381206Z: Ready was not in conditions list
    helpers.go:299: 2026-07-28T05:00:59.385394861Z: Pod gateway-conformance-infra/coredns-54ccc6678f-zgwtw not ready yet
    helpers.go:296: 2026-07-28T05:00:59.486112866Z: Ready condition set to False, expected True
    helpers.go:296: 2026-07-28T05:00:59.486144124Z: Ready was not in conditions list
    helpers.go:299: 2026-07-28T05:00:59.486153201Z: Pod gateway-conformance-infra/coredns-54ccc6678f-zgwtw not ready yet
    helpers.go:296: 2026-07-28T05:00:59.587202617Z: Ready condition set to False, expected True
    helpers.go:296: 2026-07-28T05:00:59.587245135Z: Ready was not in conditions list
    helpers.go:299: 2026-07-28T05:00:59.587260784Z: Pod gateway-conformance-infra/coredns-54ccc6678f-zgwtw not ready yet
    helpers.go:296: 2026-07-28T05:00:59.688600212Z: Ready condition set to False, expected True
    helpers.go:296: 2026-07-28T05:00:59.688663088Z: Ready was not in conditions list
    helpers.go:299: 2026-07-28T05:00:59.688685229Z: Pod gateway-conformance-infra/coredns-54ccc6678f-zgwtw not ready yet
    helpers.go:296: 2026-07-28T05:00:59.789772533Z: Ready condition set to False, expected True
    helpers.go:296: 2026-07-28T05:00:59.789816374Z: Ready was not in conditions list
    helpers.go:299: 2026-07-28T05:00:59.789830821Z: Pod gateway-conformance-infra/coredns-54ccc6678f-zgwtw not ready yet
    helpers.go:296: 2026-07-28T05:00:59.888945791Z: Ready condition set to False, expected True
    helpers.go:296: 2026-07-28T05:00:59.888990634Z: Ready was not in conditions list
    helpers.go:299: 2026-07-28T05:00:59.889000693Z: Pod gateway-conformance-infra/coredns-54ccc6678f-zgwtw not ready yet
    helpers.go:296: 2026-07-28T05:00:59.973816266Z: Ready condition set to False, expected True
    helpers.go:296: 2026-07-28T05:00:59.973851561Z: Ready was not in conditions list
    helpers.go:299: 2026-07-28T05:00:59.973861429Z: Pod gateway-conformance-infra/coredns-54ccc6678f-zgwtw not ready yet
    helpers.go:296: 2026-07-28T05:01:00.0783471Z: Ready condition set to False, expected True
    helpers.go:296: 2026-07-28T05:01:00.078382806Z: Ready was not in conditions list
    helpers.go:299: 2026-07-28T05:01:00.078392544Z: Pod gateway-conformance-infra/coredns-54ccc6678f-zgwtw not ready yet
    helpers.go:296: 2026-07-28T05:01:00.178354065Z: Ready condition set to False, expected True
    helpers.go:296: 2026-07-28T05:01:00.178397696Z: Ready was not in conditions list
    helpers.go:299: 2026-07-28T05:01:00.178412113Z: Pod gateway-conformance-infra/coredns-54ccc6678f-zgwtw not ready yet
    helpers.go:296: 2026-07-28T05:01:00.279340272Z: Ready condition set to False, expected True
    helpers.go:296: 2026-07-28T05:01:00.279402237Z: Ready was not in conditions list
    helpers.go:299: 2026-07-28T05:01:00.279416113Z: Pod gateway-conformance-infra/coredns-54ccc6678f-zgwtw not ready yet
    helpers.go:296: 2026-07-28T05:01:00.380431173Z: Ready condition set to False, expected True
    helpers.go:296: 2026-07-28T05:01:00.38047289Z: Ready was not in conditions list
    helpers.go:299: 2026-07-28T05:01:00.380492938Z: Pod gateway-conformance-infra/coredns-54ccc6678f-zgwtw not ready yet
    helpers.go:296: 2026-07-28T05:01:00.474783252Z: Ready condition set to False, expected True
    helpers.go:296: 2026-07-28T05:01:00.474833325Z: Ready was not in conditions list
    helpers.go:299: 2026-07-28T05:01:00.474849074Z: Pod gateway-conformance-infra/coredns-54ccc6678f-zgwtw not ready yet
    helpers.go:296: 2026-07-28T05:01:00.576237507Z: Ready condition set to False, expected True
    helpers.go:296: 2026-07-28T05:01:00.576281639Z: Ready was not in conditions list
    helpers.go:299: 2026-07-28T05:01:00.576298079Z: Pod gateway-conformance-infra/coredns-54ccc6678f-zgwtw not ready yet
    helpers.go:296: 2026-07-28T05:01:00.677007493Z: Ready condition set to False, expected True
    helpers.go:296: 2026-07-28T05:01:00.677037088Z: Ready was not in conditions list
    helpers.go:299: 2026-07-28T05:01:00.677046215Z: Pod gateway-conformance-infra/coredns-54ccc6678f-zgwtw not ready yet
    helpers.go:296: 2026-07-28T05:01:00.787450425Z: Ready condition set to False, expected True
    helpers.go:296: 2026-07-28T05:01:00.787503523Z: Ready was not in conditions list
    helpers.go:299: 2026-07-28T05:01:00.787519934Z: Pod gateway-conformance-infra/coredns-54ccc6678f-zgwtw not ready yet
    helpers.go:296: 2026-07-28T05:01:00.879373484Z: Ready condition set to False, expected True
    helpers.go:296: 2026-07-28T05:01:00.879421482Z: Ready was not in conditions list
    helpers.go:299: 2026-07-28T05:01:00.879436821Z: Pod gateway-conformance-infra/coredns-54ccc6678f-zgwtw not ready yet
    helpers.go:296: 2026-07-28T05:01:00.973688093Z: Ready condition set to False, expected True
    helpers.go:296: 2026-07-28T05:01:00.973757612Z: Ready was not in conditions list
    helpers.go:299: 2026-07-28T05:01:00.9737725Z: Pod gateway-conformance-infra/coredns-54ccc6678f-zgwtw not ready yet
    helpers.go:296: 2026-07-28T05:01:01.075692866Z: Ready condition set to False, expected True
    helpers.go:296: 2026-07-28T05:01:01.075756564Z: Ready was not in conditions list
    helpers.go:299: 2026-07-28T05:01:01.075769899Z: Pod gateway-conformance-infra/coredns-54ccc6678f-zgwtw not ready yet
    helpers.go:296: 2026-07-28T05:01:01.176839302Z: Ready condition set to False, expected True
    helpers.go:296: 2026-07-28T05:01:01.176889275Z: Ready was not in conditions list
    helpers.go:299: 2026-07-28T05:01:01.176904123Z: Pod gateway-conformance-infra/coredns-54ccc6678f-zgwtw not ready yet
    helpers.go:296: 2026-07-28T05:01:01.273879142Z: Ready condition set to False, expected True
    helpers.go:296: 2026-07-28T05:01:01.273915749Z: Ready was not in conditions list
    helpers.go:299: 2026-07-28T05:01:01.273925528Z: Pod gateway-conformance-infra/coredns-54ccc6678f-zgwtw not ready yet
    helpers.go:296: 2026-07-28T05:01:01.374526508Z: Ready condition set to False, expected True
    helpers.go:296: 2026-07-28T05:01:01.374572584Z: Ready was not in conditions list
    helpers.go:299: 2026-07-28T05:01:01.374598832Z: Pod gateway-conformance-infra/coredns-54ccc6678f-zgwtw not ready yet
    helpers.go:296: 2026-07-28T05:01:01.476581656Z: Ready condition set to False, expected True
    helpers.go:296: 2026-07-28T05:01:01.476631438Z: Ready was not in conditions list
    helpers.go:299: 2026-07-28T05:01:01.476646647Z: Pod gateway-conformance-infra/coredns-54ccc6678f-zgwtw not ready yet
    helpers.go:296: 2026-07-28T05:01:01.575550306Z: Ready condition set to False, expected True
    helpers.go:296: 2026-07-28T05:01:01.575593847Z: Ready was not in conditions list
    helpers.go:299: 2026-07-28T05:01:01.575609066Z: Pod gateway-conformance-infra/coredns-54ccc6678f-zgwtw not ready yet
    helpers.go:296: 2026-07-28T05:01:01.673476012Z: Ready condition set to False, expected True
    helpers.go:296: 2026-07-28T05:01:01.673515626Z: Ready was not in conditions list
    helpers.go:299: 2026-07-28T05:01:01.673529942Z: Pod gateway-conformance-infra/coredns-54ccc6678f-zgwtw not ready yet
    helpers.go:296: 2026-07-28T05:01:01.782230282Z: Ready condition set to False, expected True
    helpers.go:296: 2026-07-28T05:01:01.782271408Z: Ready was not in conditions list
    helpers.go:299: 2026-07-28T05:01:01.782285324Z: Pod gateway-conformance-infra/coredns-54ccc6678f-zgwtw not ready yet
    helpers.go:296: 2026-07-28T05:01:01.883036341Z: Ready condition set to False, expected True
    helpers.go:296: 2026-07-28T05:01:01.883068842Z: Ready was not in conditions list
    helpers.go:299: 2026-07-28T05:01:01.883077818Z: Pod gateway-conformance-infra/coredns-54ccc6678f-zgwtw not ready yet
    helpers.go:296: 2026-07-28T05:01:01.974190713Z: Ready condition set to False, expected True
    helpers.go:296: 2026-07-28T05:01:01.97423761Z: Ready was not in conditions list
    helpers.go:299: 2026-07-28T05:01:01.974253439Z: Pod gateway-conformance-infra/coredns-54ccc6678f-zgwtw not ready yet
    helpers.go:296: 2026-07-28T05:01:02.076475028Z: Ready condition set to False, expected True
    helpers.go:296: 2026-07-28T05:01:02.076510334Z: Ready was not in conditions list
    helpers.go:299: 2026-07-28T05:01:02.07651926Z: Pod gateway-conformance-infra/coredns-54ccc6678f-zgwtw not ready yet
    helpers.go:296: 2026-07-28T05:01:02.176484904Z: Ready condition set to False, expected True
    helpers.go:296: 2026-07-28T05:01:02.176514329Z: Ready was not in conditions list
    helpers.go:299: 2026-07-28T05:01:02.176523486Z: Pod gateway-conformance-infra/coredns-54ccc6678f-zgwtw not ready yet
    helpers.go:296: 2026-07-28T05:01:02.275659387Z: Ready condition set to False, expected True
    helpers.go:296: 2026-07-28T05:01:02.275700303Z: Ready was not in conditions list
    helpers.go:299: 2026-07-28T05:01:02.275709751Z: Pod gateway-conformance-infra/coredns-54ccc6678f-zgwtw not ready yet
    helpers.go:296: 2026-07-28T05:01:02.375755234Z: Ready condition set to False, expected True
    helpers.go:296: 2026-07-28T05:01:02.37579617Z: Ready was not in conditions list
    helpers.go:299: 2026-07-28T05:01:02.375809705Z: Pod gateway-conformance-infra/coredns-54ccc6678f-zgwtw not ready yet
    helpers.go:296: 2026-07-28T05:01:02.475554965Z: Ready condition set to False, expected True
    helpers.go:296: 2026-07-28T05:01:02.475594719Z: Ready was not in conditions list
    helpers.go:299: 2026-07-28T05:01:02.475612001Z: Pod gateway-conformance-infra/coredns-54ccc6678f-zgwtw not ready yet
    helpers.go:296: 2026-07-28T05:01:02.575566111Z: Ready condition set to False, expected True
    helpers.go:296: 2026-07-28T05:01:02.575604843Z: Ready was not in conditions list
    helpers.go:299: 2026-07-28T05:01:02.575620462Z: Pod gateway-conformance-infra/coredns-54ccc6678f-zgwtw not ready yet
    helpers.go:296: 2026-07-28T05:01:02.675480039Z: Ready condition set to False, expected True
    helpers.go:296: 2026-07-28T05:01:02.675527147Z: Ready was not in conditions list
    helpers.go:299: 2026-07-28T05:01:02.675538207Z: Pod gateway-conformance-infra/coredns-54ccc6678f-zgwtw not ready yet
    helpers.go:304: 2026-07-28T05:01:02.878287083Z: Gateways and Pods in gateway-conformance-infra, gateway-conformance-app-backend, gateway-conformance-web-backend namespaces ready
    suite.go:425: 2026-07-28T05:01:02.878340973Z: Test Setup: Applying base manifests
    apply.go:275: 2026-07-28T05:01:02.882455325Z: Creating gateway-conformance-mesh Namespace
    apply.go:275: 2026-07-28T05:01:02.888132057Z: Creating echo-v1 Deployment
    apply.go:275: 2026-07-28T05:01:02.89468381Z: Creating echo-v1 Service
    apply.go:275: 2026-07-28T05:01:02.906770806Z: Creating echo-v2 Deployment
    apply.go:275: 2026-07-28T05:01:02.926251336Z: Creating echo-v2 Service
    apply.go:275: 2026-07-28T05:01:02.940830908Z: Creating echo Service
    apply.go:275: 2026-07-28T05:01:02.955271162Z: Creating gateway-conformance-mesh-consumer Namespace
    apply.go:275: 2026-07-28T05:01:02.989002072Z: Creating echo-v1 Deployment
    apply.go:294: 2026-07-28T05:01:02.993554199Z: Updating gateway-conformance-mesh Namespace
    apply.go:294: 2026-07-28T05:01:02.999613121Z: Updating echo-v1 Deployment
    apply.go:294: 2026-07-28T05:01:03.006983311Z: Updating echo-v1 Service
    apply.go:294: 2026-07-28T05:01:03.016954199Z: Updating echo-v2 Deployment
    apply.go:294: 2026-07-28T05:01:03.029056741Z: Updating echo-v2 Service
    apply.go:294: 2026-07-28T05:01:03.034106767Z: Updating echo Service
    apply.go:294: 2026-07-28T05:01:03.038188333Z: Updating gateway-conformance-mesh-consumer Namespace
    apply.go:294: 2026-07-28T05:01:03.041488839Z: Updating echo-v1 Deployment
    suite.go:427: 2026-07-28T05:01:03.044627721Z: Test Setup: Ensuring Gateways and Pods from mesh manifests are ready
    helpers.go:444: 2026-07-28T05:01:03.047028697Z: Ready condition set to False, expected True
    helpers.go:444: 2026-07-28T05:01:03.047071787Z: Ready was not in conditions list
    helpers.go:447: 2026-07-28T05:01:03.047086865Z: Pod gateway-conformance-mesh/echo-v1-699dd9bfc7-g5xrx not ready yet
    helpers.go:444: 2026-07-28T05:01:03.149229024Z: Ready condition set to False, expected True
    helpers.go:444: 2026-07-28T05:01:03.149284107Z: Ready was not in conditions list
    helpers.go:447: 2026-07-28T05:01:03.149294075Z: Pod gateway-conformance-mesh/echo-v1-699dd9bfc7-g5xrx not ready yet
    helpers.go:444: 2026-07-28T05:01:03.24992001Z: Ready condition set to False, expected True
    helpers.go:444: 2026-07-28T05:01:03.24996311Z: Ready was not in conditions list
    helpers.go:447: 2026-07-28T05:01:03.249977817Z: Pod gateway-conformance-mesh/echo-v1-699dd9bfc7-g5xrx not ready yet
    helpers.go:444: 2026-07-28T05:01:03.349949493Z: Ready condition set to False, expected True
    helpers.go:444: 2026-07-28T05:01:03.349990479Z: Ready was not in conditions list
    helpers.go:447: 2026-07-28T05:01:03.350006679Z: Pod gateway-conformance-mesh/echo-v1-699dd9bfc7-g5xrx not ready yet
    helpers.go:444: 2026-07-28T05:01:03.44701455Z: Ready condition set to False, expected True
    helpers.go:444: 2026-07-28T05:01:03.447048393Z: Ready was not in conditions list
    helpers.go:447: 2026-07-28T05:01:03.4470581Z: Pod gateway-conformance-mesh/echo-v1-699dd9bfc7-g5xrx not ready yet
    helpers.go:444: 2026-07-28T05:01:03.547587159Z: Ready condition set to False, expected True
    helpers.go:444: 2026-07-28T05:01:03.54761501Z: Ready was not in conditions list
    helpers.go:447: 2026-07-28T05:01:03.547623676Z: Pod gateway-conformance-mesh/echo-v1-699dd9bfc7-g5xrx not ready yet
    helpers.go:444: 2026-07-28T05:01:03.646936746Z: Ready condition set to False, expected True
    helpers.go:444: 2026-07-28T05:01:03.646973815Z: Ready was not in conditions list
    helpers.go:447: 2026-07-28T05:01:03.646991127Z: Pod gateway-conformance-mesh/echo-v1-699dd9bfc7-g5xrx not ready yet
    helpers.go:444: 2026-07-28T05:01:03.748617131Z: Ready condition set to False, expected True
    helpers.go:444: 2026-07-28T05:01:03.748657796Z: Ready was not in conditions list
    helpers.go:447: 2026-07-28T05:01:03.748673035Z: Pod gateway-conformance-mesh/echo-v1-699dd9bfc7-g5xrx not ready yet
    helpers.go:444: 2026-07-28T05:01:03.84796064Z: Ready condition set to False, expected True
    helpers.go:444: 2026-07-28T05:01:03.847999753Z: Ready was not in conditions list
    helpers.go:447: 2026-07-28T05:01:03.848012226Z: Pod gateway-conformance-mesh/echo-v1-699dd9bfc7-g5xrx not ready yet
    helpers.go:444: 2026-07-28T05:01:03.948602625Z: Ready condition set to False, expected True
    helpers.go:444: 2026-07-28T05:01:03.948637309Z: Ready was not in conditions list
    helpers.go:447: 2026-07-28T05:01:03.948653179Z: Pod gateway-conformance-mesh/echo-v1-699dd9bfc7-g5xrx not ready yet
    helpers.go:444: 2026-07-28T05:01:04.046905663Z: Ready condition set to False, expected True
    helpers.go:444: 2026-07-28T05:01:04.046946549Z: Ready was not in conditions list
    helpers.go:447: 2026-07-28T05:01:04.04696328Z: Pod gateway-conformance-mesh/echo-v1-699dd9bfc7-g5xrx not ready yet
    helpers.go:444: 2026-07-28T05:01:04.149139422Z: Ready condition set to False, expected True
    helpers.go:444: 2026-07-28T05:01:04.149180388Z: Ready was not in conditions list
    helpers.go:447: 2026-07-28T05:01:04.149223057Z: Pod gateway-conformance-mesh/echo-v1-699dd9bfc7-g5xrx not ready yet
    helpers.go:444: 2026-07-28T05:01:04.2474873Z: Ready condition set to False, expected True
    helpers.go:444: 2026-07-28T05:01:04.247520272Z: Ready was not in conditions list
    helpers.go:447: 2026-07-28T05:01:04.24753006Z: Pod gateway-conformance-mesh/echo-v1-699dd9bfc7-g5xrx not ready yet
    helpers.go:444: 2026-07-28T05:01:04.346799597Z: Ready condition set to False, expected True
    helpers.go:444: 2026-07-28T05:01:04.346843619Z: Ready was not in conditions list
    helpers.go:447: 2026-07-28T05:01:04.346858747Z: Pod gateway-conformance-mesh/echo-v1-699dd9bfc7-g5xrx not ready yet
    helpers.go:444: 2026-07-28T05:01:04.44735674Z: Ready condition set to False, expected True
    helpers.go:444: 2026-07-28T05:01:04.447394931Z: Ready was not in conditions list
    helpers.go:447: 2026-07-28T05:01:04.447405991Z: Pod gateway-conformance-mesh/echo-v1-699dd9bfc7-g5xrx not ready yet
    helpers.go:444: 2026-07-28T05:01:04.547788183Z: Ready condition set to False, expected True
    helpers.go:444: 2026-07-28T05:01:04.547822567Z: Ready was not in conditions list
    helpers.go:447: 2026-07-28T05:01:04.547831403Z: Pod gateway-conformance-mesh/echo-v1-699dd9bfc7-g5xrx not ready yet
    helpers.go:444: 2026-07-28T05:01:04.648521111Z: Ready condition set to False, expected True
    helpers.go:444: 2026-07-28T05:01:04.64856896Z: Ready was not in conditions list
    helpers.go:447: 2026-07-28T05:01:04.648584028Z: Pod gateway-conformance-mesh/echo-v1-699dd9bfc7-g5xrx not ready yet
    helpers.go:444: 2026-07-28T05:01:04.747042223Z: Ready condition set to False, expected True
    helpers.go:444: 2026-07-28T05:01:04.747075935Z: Ready was not in conditions list
    helpers.go:447: 2026-07-28T05:01:04.747093979Z: Pod gateway-conformance-mesh/echo-v1-699dd9bfc7-g5xrx not ready yet
    helpers.go:444: 2026-07-28T05:01:04.8520225Z: Ready condition set to False, expected True
    helpers.go:444: 2026-07-28T05:01:04.852065159Z: Ready was not in conditions list
    helpers.go:447: 2026-07-28T05:01:04.852079946Z: Pod gateway-conformance-mesh/echo-v1-699dd9bfc7-g5xrx not ready yet
    helpers.go:444: 2026-07-28T05:01:04.948180243Z: Ready condition set to False, expected True
    helpers.go:444: 2026-07-28T05:01:04.948218654Z: Ready was not in conditions list
    helpers.go:447: 2026-07-28T05:01:04.948235225Z: Pod gateway-conformance-mesh/echo-v1-699dd9bfc7-g5xrx not ready yet
    helpers.go:444: 2026-07-28T05:01:05.047525786Z: Ready condition set to False, expected True
    helpers.go:444: 2026-07-28T05:01:05.047559609Z: Ready was not in conditions list
    helpers.go:447: 2026-07-28T05:01:05.047575127Z: Pod gateway-conformance-mesh/echo-v1-699dd9bfc7-g5xrx not ready yet
    helpers.go:444: 2026-07-28T05:01:05.15022942Z: Ready condition set to False, expected True
    helpers.go:444: 2026-07-28T05:01:05.150278271Z: Ready was not in conditions list
    helpers.go:447: 2026-07-28T05:01:05.150294932Z: Pod gateway-conformance-mesh/echo-v1-699dd9bfc7-g5xrx not ready yet
    helpers.go:444: 2026-07-28T05:01:05.247914676Z: Ready condition set to False, expected True
    helpers.go:444: 2026-07-28T05:01:05.247957526Z: Ready was not in conditions list
    helpers.go:447: 2026-07-28T05:01:05.247971271Z: Pod gateway-conformance-mesh/echo-v1-699dd9bfc7-g5xrx not ready yet
    helpers.go:444: 2026-07-28T05:01:05.346955533Z: Ready condition set to False, expected True
    helpers.go:444: 2026-07-28T05:01:05.346999795Z: Ready was not in conditions list
    helpers.go:447: 2026-07-28T05:01:05.347014312Z: Pod gateway-conformance-mesh/echo-v1-699dd9bfc7-g5xrx not ready yet
    helpers.go:444: 2026-07-28T05:01:05.447268969Z: Ready condition set to False, expected True
    helpers.go:444: 2026-07-28T05:01:05.447308313Z: Ready was not in conditions list
    helpers.go:447: 2026-07-28T05:01:05.447322038Z: Pod gateway-conformance-mesh/echo-v1-699dd9bfc7-g5xrx not ready yet
    helpers.go:444: 2026-07-28T05:01:05.548576664Z: Ready condition set to False, expected True
    helpers.go:444: 2026-07-28T05:01:05.548619804Z: Ready was not in conditions list
    helpers.go:447: 2026-07-28T05:01:05.548637607Z: Pod gateway-conformance-mesh/echo-v1-699dd9bfc7-g5xrx not ready yet
    helpers.go:444: 2026-07-28T05:01:05.647143621Z: Ready condition set to False, expected True
    helpers.go:444: 2026-07-28T05:01:05.647190368Z: Ready was not in conditions list
    helpers.go:447: 2026-07-28T05:01:05.647208312Z: Pod gateway-conformance-mesh/echo-v1-699dd9bfc7-g5xrx not ready yet
    helpers.go:444: 2026-07-28T05:01:05.748958974Z: Ready condition set to False, expected True
    helpers.go:444: 2026-07-28T05:01:05.749007955Z: Ready was not in conditions list
    helpers.go:447: 2026-07-28T05:01:05.749020328Z: Pod gateway-conformance-mesh/echo-v1-699dd9bfc7-g5xrx not ready yet
    helpers.go:444: 2026-07-28T05:01:05.847673042Z: Ready condition set to False, expected True
    helpers.go:444: 2026-07-28T05:01:05.847724097Z: Ready was not in conditions list
    helpers.go:447: 2026-07-28T05:01:05.847739997Z: Pod gateway-conformance-mesh/echo-v1-699dd9bfc7-g5xrx not ready yet
    helpers.go:444: 2026-07-28T05:01:05.947263239Z: Ready condition set to False, expected True
    helpers.go:444: 2026-07-28T05:01:05.947296921Z: Ready was not in conditions list
    helpers.go:447: 2026-07-28T05:01:05.94730715Z: Pod gateway-conformance-mesh/echo-v1-699dd9bfc7-g5xrx not ready yet
    helpers.go:444: 2026-07-28T05:01:06.047861106Z: Ready condition set to False, expected True
    helpers.go:444: 2026-07-28T05:01:06.047968185Z: Ready was not in conditions list
    helpers.go:447: 2026-07-28T05:01:06.048006446Z: Pod gateway-conformance-mesh/echo-v1-699dd9bfc7-g5xrx not ready yet
    helpers.go:444: 2026-07-28T05:01:06.147558692Z: Ready condition set to False, expected True
    helpers.go:444: 2026-07-28T05:01:06.147599788Z: Ready was not in conditions list
    helpers.go:447: 2026-07-28T05:01:06.147615006Z: Pod gateway-conformance-mesh/echo-v1-699dd9bfc7-g5xrx not ready yet
    helpers.go:444: 2026-07-28T05:01:06.246936542Z: Ready condition set to False, expected True
    helpers.go:444: 2026-07-28T05:01:06.246978801Z: Ready was not in conditions list
    helpers.go:447: 2026-07-28T05:01:06.24699459Z: Pod gateway-conformance-mesh/echo-v1-699dd9bfc7-g5xrx not ready yet
    helpers.go:444: 2026-07-28T05:01:06.347387524Z: Ready condition set to False, expected True
    helpers.go:444: 2026-07-28T05:01:06.34742803Z: Ready was not in conditions list
    helpers.go:447: 2026-07-28T05:01:06.347445262Z: Pod gateway-conformance-mesh/echo-v1-699dd9bfc7-g5xrx not ready yet
    helpers.go:444: 2026-07-28T05:01:06.448129255Z: Ready condition set to False, expected True
    helpers.go:444: 2026-07-28T05:01:06.448167977Z: Ready was not in conditions list
    helpers.go:447: 2026-07-28T05:01:06.448184969Z: Pod gateway-conformance-mesh/echo-v1-699dd9bfc7-g5xrx not ready yet
    helpers.go:444: 2026-07-28T05:01:06.547937876Z: Ready condition set to False, expected True
    helpers.go:444: 2026-07-28T05:01:06.547981567Z: Ready was not in conditions list
    helpers.go:447: 2026-07-28T05:01:06.547995773Z: Pod gateway-conformance-mesh/echo-v1-699dd9bfc7-g5xrx not ready yet
    helpers.go:444: 2026-07-28T05:01:06.648607668Z: Ready condition set to False, expected True
    helpers.go:444: 2026-07-28T05:01:06.648658864Z: Ready was not in conditions list
    helpers.go:447: 2026-07-28T05:01:06.648672469Z: Pod gateway-conformance-mesh/echo-v1-699dd9bfc7-g5xrx not ready yet
    helpers.go:444: 2026-07-28T05:01:06.749135591Z: Ready condition set to False, expected True
    helpers.go:444: 2026-07-28T05:01:06.749401966Z: Ready was not in conditions list
    helpers.go:447: 2026-07-28T05:01:06.749432973Z: Pod gateway-conformance-mesh/echo-v1-699dd9bfc7-g5xrx not ready yet
    helpers.go:444: 2026-07-28T05:01:06.847795354Z: Ready condition set to False, expected True
    helpers.go:444: 2026-07-28T05:01:06.847882055Z: Ready was not in conditions list
    helpers.go:447: 2026-07-28T05:01:06.847900288Z: Pod gateway-conformance-mesh/echo-v1-699dd9bfc7-g5xrx not ready yet
    helpers.go:444: 2026-07-28T05:01:06.948226769Z: Ready condition set to False, expected True
    helpers.go:444: 2026-07-28T05:01:06.948294365Z: Ready was not in conditions list
    helpers.go:447: 2026-07-28T05:01:06.948309643Z: Pod gateway-conformance-mesh/echo-v1-699dd9bfc7-g5xrx not ready yet
    helpers.go:444: 2026-07-28T05:01:07.04825497Z: Ready condition set to False, expected True
    helpers.go:444: 2026-07-28T05:01:07.048292299Z: Ready was not in conditions list
    helpers.go:447: 2026-07-28T05:01:07.048311134Z: Pod gateway-conformance-mesh/echo-v1-699dd9bfc7-g5xrx not ready yet
    helpers.go:444: 2026-07-28T05:01:07.151913041Z: Ready condition set to False, expected True
    helpers.go:444: 2026-07-28T05:01:07.151959046Z: Ready was not in conditions list
    helpers.go:447: 2026-07-28T05:01:07.152050235Z: Pod gateway-conformance-mesh/echo-v1-699dd9bfc7-g5xrx not ready yet
    helpers.go:444: 2026-07-28T05:01:07.247963366Z: Ready condition set to False, expected True
    helpers.go:444: 2026-07-28T05:01:07.24803054Z: Ready was not in conditions list
    helpers.go:447: 2026-07-28T05:01:07.248047532Z: Pod gateway-conformance-mesh/echo-v1-699dd9bfc7-g5xrx not ready yet
    helpers.go:444: 2026-07-28T05:01:07.347904196Z: Ready condition set to False, expected True
    helpers.go:444: 2026-07-28T05:01:07.347953708Z: Ready was not in conditions list
    helpers.go:447: 2026-07-28T05:01:07.347969276Z: Pod gateway-conformance-mesh/echo-v1-699dd9bfc7-g5xrx not ready yet
    helpers.go:444: 2026-07-28T05:01:07.448295582Z: Ready condition set to False, expected True
    helpers.go:444: 2026-07-28T05:01:07.448443667Z: Ready was not in conditions list
    helpers.go:447: 2026-07-28T05:01:07.448504721Z: Pod gateway-conformance-mesh/echo-v1-699dd9bfc7-g5xrx not ready yet
    helpers.go:444: 2026-07-28T05:01:07.548606868Z: Ready condition set to False, expected True
    helpers.go:444: 2026-07-28T05:01:07.548653184Z: Ready was not in conditions list
    helpers.go:447: 2026-07-28T05:01:07.548684261Z: Pod gateway-conformance-mesh/echo-v1-699dd9bfc7-g5xrx not ready yet
    helpers.go:444: 2026-07-28T05:01:07.647973306Z: Ready condition set to False, expected True
    helpers.go:444: 2026-07-28T05:01:07.648265378Z: Ready was not in conditions list
    helpers.go:447: 2026-07-28T05:01:07.648323065Z: Pod gateway-conformance-mesh/echo-v1-699dd9bfc7-g5xrx not ready yet
    helpers.go:444: 2026-07-28T05:01:07.748278655Z: Ready condition set to False, expected True
    helpers.go:444: 2026-07-28T05:01:07.74845385Z: Ready was not in conditions list
    helpers.go:447: 2026-07-28T05:01:07.748527086Z: Pod gateway-conformance-mesh/echo-v1-699dd9bfc7-g5xrx not ready yet
    helpers.go:444: 2026-07-28T05:01:07.84869707Z: Ready condition set to False, expected True
    helpers.go:444: 2026-07-28T05:01:07.848871985Z: Ready was not in conditions list
    helpers.go:447: 2026-07-28T05:01:07.848888796Z: Pod gateway-conformance-mesh/echo-v1-699dd9bfc7-g5xrx not ready yet
    helpers.go:444: 2026-07-28T05:01:07.948724698Z: Ready condition set to False, expected True
    helpers.go:444: 2026-07-28T05:01:07.948840092Z: Ready was not in conditions list
    helpers.go:447: 2026-07-28T05:01:07.948855902Z: Pod gateway-conformance-mesh/echo-v1-699dd9bfc7-g5xrx not ready yet
    helpers.go:444: 2026-07-28T05:01:08.04937976Z: Ready condition set to False, expected True
    helpers.go:444: 2026-07-28T05:01:08.049421447Z: Ready was not in conditions list
    helpers.go:447: 2026-07-28T05:01:08.049436165Z: Pod gateway-conformance-mesh/echo-v1-699dd9bfc7-g5xrx not ready yet
    helpers.go:444: 2026-07-28T05:01:08.149830033Z: Ready condition set to False, expected True
    helpers.go:444: 2026-07-28T05:01:08.149870088Z: Ready was not in conditions list
    helpers.go:447: 2026-07-28T05:01:08.149879846Z: Pod gateway-conformance-mesh/echo-v1-699dd9bfc7-g5xrx not ready yet
    helpers.go:444: 2026-07-28T05:01:08.250368596Z: Ready condition set to False, expected True
    helpers.go:444: 2026-07-28T05:01:08.250415463Z: Ready was not in conditions list
    helpers.go:447: 2026-07-28T05:01:08.250431182Z: Pod gateway-conformance-mesh/echo-v1-699dd9bfc7-g5xrx not ready yet
    helpers.go:444: 2026-07-28T05:01:08.350682689Z: Ready condition set to False, expected True
    helpers.go:444: 2026-07-28T05:01:08.350755254Z: Ready was not in conditions list
    helpers.go:447: 2026-07-28T05:01:08.350770442Z: Pod gateway-conformance-mesh/echo-v1-699dd9bfc7-g5xrx not ready yet
    helpers.go:444: 2026-07-28T05:01:08.447614664Z: Ready condition set to False, expected True
    helpers.go:444: 2026-07-28T05:01:08.447656622Z: Ready was not in conditions list
    helpers.go:447: 2026-07-28T05:01:08.447670728Z: Pod gateway-conformance-mesh/echo-v1-699dd9bfc7-g5xrx not ready yet
    helpers.go:444: 2026-07-28T05:01:08.54762992Z: Ready condition set to False, expected True
    helpers.go:444: 2026-07-28T05:01:08.547795567Z: Ready was not in conditions list
    helpers.go:447: 2026-07-28T05:01:08.547811367Z: Pod gateway-conformance-mesh/echo-v1-699dd9bfc7-g5xrx not ready yet
    helpers.go:444: 2026-07-28T05:01:08.647339223Z: Ready condition set to False, expected True
    helpers.go:444: 2026-07-28T05:01:08.647373596Z: Ready was not in conditions list
    helpers.go:447: 2026-07-28T05:01:08.647383305Z: Pod gateway-conformance-mesh/echo-v1-699dd9bfc7-g5xrx not ready yet
    helpers.go:444: 2026-07-28T05:01:08.747873322Z: Ready condition set to False, expected True
    helpers.go:444: 2026-07-28T05:01:08.747919057Z: Ready was not in conditions list
    helpers.go:447: 2026-07-28T05:01:08.747932862Z: Pod gateway-conformance-mesh/echo-v1-699dd9bfc7-g5xrx not ready yet
    helpers.go:452: 2026-07-28T05:01:08.854260494Z: Pods in gateway-conformance-mesh, gateway-conformance-mesh-consumer, gateway-conformance-app-backend, gateway-conformance-web-backend namespaces ready
=== RUN   TestGatewayAPIConformance/MeshGRPCRouteWeight
    conformance.go:70: 2026-07-28T05:01:08.854556714Z: Applying tests/mesh/grpcroute-weight.yaml
    apply.go:275: 2026-07-28T05:01:08.859507559Z: Creating mesh-grpc-weighted-backends GRPCRoute
    conformance.go:75: 2026-07-28T05:01:08.863487491Z: Running MeshGRPCRouteWeight, relying on the following features: Mesh-standard, GRPCRoute-standard
=== RUN   TestGatewayAPIConformance/MeshGRPCRouteWeight/Requests_should_have_a_distribution_that_matches_the_weight
    pod.go:70: 2026-07-28T05:01:09.043991641Z: Got resp RawContent:       [0] grpcecho.Echo(count:1  timeout_micros:5000000  url:"grpc://echo:7070"  message:"HelloWorld")
        [0] Latency=2.062789ms
        [0] ActiveRequests=1
        [0 body] RequestHeader=x-request-id:0
        [0 body] RequestHeader=content-type:application/grpc
        [0 body] RequestHeader=user-agent:grpc-go/1.58.3
        [0 body] Host=echo:7070
        [0 body] RequestHeader=:authority:echo:7070
        [0 body] StatusCode=200
        [0 body] ServiceVersion=
        [0 body] ServicePort=7070
        [0 body] IP=10.244.0.33
        [0 body] Proto=GRPC
        [0 body] Echo=HelloWorld
        [0 body] Hostname=echo-v2-7d46bf8884-7fs28
        [0] ResponseHeader=content-type:application/grpc
        
        2026-07-28T05:01:09.038863Z	info	All requests succeeded
        
        ID:               
        Method:           
        Protocol:         GRPC
        Alpn:             
        URL:              
        Version:          
        Port:             7070
        Code:             200
        Host:             echo:7070
        Hostname:         echo-v2-7d46bf8884-7fs28
        Cluster:          
        IP:               10.244.0.33
        Request Headers:  map[:[authority:echo:7070] Content-Type:[application/grpc] User-Agent:[grpc-go/1.58.3] X-Request-Id:[0]]
        Response Headers: map[Content-Type:[application/grpc]]
        
    pod.go:70: 2026-07-28T05:01:09.093810081Z: Got resp RawContent:       [0] grpcecho.Echo(count:1  timeout_micros:5000000  url:"grpc://echo:7070"  message:"HelloWorld")
        [0] Latency=2.263873ms
        [0] ActiveRequests=1
        [0 body] RequestHeader=content-type:application/grpc
        [0 body] RequestHeader=x-request-id:0
        [0 body] Host=echo:7070
        [0 body] RequestHeader=:authority:echo:7070
        [0 body] RequestHeader=user-agent:grpc-go/1.58.3
        [0 body] StatusCode=200
        [0 body] ServiceVersion=
        [0 body] ServicePort=7070
        [0 body] IP=10.244.0.1
        [0 body] Proto=GRPC
        [0 body] Echo=HelloWorld
        [0 body] Hostname=echo-v1-699dd9bfc7-g5xrx
        [0] ResponseHeader=content-type:application/grpc
        
        2026-07-28T05:01:09.090325Z	info	All requests succeeded
        
        ID:               
        Method:           
        Protocol:         GRPC
        Alpn:             
        URL:              
        Version:          
        Port:             7070
        Code:             200
        Host:             echo:7070
        Hostname:         echo-v1-699dd9bfc7-g5xrx
        Cluster:          
        IP:               10.244.0.1
        Request Headers:  map[:[authority:echo:7070] Content-Type:[application/grpc] User-Agent:[grpc-go/1.58.3] X-Request-Id:[0]]
        Response Headers: map[Content-Type:[application/grpc]]
        
    pod.go:70: 2026-07-28T05:01:09.14011347Z: Got resp RawContent:       [0] grpcecho.Echo(count:1  timeout_micros:5000000  url:"grpc://echo:7070"  message:"HelloWorld")
        [0] Latency=1.577518ms
        [0] ActiveRequests=1
        [0 body] Host=echo:7070
        [0 body] RequestHeader=:authority:echo:7070
        [0 body] RequestHeader=user-agent:grpc-go/1.58.3
        [0 body] RequestHeader=x-request-id:0
        [0 body] RequestHeader=content-type:application/grpc
        [0 body] StatusCode=200
        [0 body] ServiceVersion=
        [0 body] ServicePort=7070
        [0 body] IP=10.244.0.33
        [0 body] Proto=GRPC
        [0 body] Echo=HelloWorld
        [0 body] Hostname=echo-v2-7d46bf8884-7fs28
        [0] ResponseHeader=content-type:application/grpc
        
        2026-07-28T05:01:09.136688Z	info	All requests succeeded
        
        ID:               
        Method:           
        Protocol:         GRPC
        Alpn:             
        URL:              
        Version:          
        Port:             7070
        Code:             200
        Host:             echo:7070
        Hostname:         echo-v2-7d46bf8884-7fs28
        Cluster:          
        IP:               10.244.0.33
        Request Headers:  map[:[authority:echo:7070] Content-Type:[application/grpc] User-Agent:[grpc-go/1.58.3] X-Request-Id:[0]]
        Response Headers: map[Content-Type:[application/grpc]]
        
    grpcroute-weight.go:54: 2026-07-28T05:01:09.140216401Z: Request passed
    pod.go:299: 2026-07-28T05:01:09.291162241Z: Processed 500 requests
    grpcroute-weight.go:76: Traffic distribution test failed (1/10): backend "echo-v2" weighted traffic of 1 not within tolerance 0.3 (+/-0.050000)
        expect traffic to hit backend "echo-v1" - but none was received
        expected 2 backends to receive traffic, but got 1
    pod.go:299: 2026-07-28T05:01:09.530147259Z: Processed 500 requests
    grpcroute-weight.go:76: Traffic distribution test failed (2/10): backend "echo-v2" weighted traffic of 1 not within tolerance 0.3 (+/-0.050000)
        expect traffic to hit backend "echo-v1" - but none was received
        expected 2 backends to receive traffic, but got 1
    pod.go:299: 2026-07-28T05:01:09.671115257Z: Processed 500 requests
    grpcroute-weight.go:76: Traffic distribution test failed (3/10): backend "echo-v1" weighted traffic of 1 not within tolerance 0.7 (+/-0.050000)
        expect traffic to hit backend "echo-v2" - but none was received
        expected 2 backends to receive traffic, but got 1
    pod.go:299: 2026-07-28T05:01:09.807608602Z: Processed 500 requests
    grpcroute-weight.go:76: Traffic distribution test failed (4/10): backend "echo-v1" weighted traffic of 1 not within tolerance 0.7 (+/-0.050000)
        expect traffic to hit backend "echo-v2" - but none was received
        expected 2 backends to receive traffic, but got 1
    pod.go:299: 2026-07-28T05:01:09.94968181Z: Processed 500 requests
    grpcroute-weight.go:76: Traffic distribution test failed (5/10): backend "echo-v1" weighted traffic of 1 not within tolerance 0.7 (+/-0.050000)
        expect traffic to hit backend "echo-v2" - but none was received
        expected 2 backends to receive traffic, but got 1
    grpcroute-weight.go:76: Traffic distribution test failed (6/10): error while sending batch request: failed batch gRPC mesh request: batch request failed: command terminated with exit code 1
    pod.go:299: 2026-07-28T05:01:12.236476635Z: Processed 500 requests
=== NAME  TestGatewayAPIConformance/MeshGRPCRouteWeight
    apply.go:283: 2026-07-28T05:01:12.236726659Z: Deleting mesh-grpc-weighted-backends GRPCRoute
=== NAME  TestGatewayAPIConformance
    suite.go:504: 2026-07-28T05:01:12.240849751Z: Sleeping 10s for test isolation
=== RUN   TestGatewayAPIConformance/MeshHTTPRoute303Redirect
    conformance.go:70: 2026-07-28T05:01:22.246581095Z: Applying tests/mesh/httproute-303-redirect.yaml
    apply.go:275: 2026-07-28T05:01:22.252442434Z: Creating mesh-307-redirect HTTPRoute
    apply.go:275: 2026-07-28T05:01:22.258769435Z: Creating mesh-303-redirect HTTPRoute
    conformance.go:75: 2026-07-28T05:01:22.269422007Z: Running MeshHTTPRoute303Redirect, relying on the following features: Mesh-standard, HTTPRoute-standard, HTTPRoute303RedirectStatusCode-standard
=== RUN   TestGatewayAPIConformance/MeshHTTPRoute303Redirect/0_request_to_'/redirect'_should_receive_one_of_[]
=== PAUSE TestGatewayAPIConformance/MeshHTTPRoute303Redirect/0_request_to_'/redirect'_should_receive_one_of_[]
=== CONT  TestGatewayAPIConformance/MeshHTTPRoute303Redirect/0_request_to_'/redirect'_should_receive_one_of_[]
    pod.go:70: 2026-07-28T05:01:22.42651124Z: Got resp RawContent:       [0] Url=http://echo/redirect
        [0] Latency=3.338354ms
        [0] ActiveRequests=1
        [0] StatusCode=200
        [0] ResponseHeader=Content-Length:242
        [0] ResponseHeader=Content-Type:text/plain; charset=utf-8
        [0] ResponseHeader=Date:Tue, 28 Jul 2026 05:01:22 GMT
        [0 body] ServiceVersion=
        [0 body] ServicePort=8080
        [0 body] Host=echo
        [0 body] URL=/redirect
        [0 body] Method=GET
        [0 body] Proto=HTTP/1.1
        [0 body] IP=10.244.0.33
        [0 body] RequestHeader=Accept-Encoding:gzip
        [0 body] RequestHeader=Connection:close
        [0 body] RequestHeader=User-Agent:Go-http-client/1.1
        [0 body] Hostname=echo-v2-7d46bf8884-7fs28
        
        2026-07-28T05:01:22.422306Z	info	All requests succeeded
        
        ID:               
        Method:           GET
        Protocol:         HTTP/1.1
        Alpn:             
        URL:              /redirect
        Version:          
        Port:             8080
        Code:             200
        Host:             echo
        Hostname:         echo-v2-7d46bf8884-7fs28
        Cluster:          
        IP:               10.244.0.33
        Request Headers:  map[Accept-Encoding:[gzip] Connection:[close] User-Agent:[Go-http-client/1.1]]
        Response Headers: map[Content-Length:[242] Content-Type:[text/plain; charset=utf-8] Date:[Tue, 28 Jul 2026 05:01:22 GMT]]
        
    pod.go:72: 2026-07-28T05:01:22.426806058Z: Response expectation failed for request: [client http://echo/redirect]  not ready yet: wanted status code to be one of [303], got 200 (after 2.545µs)
    pod.go:70: 2026-07-28T05:01:23.472400914Z: Got resp RawContent:       [0] Url=http://echo/redirect
        [0] Latency=2.622995ms
        [0] ActiveRequests=1
        [0] StatusCode=303
        [0] ResponseHeader=Content-Length:0
        [0] ResponseHeader=Cross-Origin-Opener-Policy:same-origin
        [0] ResponseHeader=Date:Tue, 28 Jul 2026 05:01:23 GMT
        [0] ResponseHeader=Location:http://echo:24604/redirect
        [0] ResponseHeader=Referrer-Policy:strict-origin-when-cross-origin
        [0] ResponseHeader=X-Content-Type-Options:nosniff
        [0] ResponseHeader=X-Frame-Options:DENY
        [0] ResponseHeader=X-Permitted-Cross-Domain-Policies:none
        
        2026-07-28T05:01:23.469058Z	info	All requests succeeded
        
        ID:               
        Method:           
        Protocol:         
        Alpn:             
        URL:              
        Version:          
        Port:             
        Code:             303
        Host:             
        Hostname:         
        Cluster:          
        IP:               
        Request Headers:  map[]
        Response Headers: map[Content-Length:[0] Cross-Origin-Opener-Policy:[same-origin] Date:[Tue, 28 Jul 2026 05:01:23 GMT] Location:[http://echo:24604/redirect] Referrer-Policy:[strict-origin-when-cross-origin] X-Content-Type-Options:[nosniff] X-Frame-Options:[DENY] X-Permitted-Cross-Domain-Policies:[none]]
        
    pod.go:70: 2026-07-28T05:01:23.532006445Z: Got resp RawContent:       [0] Url=http://echo/redirect
        [0] Latency=2.96828ms
        [0] ActiveRequests=1
        [0] StatusCode=303
        [0] ResponseHeader=Content-Length:0
        [0] ResponseHeader=Cross-Origin-Opener-Policy:same-origin
        [0] ResponseHeader=Date:Tue, 28 Jul 2026 05:01:23 GMT
        [0] ResponseHeader=Location:http://echo:24604/redirect
        [0] ResponseHeader=Referrer-Policy:strict-origin-when-cross-origin
        [0] ResponseHeader=X-Content-Type-Options:nosniff
        [0] ResponseHeader=X-Frame-Options:DENY
        [0] ResponseHeader=X-Permitted-Cross-Domain-Policies:none
        
        2026-07-28T05:01:23.528321Z	info	All requests succeeded
        
        ID:               
        Method:           
        Protocol:         
        Alpn:             
        URL:              
        Version:          
        Port:             
        Code:             303
        Host:             
        Hostname:         
        Cluster:          
        IP:               
        Request Headers:  map[]
        Response Headers: map[Content-Length:[0] Cross-Origin-Opener-Policy:[same-origin] Date:[Tue, 28 Jul 2026 05:01:23 GMT] Location:[http://echo:24604/redirect] Referrer-Policy:[strict-origin-when-cross-origin] X-Content-Type-Options:[nosniff] X-Frame-Options:[DENY] X-Permitted-Cross-Domain-Policies:[none]]
        
    pod.go:70: 2026-07-28T05:01:23.591699767Z: Got resp RawContent:       [0] Url=http://echo/redirect
        [0] Latency=2.635888ms
        [0] ActiveRequests=1
        [0] StatusCode=303
        [0] ResponseHeader=Content-Length:0
        [0] ResponseHeader=Cross-Origin-Opener-Policy:same-origin
        [0] ResponseHeader=Date:Tue, 28 Jul 2026 05:01:23 GMT
        [0] ResponseHeader=Location:http://echo:24604/redirect
        [0] ResponseHeader=Referrer-Policy:strict-origin-when-cross-origin
        [0] ResponseHeader=X-Content-Type-Options:nosniff
        [0] ResponseHeader=X-Frame-Options:DENY
        [0] ResponseHeader=X-Permitted-Cross-Domain-Policies:none
        
        2026-07-28T05:01:23.588239Z	info	All requests succeeded
        
        ID:               
        Method:           
        Protocol:         
        Alpn:             
        URL:              
        Version:          
        Port:             
        Code:             303
        Host:             
        Hostname:         
        Cluster:          
        IP:               
        Request Headers:  map[]
        Response Headers: map[Content-Length:[0] Cross-Origin-Opener-Policy:[same-origin] Date:[Tue, 28 Jul 2026 05:01:23 GMT] Location:[http://echo:24604/redirect] Referrer-Policy:[strict-origin-when-cross-origin] X-Content-Type-Options:[nosniff] X-Frame-Options:[DENY] X-Permitted-Cross-Domain-Policies:[none]]
        
    httproute-303-redirect.go:68: 2026-07-28T05:01:23.591947506Z: Request passed
=== NAME  TestGatewayAPIConformance/MeshHTTPRoute303Redirect
    apply.go:283: 2026-07-28T05:01:23.591996748Z: Deleting mesh-303-redirect HTTPRoute
    apply.go:283: 2026-07-28T05:01:23.59645993Z: Deleting mesh-307-redirect HTTPRoute
=== NAME  TestGatewayAPIConformance
    suite.go:504: 2026-07-28T05:01:23.601555159Z: Sleeping 10s for test isolation
=== RUN   TestGatewayAPIConformance/MeshHTTPRoute307Redirect
    conformance.go:70: 2026-07-28T05:01:33.603214496Z: Applying tests/mesh/httproute-303-redirect.yaml
    apply.go:275: 2026-07-28T05:01:33.608861826Z: Creating mesh-307-redirect HTTPRoute
    apply.go:275: 2026-07-28T05:01:33.618224935Z: Creating mesh-303-redirect HTTPRoute
    conformance.go:75: 2026-07-28T05:01:33.635976958Z: Running MeshHTTPRoute307Redirect, relying on the following features: Mesh-standard, HTTPRoute-standard, HTTPRoute307RedirectStatusCode-standard
=== RUN   TestGatewayAPIConformance/MeshHTTPRoute307Redirect/0_request_to_'/temporary'_should_receive_one_of_[]
=== PAUSE TestGatewayAPIConformance/MeshHTTPRoute307Redirect/0_request_to_'/temporary'_should_receive_one_of_[]
=== CONT  TestGatewayAPIConformance/MeshHTTPRoute307Redirect/0_request_to_'/temporary'_should_receive_one_of_[]
    pod.go:70: 2026-07-28T05:01:33.766451089Z: Got resp RawContent:       [0] Url=http://echo/temporary
        [0] Latency=4.574572ms
        [0] ActiveRequests=1
        [0] StatusCode=200
        [0] ResponseHeader=Content-Length:243
        [0] ResponseHeader=Content-Type:text/plain; charset=utf-8
        [0] ResponseHeader=Date:Tue, 28 Jul 2026 05:01:33 GMT
        [0 body] ServiceVersion=
        [0 body] ServicePort=8080
        [0 body] Host=echo
        [0 body] URL=/temporary
        [0 body] Method=GET
        [0 body] Proto=HTTP/1.1
        [0 body] IP=10.244.0.33
        [0 body] RequestHeader=Accept-Encoding:gzip
        [0 body] RequestHeader=Connection:close
        [0 body] RequestHeader=User-Agent:Go-http-client/1.1
        [0 body] Hostname=echo-v2-7d46bf8884-7fs28
        
        2026-07-28T05:01:33.761878Z	info	All requests succeeded
        
        ID:               
        Method:           GET
        Protocol:         HTTP/1.1
        Alpn:             
        URL:              /temporary
        Version:          
        Port:             8080
        Code:             200
        Host:             echo
        Hostname:         echo-v2-7d46bf8884-7fs28
        Cluster:          
        IP:               10.244.0.33
        Request Headers:  map[Accept-Encoding:[gzip] Connection:[close] User-Agent:[Go-http-client/1.1]]
        Response Headers: map[Content-Length:[243] Content-Type:[text/plain; charset=utf-8] Date:[Tue, 28 Jul 2026 05:01:33 GMT]]
        
    pod.go:72: 2026-07-28T05:01:33.766581771Z: Response expectation failed for request: [client http://echo/temporary]  not ready yet: wanted status code to be one of [307], got 200 (after 2.024µs)
    pod.go:67: 2026-07-28T05:01:36.813713125Z: Request [client http://echo/temporary --method=GET] failed, not ready yet: command terminated with exit code 1 (after 1.122861397s)
    pod.go:70: 2026-07-28T05:01:37.862002762Z: Got resp RawContent:       [0] Url=http://echo/temporary
        [0] Latency=1.597572ms
        [0] ActiveRequests=1
        [0] StatusCode=307
        [0] ResponseHeader=Content-Length:0
        [0] ResponseHeader=Cross-Origin-Opener-Policy:same-origin
        [0] ResponseHeader=Date:Tue, 28 Jul 2026 05:01:37 GMT
        [0] ResponseHeader=Location:http://echo:24604/temporary
        [0] ResponseHeader=Referrer-Policy:strict-origin-when-cross-origin
        [0] ResponseHeader=X-Content-Type-Options:nosniff
        [0] ResponseHeader=X-Frame-Options:DENY
        [0] ResponseHeader=X-Permitted-Cross-Domain-Policies:none
        
        2026-07-28T05:01:37.858495Z	info	All requests succeeded
        
        ID:               
        Method:           
        Protocol:         
        Alpn:             
        URL:              
        Version:          
        Port:             
        Code:             307
        Host:             
        Hostname:         
        Cluster:          
        IP:               
        Request Headers:  map[]
        Response Headers: map[Content-Length:[0] Cross-Origin-Opener-Policy:[same-origin] Date:[Tue, 28 Jul 2026 05:01:37 GMT] Location:[http://echo:24604/temporary] Referrer-Policy:[strict-origin-when-cross-origin] X-Content-Type-Options:[nosniff] X-Frame-Options:[DENY] X-Permitted-Cross-Domain-Policies:[none]]
        
    pod.go:70: 2026-07-28T05:01:37.910617774Z: Got resp RawContent:       [0] Url=http://echo/temporary
        [0] Latency=2.524097ms
        [0] ActiveRequests=1
        [0] StatusCode=307
        [0] ResponseHeader=Content-Length:0
        [0] ResponseHeader=Cross-Origin-Opener-Policy:same-origin
        [0] ResponseHeader=Date:Tue, 28 Jul 2026 05:01:37 GMT
        [0] ResponseHeader=Location:http://echo:24604/temporary
        [0] ResponseHeader=Referrer-Policy:strict-origin-when-cross-origin
        [0] ResponseHeader=X-Content-Type-Options:nosniff
        [0] ResponseHeader=X-Frame-Options:DENY
        [0] ResponseHeader=X-Permitted-Cross-Domain-Policies:none
        
        2026-07-28T05:01:37.906978Z	info	All requests succeeded
        
        ID:               
        Method:           
        Protocol:         
        Alpn:             
        URL:              
        Version:          
        Port:             
        Code:             307
        Host:             
        Hostname:         
        Cluster:          
        IP:               
        Request Headers:  map[]
        Response Headers: map[Content-Length:[0] Cross-Origin-Opener-Policy:[same-origin] Date:[Tue, 28 Jul 2026 05:01:37 GMT] Location:[http://echo:24604/temporary] Referrer-Policy:[strict-origin-when-cross-origin] X-Content-Type-Options:[nosniff] X-Frame-Options:[DENY] X-Permitted-Cross-Domain-Policies:[none]]
        
    pod.go:70: 2026-07-28T05:01:37.962636445Z: Got resp RawContent:       [0] Url=http://echo/temporary
        [0] Latency=1.662638ms
        [0] ActiveRequests=1
        [0] StatusCode=307
        [0] ResponseHeader=Content-Length:0
        [0] ResponseHeader=Cross-Origin-Opener-Policy:same-origin
        [0] ResponseHeader=Date:Tue, 28 Jul 2026 05:01:37 GMT
        [0] ResponseHeader=Location:http://echo:24604/temporary
        [0] ResponseHeader=Referrer-Policy:strict-origin-when-cross-origin
        [0] ResponseHeader=X-Content-Type-Options:nosniff
        [0] ResponseHeader=X-Frame-Options:DENY
        [0] ResponseHeader=X-Permitted-Cross-Domain-Policies:none
        
        2026-07-28T05:01:37.959326Z	info	All requests succeeded
        
        ID:               
        Method:           
        Protocol:         
        Alpn:             
        URL:              
        Version:          
        Port:             
        Code:             307
        Host:             
        Hostname:         
        Cluster:          
        IP:               
        Request Headers:  map[]
        Response Headers: map[Content-Length:[0] Cross-Origin-Opener-Policy:[same-origin] Date:[Tue, 28 Jul 2026 05:01:37 GMT] Location:[http://echo:24604/temporary] Referrer-Policy:[strict-origin-when-cross-origin] X-Content-Type-Options:[nosniff] X-Frame-Options:[DENY] X-Permitted-Cross-Domain-Policies:[none]]
        
    httproute-307-redirect.go:68: 2026-07-28T05:01:37.963154347Z: Request passed
=== NAME  TestGatewayAPIConformance/MeshHTTPRoute307Redirect
    apply.go:283: 2026-07-28T05:01:37.963228014Z: Deleting mesh-303-redirect HTTPRoute
    apply.go:283: 2026-07-28T05:01:37.967303574Z: Deleting mesh-307-redirect HTTPRoute
=== NAME  TestGatewayAPIConformance
    suite.go:504: 2026-07-28T05:01:37.97541486Z: Sleeping 10s for test isolation
=== RUN   TestGatewayAPIConformance/MeshHTTPRoute308Redirect
    conformance.go:70: 2026-07-28T05:01:47.976312134Z: Applying tests/mesh/httproute-308-redirect.yaml
    apply.go:275: 2026-07-28T05:01:47.981924933Z: Creating mesh-308-redirect HTTPRoute
    conformance.go:75: 2026-07-28T05:01:47.986057717Z: Running MeshHTTPRoute308Redirect, relying on the following features: Mesh-standard, HTTPRoute-standard, HTTPRoute308RedirectStatusCode-standard
=== RUN   TestGatewayAPIConformance/MeshHTTPRoute308Redirect/0_request_to_'/permanent'_should_receive_one_of_[]
=== PAUSE TestGatewayAPIConformance/MeshHTTPRoute308Redirect/0_request_to_'/permanent'_should_receive_one_of_[]
=== CONT  TestGatewayAPIConformance/MeshHTTPRoute308Redirect/0_request_to_'/permanent'_should_receive_one_of_[]
    pod.go:70: 2026-07-28T05:01:48.139596017Z: Got resp RawContent:       [0] Url=http://echo/permanent
        [0] Latency=4.119678ms
        [0] ActiveRequests=1
        [0] StatusCode=200
        [0] ResponseHeader=Content-Length:243
        [0] ResponseHeader=Content-Type:text/plain; charset=utf-8
        [0] ResponseHeader=Date:Tue, 28 Jul 2026 05:01:48 GMT
        [0 body] ServiceVersion=
        [0 body] ServicePort=8080
        [0 body] Host=echo
        [0 body] URL=/permanent
        [0 body] Method=GET
        [0 body] Proto=HTTP/1.1
        [0 body] IP=10.244.0.33
        [0 body] RequestHeader=Accept-Encoding:gzip
        [0 body] RequestHeader=Connection:close
        [0 body] RequestHeader=User-Agent:Go-http-client/1.1
        [0 body] Hostname=echo-v2-7d46bf8884-7fs28
        
        2026-07-28T05:01:48.135205Z	info	All requests succeeded
        
        ID:               
        Method:           GET
        Protocol:         HTTP/1.1
        Alpn:             
        URL:              /permanent
        Version:          
        Port:             8080
        Code:             200
        Host:             echo
        Hostname:         echo-v2-7d46bf8884-7fs28
        Cluster:          
        IP:               10.244.0.33
        Request Headers:  map[Accept-Encoding:[gzip] Connection:[close] User-Agent:[Go-http-client/1.1]]
        Response Headers: map[Content-Length:[243] Content-Type:[text/plain; charset=utf-8] Date:[Tue, 28 Jul 2026 05:01:48 GMT]]
        
    pod.go:72: 2026-07-28T05:01:48.139924086Z: Response expectation failed for request: [client http://echo/permanent]  not ready yet: wanted status code to be one of [308], got 200 (after 2.144µs)
    pod.go:67: 2026-07-28T05:01:51.186368483Z: Request [client http://echo/permanent --method=GET] failed, not ready yet: command terminated with exit code 1 (after 1.151399414s)
    pod.go:70: 2026-07-28T05:01:52.231343888Z: Got resp RawContent:       [0] Url=http://echo/permanent
        [0] Latency=2.374841ms
        [0] ActiveRequests=1
        [0] StatusCode=308
        [0] ResponseHeader=Content-Length:0
        [0] ResponseHeader=Cross-Origin-Opener-Policy:same-origin
        [0] ResponseHeader=Date:Tue, 28 Jul 2026 05:01:52 GMT
        [0] ResponseHeader=Location:http://echo:24604/permanent
        [0] ResponseHeader=Referrer-Policy:strict-origin-when-cross-origin
        [0] ResponseHeader=X-Content-Type-Options:nosniff
        [0] ResponseHeader=X-Frame-Options:DENY
        [0] ResponseHeader=X-Permitted-Cross-Domain-Policies:none
        
        2026-07-28T05:01:52.227697Z	info	All requests succeeded
        
        ID:               
        Method:           
        Protocol:         
        Alpn:             
        URL:              
        Version:          
        Port:             
        Code:             308
        Host:             
        Hostname:         
        Cluster:          
        IP:               
        Request Headers:  map[]
        Response Headers: map[Content-Length:[0] Cross-Origin-Opener-Policy:[same-origin] Date:[Tue, 28 Jul 2026 05:01:52 GMT] Location:[http://echo:24604/permanent] Referrer-Policy:[strict-origin-when-cross-origin] X-Content-Type-Options:[nosniff] X-Frame-Options:[DENY] X-Permitted-Cross-Domain-Policies:[none]]
        
    pod.go:70: 2026-07-28T05:01:52.278188327Z: Got resp RawContent:       [0] Url=http://echo/permanent
        [0] Latency=1.651954ms
        [0] ActiveRequests=1
        [0] StatusCode=308
        [0] ResponseHeader=Content-Length:0
        [0] ResponseHeader=Cross-Origin-Opener-Policy:same-origin
        [0] ResponseHeader=Date:Tue, 28 Jul 2026 05:01:52 GMT
        [0] ResponseHeader=Location:http://echo:24604/permanent
        [0] ResponseHeader=Referrer-Policy:strict-origin-when-cross-origin
        [0] ResponseHeader=X-Content-Type-Options:nosniff
        [0] ResponseHeader=X-Frame-Options:DENY
        [0] ResponseHeader=X-Permitted-Cross-Domain-Policies:none
        
        2026-07-28T05:01:52.274474Z	info	All requests succeeded
        
        ID:               
        Method:           
        Protocol:         
        Alpn:             
        URL:              
        Version:          
        Port:             
        Code:             308
        Host:             
        Hostname:         
        Cluster:          
        IP:               
        Request Headers:  map[]
        Response Headers: map[Content-Length:[0] Cross-Origin-Opener-Policy:[same-origin] Date:[Tue, 28 Jul 2026 05:01:52 GMT] Location:[http://echo:24604/permanent] Referrer-Policy:[strict-origin-when-cross-origin] X-Content-Type-Options:[nosniff] X-Frame-Options:[DENY] X-Permitted-Cross-Domain-Policies:[none]]
        
    pod.go:70: 2026-07-28T05:01:52.325738628Z: Got resp RawContent:       [0] Url=http://echo/permanent
        [0] Latency=2.549513ms
        [0] ActiveRequests=1
        [0] StatusCode=308
        [0] ResponseHeader=Content-Length:0
        [0] ResponseHeader=Cross-Origin-Opener-Policy:same-origin
        [0] ResponseHeader=Date:Tue, 28 Jul 2026 05:01:52 GMT
        [0] ResponseHeader=Location:http://echo:24604/permanent
        [0] ResponseHeader=Referrer-Policy:strict-origin-when-cross-origin
        [0] ResponseHeader=X-Content-Type-Options:nosniff
        [0] ResponseHeader=X-Frame-Options:DENY
        [0] ResponseHeader=X-Permitted-Cross-Domain-Policies:none
        
        2026-07-28T05:01:52.322595Z	info	All requests succeeded
        
        ID:               
        Method:           
        Protocol:         
        Alpn:             
        URL:              
        Version:          
        Port:             
        Code:             308
        Host:             
        Hostname:         
        Cluster:          
        IP:               
        Request Headers:  map[]
        Response Headers: map[Content-Length:[0] Cross-Origin-Opener-Policy:[same-origin] Date:[Tue, 28 Jul 2026 05:01:52 GMT] Location:[http://echo:24604/permanent] Referrer-Policy:[strict-origin-when-cross-origin] X-Content-Type-Options:[nosniff] X-Frame-Options:[DENY] X-Permitted-Cross-Domain-Policies:[none]]
        
    httproute-308-redirect.go:68: 2026-07-28T05:01:52.325947836Z: Request passed
=== NAME  TestGatewayAPIConformance/MeshHTTPRoute308Redirect
    apply.go:283: 2026-07-28T05:01:52.325999332Z: Deleting mesh-308-redirect HTTPRoute
=== NAME  TestGatewayAPIConformance
    suite.go:504: 2026-07-28T05:01:52.330082434Z: Sleeping 10s for test isolation
=== RUN   TestGatewayAPIConformance/MeshHTTPRouteMatching
    conformance.go:70: 2026-07-28T05:02:02.334191064Z: Applying tests/mesh/httproute-matching.yaml
    apply.go:275: 2026-07-28T05:02:02.339770585Z: Creating mesh-matching HTTPRoute
    conformance.go:75: 2026-07-28T05:02:02.344266407Z: Running MeshHTTPRouteMatching, relying on the following features: Mesh-standard, HTTPRoute-standard
=== RUN   TestGatewayAPIConformance/MeshHTTPRouteMatching/0_request_to_'/'_should_go_to_echo-v1
=== PAUSE TestGatewayAPIConformance/MeshHTTPRouteMatching/0_request_to_'/'_should_go_to_echo-v1
=== RUN   TestGatewayAPIConformance/MeshHTTPRouteMatching/1_request_to_'/example'_should_go_to_echo-v1
=== PAUSE TestGatewayAPIConformance/MeshHTTPRouteMatching/1_request_to_'/example'_should_go_to_echo-v1
=== RUN   TestGatewayAPIConformance/MeshHTTPRouteMatching/2_request_to_'/'_with_headers_should_go_to_echo-v1
=== PAUSE TestGatewayAPIConformance/MeshHTTPRouteMatching/2_request_to_'/'_with_headers_should_go_to_echo-v1
=== RUN   TestGatewayAPIConformance/MeshHTTPRouteMatching/3_request_to_'/v2'_should_go_to_echo-v2
=== PAUSE TestGatewayAPIConformance/MeshHTTPRouteMatching/3_request_to_'/v2'_should_go_to_echo-v2
=== RUN   TestGatewayAPIConformance/MeshHTTPRouteMatching/4_request_to_'/v2/example'_should_go_to_echo-v2
=== PAUSE TestGatewayAPIConformance/MeshHTTPRouteMatching/4_request_to_'/v2/example'_should_go_to_echo-v2
=== RUN   TestGatewayAPIConformance/MeshHTTPRouteMatching/5_request_to_'/'_with_headers_should_go_to_echo-v2
=== PAUSE TestGatewayAPIConformance/MeshHTTPRouteMatching/5_request_to_'/'_with_headers_should_go_to_echo-v2
=== RUN   TestGatewayAPIConformance/MeshHTTPRouteMatching/6_request_to_'/v2/'_should_go_to_echo-v2
=== PAUSE TestGatewayAPIConformance/MeshHTTPRouteMatching/6_request_to_'/v2/'_should_go_to_echo-v2
=== RUN   TestGatewayAPIConformance/MeshHTTPRouteMatching/7_request_to_'/v2example'_should_go_to_echo-v1
=== PAUSE TestGatewayAPIConformance/MeshHTTPRouteMatching/7_request_to_'/v2example'_should_go_to_echo-v1
=== RUN   TestGatewayAPIConformance/MeshHTTPRouteMatching/8_request_to_'/foo/v2/example'_should_go_to_echo-v1
=== PAUSE TestGatewayAPIConformance/MeshHTTPRouteMatching/8_request_to_'/foo/v2/example'_should_go_to_echo-v1
=== CONT  TestGatewayAPIConformance/MeshHTTPRouteMatching/0_request_to_'/'_should_go_to_echo-v1
=== CONT  TestGatewayAPIConformance/MeshHTTPRouteMatching/5_request_to_'/'_with_headers_should_go_to_echo-v2
=== CONT  TestGatewayAPIConformance/MeshHTTPRouteMatching/3_request_to_'/v2'_should_go_to_echo-v2
=== CONT  TestGatewayAPIConformance/MeshHTTPRouteMatching/4_request_to_'/v2/example'_should_go_to_echo-v2
=== NAME  TestGatewayAPIConformance/MeshHTTPRouteMatching/3_request_to_'/v2'_should_go_to_echo-v2
    pod.go:70: 2026-07-28T05:02:02.502287345Z: Got resp RawContent:       [0] Url=http://echo/v2
        [0] Latency=4.159729ms
        [0] ActiveRequests=1
        [0] StatusCode=200
        [0] ResponseHeader=Content-Length:235
        [0] ResponseHeader=Content-Type:text/plain; charset=utf-8
        [0] ResponseHeader=Date:Tue, 28 Jul 2026 05:02:02 GMT
        [0 body] ServiceVersion=
        [0 body] ServicePort=8080
        [0 body] Host=echo
        [0 body] URL=/v2
        [0 body] Method=GET
        [0 body] Proto=HTTP/1.1
        [0 body] IP=10.244.0.1
        [0 body] RequestHeader=Accept-Encoding:gzip
        [0 body] RequestHeader=Connection:close
        [0 body] RequestHeader=User-Agent:Go-http-client/1.1
        [0 body] Hostname=echo-v1-699dd9bfc7-g5xrx
        
        2026-07-28T05:02:02.496811Z	info	All requests succeeded
        
        ID:               
        Method:           GET
        Protocol:         HTTP/1.1
        Alpn:             
        URL:              /v2
        Version:          
        Port:             8080
        Code:             200
        Host:             echo
        Hostname:         echo-v1-699dd9bfc7-g5xrx
        Cluster:          
        IP:               10.244.0.1
        Request Headers:  map[Accept-Encoding:[gzip] Connection:[close] User-Agent:[Go-http-client/1.1]]
        Response Headers: map[Content-Length:[235] Content-Type:[text/plain; charset=utf-8] Date:[Tue, 28 Jul 2026 05:02:02 GMT]]
        
    pod.go:72: 2026-07-28T05:02:02.503178208Z: Response expectation failed for request: [client http://echo/v2]  not ready yet: expected pod name to start with echo-v2, got echo-v1-699dd9bfc7-g5xrx (after 1.593µs)
=== NAME  TestGatewayAPIConformance/MeshHTTPRouteMatching/5_request_to_'/'_with_headers_should_go_to_echo-v2
    pod.go:70: 2026-07-28T05:02:02.567946105Z: Got resp RawContent:       [0] Url=http://echo/
        [0] Header=Version:two
        [0] Latency=3.913732ms
        [0] ActiveRequests=1
        [0] StatusCode=200
        [0] ResponseHeader=Content-Length:259
        [0] ResponseHeader=Content-Type:text/plain; charset=utf-8
        [0] ResponseHeader=Date:Tue, 28 Jul 2026 05:02:02 GMT
        [0 body] ServiceVersion=
        [0 body] ServicePort=8080
        [0 body] Host=echo
        [0 body] URL=/
        [0 body] Method=GET
        [0 body] Proto=HTTP/1.1
        [0 body] IP=10.244.0.1
        [0 body] RequestHeader=Accept-Encoding:gzip
        [0 body] RequestHeader=Connection:close
        [0 body] RequestHeader=User-Agent:Go-http-client/1.1
        [0 body] RequestHeader=Version:two
        [0 body] Hostname=echo-v1-699dd9bfc7-g5xrx
        
        2026-07-28T05:02:02.562546Z	info	All requests succeeded
        
        ID:               
        Method:           GET
        Protocol:         HTTP/1.1
        Alpn:             
        URL:              /
        Version:          
        Port:             8080
        Code:             200
        Host:             echo
        Hostname:         echo-v1-699dd9bfc7-g5xrx
        Cluster:          
        IP:               10.244.0.1
        Request Headers:  map[Accept-Encoding:[gzip] Connection:[close] User-Agent:[Go-http-client/1.1] Version:[two]]
        Response Headers: map[Content-Length:[259] Content-Type:[text/plain; charset=utf-8] Date:[Tue, 28 Jul 2026 05:02:02 GMT]]
        
    pod.go:72: 2026-07-28T05:02:02.568090223Z: Response expectation failed for request: [client http://echo/ -H Version:two]  not ready yet: expected pod name to start with echo-v2, got echo-v1-699dd9bfc7-g5xrx (after 902ns)
=== NAME  TestGatewayAPIConformance/MeshHTTPRouteMatching/4_request_to_'/v2/example'_should_go_to_echo-v2
    pod.go:70: 2026-07-28T05:02:02.569238033Z: Got resp RawContent:       [0] Url=http://echo/v2/example
        [0] Latency=14.038359ms
        [0] ActiveRequests=1
        [0] StatusCode=200
        [0] ResponseHeader=Content-Length:244
        [0] ResponseHeader=Content-Type:text/plain; charset=utf-8
        [0] ResponseHeader=Date:Tue, 28 Jul 2026 05:02:02 GMT
        [0 body] ServiceVersion=
        [0 body] ServicePort=8080
        [0 body] Host=echo
        [0 body] URL=/v2/example
        [0 body] Method=GET
        [0 body] Proto=HTTP/1.1
        [0 body] IP=10.244.0.33
        [0 body] RequestHeader=Accept-Encoding:gzip
        [0 body] RequestHeader=Connection:close
        [0 body] RequestHeader=User-Agent:Go-http-client/1.1
        [0 body] Hostname=echo-v2-7d46bf8884-7fs28
        
        2026-07-28T05:02:02.561360Z	info	All requests succeeded
        
        ID:               
        Method:           GET
        Protocol:         HTTP/1.1
        Alpn:             
        URL:              /v2/example
        Version:          
        Port:             8080
        Code:             200
        Host:             echo
        Hostname:         echo-v2-7d46bf8884-7fs28
        Cluster:          
        IP:               10.244.0.33
        Request Headers:  map[Accept-Encoding:[gzip] Connection:[close] User-Agent:[Go-http-client/1.1]]
        Response Headers: map[Content-Length:[244] Content-Type:[text/plain; charset=utf-8] Date:[Tue, 28 Jul 2026 05:02:02 GMT]]
        
=== NAME  TestGatewayAPIConformance/MeshHTTPRouteMatching/0_request_to_'/'_should_go_to_echo-v1
    pod.go:70: 2026-07-28T05:02:02.583311931Z: Got resp RawContent:       [0] Url=http://echo/
        [0] Latency=4.965304ms
        [0] ActiveRequests=1
        [0] StatusCode=200
        [0] ResponseHeader=Content-Length:233
        [0] ResponseHeader=Content-Type:text/plain; charset=utf-8
        [0] ResponseHeader=Date:Tue, 28 Jul 2026 05:02:02 GMT
        [0 body] ServiceVersion=
        [0 body] ServicePort=8080
        [0 body] Host=echo
        [0 body] URL=/
        [0 body] Method=GET
        [0 body] Proto=HTTP/1.1
        [0 body] IP=10.244.0.1
        [0 body] RequestHeader=Accept-Encoding:gzip
        [0 body] RequestHeader=Connection:close
        [0 body] RequestHeader=User-Agent:Go-http-client/1.1
        [0 body] Hostname=echo-v1-699dd9bfc7-g5xrx
        
        2026-07-28T05:02:02.578705Z	info	All requests succeeded
        
        ID:               
        Method:           GET
        Protocol:         HTTP/1.1
        Alpn:             
        URL:              /
        Version:          
        Port:             8080
        Code:             200
        Host:             echo
        Hostname:         echo-v1-699dd9bfc7-g5xrx
        Cluster:          
        IP:               10.244.0.1
        Request Headers:  map[Accept-Encoding:[gzip] Connection:[close] User-Agent:[Go-http-client/1.1]]
        Response Headers: map[Content-Length:[233] Content-Type:[text/plain; charset=utf-8] Date:[Tue, 28 Jul 2026 05:02:02 GMT]]
        
=== NAME  TestGatewayAPIConformance/MeshHTTPRouteMatching/4_request_to_'/v2/example'_should_go_to_echo-v2
    pod.go:70: 2026-07-28T05:02:02.632027836Z: Got resp RawContent:       [0] Url=http://echo/v2/example
        [0] Latency=3.385374ms
        [0] ActiveRequests=1
        [0] StatusCode=200
        [0] ResponseHeader=Content-Length:244
        [0] ResponseHeader=Content-Type:text/plain; charset=utf-8
        [0] ResponseHeader=Date:Tue, 28 Jul 2026 05:02:02 GMT
        [0 body] ServiceVersion=
        [0 body] ServicePort=8080
        [0 body] Host=echo
        [0 body] URL=/v2/example
        [0 body] Method=GET
        [0 body] Proto=HTTP/1.1
        [0 body] IP=10.244.0.33
        [0 body] RequestHeader=Accept-Encoding:gzip
        [0 body] RequestHeader=Connection:close
        [0 body] RequestHeader=User-Agent:Go-http-client/1.1
        [0 body] Hostname=echo-v2-7d46bf8884-7fs28
        
        2026-07-28T05:02:02.626844Z	info	All requests succeeded
        
        ID:               
        Method:           GET
        Protocol:         HTTP/1.1
        Alpn:             
        URL:              /v2/example
        Version:          
        Port:             8080
        Code:             200
        Host:             echo
        Hostname:         echo-v2-7d46bf8884-7fs28
        Cluster:          
        IP:               10.244.0.33
        Request Headers:  map[Accept-Encoding:[gzip] Connection:[close] User-Agent:[Go-http-client/1.1]]
        Response Headers: map[Content-Length:[244] Content-Type:[text/plain; charset=utf-8] Date:[Tue, 28 Jul 2026 05:02:02 GMT]]
        
=== NAME  TestGatewayAPIConformance/MeshHTTPRouteMatching/0_request_to_'/'_should_go_to_echo-v1
    pod.go:70: 2026-07-28T05:02:02.646105494Z: Got resp RawContent:       [0] Url=http://echo/
        [0] Latency=3.498824ms
        [0] ActiveRequests=1
        [0] StatusCode=200
        [0] ResponseHeader=Content-Length:234
        [0] ResponseHeader=Content-Type:text/plain; charset=utf-8
        [0] ResponseHeader=Date:Tue, 28 Jul 2026 05:02:02 GMT
        [0 body] ServiceVersion=
        [0 body] ServicePort=8080
        [0 body] Host=echo
        [0 body] URL=/
        [0 body] Method=GET
        [0 body] Proto=HTTP/1.1
        [0 body] IP=10.244.0.33
        [0 body] RequestHeader=Accept-Encoding:gzip
        [0 body] RequestHeader=Connection:close
        [0 body] RequestHeader=User-Agent:Go-http-client/1.1
        [0 body] Hostname=echo-v2-7d46bf8884-7fs28
        
        2026-07-28T05:02:02.641939Z	info	All requests succeeded
        
        ID:               
        Method:           GET
        Protocol:         HTTP/1.1
        Alpn:             
        URL:              /
        Version:          
        Port:             8080
        Code:             200
        Host:             echo
        Hostname:         echo-v2-7d46bf8884-7fs28
        Cluster:          
        IP:               10.244.0.33
        Request Headers:  map[Accept-Encoding:[gzip] Connection:[close] User-Agent:[Go-http-client/1.1]]
        Response Headers: map[Content-Length:[234] Content-Type:[text/plain; charset=utf-8] Date:[Tue, 28 Jul 2026 05:02:02 GMT]]
        
    pod.go:72: 2026-07-28T05:02:02.646264489Z: Response expectation failed for request: [client http://echo/ --method=GET]  not ready yet: expected pod name to start with echo-v1, got echo-v2-7d46bf8884-7fs28 (after 233.59129ms)
=== NAME  TestGatewayAPIConformance/MeshHTTPRouteMatching/4_request_to_'/v2/example'_should_go_to_echo-v2
    pod.go:70: 2026-07-28T05:02:02.710513995Z: Got resp RawContent:       [0] Url=http://echo/v2/example
        [0] Latency=5.225148ms
        [0] ActiveRequests=1
        [0] StatusCode=200
        [0] ResponseHeader=Content-Length:244
        [0] ResponseHeader=Content-Type:text/plain; charset=utf-8
        [0] ResponseHeader=Date:Tue, 28 Jul 2026 05:02:02 GMT
        [0 body] ServiceVersion=
        [0 body] ServicePort=8080
        [0 body] Host=echo
        [0 body] URL=/v2/example
        [0 body] Method=GET
        [0 body] Proto=HTTP/1.1
        [0 body] IP=10.244.0.33
        [0 body] RequestHeader=Accept-Encoding:gzip
        [0 body] RequestHeader=Connection:close
        [0 body] RequestHeader=User-Agent:Go-http-client/1.1
        [0 body] Hostname=echo-v2-7d46bf8884-7fs28
        
        2026-07-28T05:02:02.703701Z	info	All requests succeeded
        
        ID:               
        Method:           GET
        Protocol:         HTTP/1.1
        Alpn:             
        URL:              /v2/example
        Version:          
        Port:             8080
        Code:             200
        Host:             echo
        Hostname:         echo-v2-7d46bf8884-7fs28
        Cluster:          
        IP:               10.244.0.33
        Request Headers:  map[Accept-Encoding:[gzip] Connection:[close] User-Agent:[Go-http-client/1.1]]
        Response Headers: map[Content-Length:[244] Content-Type:[text/plain; charset=utf-8] Date:[Tue, 28 Jul 2026 05:02:02 GMT]]
        
    httproute-matching.go:89: 2026-07-28T05:02:02.711191744Z: Request passed
=== CONT  TestGatewayAPIConformance/MeshHTTPRouteMatching/8_request_to_'/foo/v2/example'_should_go_to_echo-v1
    pod.go:67: 2026-07-28T05:02:04.766068817Z: Request [client http://echo/foo/v2/example] failed, not ready yet: command terminated with exit code 1 (after 2.324µs)
=== NAME  TestGatewayAPIConformance/MeshHTTPRouteMatching/3_request_to_'/v2'_should_go_to_echo-v2
    pod.go:67: 2026-07-28T05:02:05.547670728Z: Request [client http://echo/v2 --method=GET] failed, not ready yet: command terminated with exit code 1 (after 1.153808453s)
=== NAME  TestGatewayAPIConformance/MeshHTTPRouteMatching/5_request_to_'/'_with_headers_should_go_to_echo-v2
    pod.go:67: 2026-07-28T05:02:05.61435828Z: Request [client http://echo/ --method=GET -H Version:two] failed, not ready yet: command terminated with exit code 1 (after 1.219299307s)
=== NAME  TestGatewayAPIConformance/MeshHTTPRouteMatching/0_request_to_'/'_should_go_to_echo-v1
    pod.go:67: 2026-07-28T05:02:05.695198698Z: Request [client http://echo/ --method=GET] failed, not ready yet: command terminated with exit code 1 (after 1.297119565s)
=== NAME  TestGatewayAPIConformance/MeshHTTPRouteMatching/8_request_to_'/foo/v2/example'_should_go_to_echo-v1
    pod.go:70: 2026-07-28T05:02:06.818990677Z: Got resp RawContent:       [0] Url=http://echo/foo/v2/example
        [0] Latency=1.006078413s
        [0] ActiveRequests=1
        [0] StatusCode=200
        [0] ResponseHeader=Content-Length:216
        [0] ResponseHeader=Content-Type:text/plain; charset=utf-8
        [0] ResponseHeader=Cross-Origin-Opener-Policy:same-origin
        [0] ResponseHeader=Date:Tue, 28 Jul 2026 05:02:06 GMT
        [0] ResponseHeader=Referrer-Policy:strict-origin-when-cross-origin
        [0] ResponseHeader=X-Content-Type-Options:nosniff
        [0] ResponseHeader=X-Frame-Options:DENY
        [0] ResponseHeader=X-Permitted-Cross-Domain-Policies:none
        [0 body] ServiceVersion=
        [0 body] ServicePort=8080
        [0 body] Host=echo
        [0 body] URL=/foo/v2/example
        [0 body] Method=GET
        [0 body] Proto=HTTP/1.1
        [0 body] IP=10.244.0.8
        [0 body] RequestHeader=Accept-Encoding:gzip
        [0 body] RequestHeader=User-Agent:Go-http-client/1.1
        [0 body] Hostname=echo-v1-699dd9bfc7-g5xrx
        
        2026-07-28T05:02:06.815373Z	info	All requests succeeded
        
        ID:               
        Method:           GET
        Protocol:         HTTP/1.1
        Alpn:             
        URL:              /foo/v2/example
        Version:          
        Port:             8080
        Code:             200
        Host:             echo
        Hostname:         echo-v1-699dd9bfc7-g5xrx
        Cluster:          
        IP:               10.244.0.8
        Request Headers:  map[Accept-Encoding:[gzip] User-Agent:[Go-http-client/1.1]]
        Response Headers: map[Content-Length:[216] Content-Type:[text/plain; charset=utf-8] Cross-Origin-Opener-Policy:[same-origin] Date:[Tue, 28 Jul 2026 05:02:06 GMT] Referrer-Policy:[strict-origin-when-cross-origin] X-Content-Type-Options:[nosniff] X-Frame-Options:[DENY] X-Permitted-Cross-Domain-Policies:[none]]
        
    pod.go:70: 2026-07-28T05:02:06.86250382Z: Got resp RawContent:       [0] Url=http://echo/foo/v2/example
        [0] Latency=2.705907ms
        [0] ActiveRequests=1
        [0] StatusCode=200
        [0] ResponseHeader=Content-Length:216
        [0] ResponseHeader=Content-Type:text/plain; charset=utf-8
        [0] ResponseHeader=Cross-Origin-Opener-Policy:same-origin
        [0] ResponseHeader=Date:Tue, 28 Jul 2026 05:02:06 GMT
        [0] ResponseHeader=Referrer-Policy:strict-origin-when-cross-origin
        [0] ResponseHeader=X-Content-Type-Options:nosniff
        [0] ResponseHeader=X-Frame-Options:DENY
        [0] ResponseHeader=X-Permitted-Cross-Domain-Policies:none
        [0 body] ServiceVersion=
        [0 body] ServicePort=8080
        [0 body] Host=echo
        [0 body] URL=/foo/v2/example
        [0 body] Method=GET
        [0 body] Proto=HTTP/1.1
        [0 body] IP=10.244.0.8
        [0 body] RequestHeader=Accept-Encoding:gzip
        [0 body] RequestHeader=User-Agent:Go-http-client/1.1
        [0 body] Hostname=echo-v1-699dd9bfc7-g5xrx
        
        2026-07-28T05:02:06.859319Z	info	All requests succeeded
        
        ID:               
        Method:           GET
        Protocol:         HTTP/1.1
        Alpn:             
        URL:              /foo/v2/example
        Version:          
        Port:             8080
        Code:             200
        Host:             echo
        Hostname:         echo-v1-699dd9bfc7-g5xrx
        Cluster:          
        IP:               10.244.0.8
        Request Headers:  map[Accept-Encoding:[gzip] User-Agent:[Go-http-client/1.1]]
        Response Headers: map[Content-Length:[216] Content-Type:[text/plain; charset=utf-8] Cross-Origin-Opener-Policy:[same-origin] Date:[Tue, 28 Jul 2026 05:02:06 GMT] Referrer-Policy:[strict-origin-when-cross-origin] X-Content-Type-Options:[nosniff] X-Frame-Options:[DENY] X-Permitted-Cross-Domain-Policies:[none]]
        
    pod.go:70: 2026-07-28T05:02:06.911577798Z: Got resp RawContent:       [0] Url=http://echo/foo/v2/example
        [0] Latency=2.617522ms
        [0] ActiveRequests=1
        [0] StatusCode=200
        [0] ResponseHeader=Content-Length:216
        [0] ResponseHeader=Content-Type:text/plain; charset=utf-8
        [0] ResponseHeader=Cross-Origin-Opener-Policy:same-origin
        [0] ResponseHeader=Date:Tue, 28 Jul 2026 05:02:06 GMT
        [0] ResponseHeader=Referrer-Policy:strict-origin-when-cross-origin
        [0] ResponseHeader=X-Content-Type-Options:nosniff
        [0] ResponseHeader=X-Frame-Options:DENY
        [0] ResponseHeader=X-Permitted-Cross-Domain-Policies:none
        [0 body] ServiceVersion=
        [0 body] ServicePort=8080
        [0 body] Host=echo
        [0 body] URL=/foo/v2/example
        [0 body] Method=GET
        [0 body] Proto=HTTP/1.1
        [0 body] IP=10.244.0.8
        [0 body] RequestHeader=Accept-Encoding:gzip
        [0 body] RequestHeader=User-Agent:Go-http-client/1.1
        [0 body] Hostname=echo-v1-699dd9bfc7-g5xrx
        
        2026-07-28T05:02:06.908517Z	info	All requests succeeded
        
        ID:               
        Method:           GET
        Protocol:         HTTP/1.1
        Alpn:             
        URL:              /foo/v2/example
        Version:          
        Port:             8080
        Code:             200
        Host:             echo
        Hostname:         echo-v1-699dd9bfc7-g5xrx
        Cluster:          
        IP:               10.244.0.8
        Request Headers:  map[Accept-Encoding:[gzip] User-Agent:[Go-http-client/1.1]]
        Response Headers: map[Content-Length:[216] Content-Type:[text/plain; charset=utf-8] Cross-Origin-Opener-Policy:[same-origin] Date:[Tue, 28 Jul 2026 05:02:06 GMT] Referrer-Policy:[strict-origin-when-cross-origin] X-Content-Type-Options:[nosniff] X-Frame-Options:[DENY] X-Permitted-Cross-Domain-Policies:[none]]
        
    httproute-matching.go:89: 2026-07-28T05:02:06.911702359Z: Request passed
=== CONT  TestGatewayAPIConformance/MeshHTTPRouteMatching/7_request_to_'/v2example'_should_go_to_echo-v1
    pod.go:70: 2026-07-28T05:02:06.962440491Z: Got resp RawContent:       [0] Url=http://echo/v2example
        [0] Latency=2.838153ms
        [0] ActiveRequests=1
        [0] StatusCode=200
        [0] ResponseHeader=Content-Length:211
        [0] ResponseHeader=Content-Type:text/plain; charset=utf-8
        [0] ResponseHeader=Cross-Origin-Opener-Policy:same-origin
        [0] ResponseHeader=Date:Tue, 28 Jul 2026 05:02:06 GMT
        [0] ResponseHeader=Referrer-Policy:strict-origin-when-cross-origin
        [0] ResponseHeader=X-Content-Type-Options:nosniff
        [0] ResponseHeader=X-Frame-Options:DENY
        [0] ResponseHeader=X-Permitted-Cross-Domain-Policies:none
        [0 body] ServiceVersion=
        [0 body] ServicePort=8080
        [0 body] Host=echo
        [0 body] URL=/v2example
        [0 body] Method=GET
        [0 body] Proto=HTTP/1.1
        [0 body] IP=10.244.0.8
        [0 body] RequestHeader=Accept-Encoding:gzip
        [0 body] RequestHeader=User-Agent:Go-http-client/1.1
        [0 body] Hostname=echo-v1-699dd9bfc7-g5xrx
        
        2026-07-28T05:02:06.958757Z	info	All requests succeeded
        
        ID:               
        Method:           GET
        Protocol:         HTTP/1.1
        Alpn:             
        URL:              /v2example
        Version:          
        Port:             8080
        Code:             200
        Host:             echo
        Hostname:         echo-v1-699dd9bfc7-g5xrx
        Cluster:          
        IP:               10.244.0.8
        Request Headers:  map[Accept-Encoding:[gzip] User-Agent:[Go-http-client/1.1]]
        Response Headers: map[Content-Length:[211] Content-Type:[text/plain; charset=utf-8] Cross-Origin-Opener-Policy:[same-origin] Date:[Tue, 28 Jul 2026 05:02:06 GMT] Referrer-Policy:[strict-origin-when-cross-origin] X-Content-Type-Options:[nosniff] X-Frame-Options:[DENY] X-Permitted-Cross-Domain-Policies:[none]]
        
    pod.go:70: 2026-07-28T05:02:07.009438131Z: Got resp RawContent:       [0] Url=http://echo/v2example
        [0] Latency=2.555296ms
        [0] ActiveRequests=1
        [0] StatusCode=200
        [0] ResponseHeader=Content-Length:211
        [0] ResponseHeader=Content-Type:text/plain; charset=utf-8
        [0] ResponseHeader=Cross-Origin-Opener-Policy:same-origin
        [0] ResponseHeader=Date:Tue, 28 Jul 2026 05:02:07 GMT
        [0] ResponseHeader=Referrer-Policy:strict-origin-when-cross-origin
        [0] ResponseHeader=X-Content-Type-Options:nosniff
        [0] ResponseHeader=X-Frame-Options:DENY
        [0] ResponseHeader=X-Permitted-Cross-Domain-Policies:none
        [0 body] ServiceVersion=
        [0 body] ServicePort=8080
        [0 body] Host=echo
        [0 body] URL=/v2example
        [0 body] Method=GET
        [0 body] Proto=HTTP/1.1
        [0 body] IP=10.244.0.8
        [0 body] RequestHeader=Accept-Encoding:gzip
        [0 body] RequestHeader=User-Agent:Go-http-client/1.1
        [0 body] Hostname=echo-v1-699dd9bfc7-g5xrx
        
        2026-07-28T05:02:07.006216Z	info	All requests succeeded
        
        ID:               
        Method:           GET
        Protocol:         HTTP/1.1
        Alpn:             
        URL:              /v2example
        Version:          
        Port:             8080
        Code:             200
        Host:             echo
        Hostname:         echo-v1-699dd9bfc7-g5xrx
        Cluster:          
        IP:               10.244.0.8
        Request Headers:  map[Accept-Encoding:[gzip] User-Agent:[Go-http-client/1.1]]
        Response Headers: map[Content-Length:[211] Content-Type:[text/plain; charset=utf-8] Cross-Origin-Opener-Policy:[same-origin] Date:[Tue, 28 Jul 2026 05:02:07 GMT] Referrer-Policy:[strict-origin-when-cross-origin] X-Content-Type-Options:[nosniff] X-Frame-Options:[DENY] X-Permitted-Cross-Domain-Policies:[none]]
        
    pod.go:70: 2026-07-28T05:02:07.055767126Z: Got resp RawContent:       [0] Url=http://echo/v2example
        [0] Latency=3.191744ms
        [0] ActiveRequests=1
        [0] StatusCode=200
        [0] ResponseHeader=Content-Length:211
        [0] ResponseHeader=Content-Type:text/plain; charset=utf-8
        [0] ResponseHeader=Cross-Origin-Opener-Policy:same-origin
        [0] ResponseHeader=Date:Tue, 28 Jul 2026 05:02:07 GMT
        [0] ResponseHeader=Referrer-Policy:strict-origin-when-cross-origin
        [0] ResponseHeader=X-Content-Type-Options:nosniff
        [0] ResponseHeader=X-Frame-Options:DENY
        [0] ResponseHeader=X-Permitted-Cross-Domain-Policies:none
        [0 body] ServiceVersion=
        [0 body] ServicePort=8080
        [0 body] Host=echo
        [0 body] URL=/v2example
        [0 body] Method=GET
        [0 body] Proto=HTTP/1.1
        [0 body] IP=10.244.0.8
        [0 body] RequestHeader=Accept-Encoding:gzip
        [0 body] RequestHeader=User-Agent:Go-http-client/1.1
        [0 body] Hostname=echo-v1-699dd9bfc7-g5xrx
        
        2026-07-28T05:02:07.052299Z	info	All requests succeeded
        
        ID:               
        Method:           GET
        Protocol:         HTTP/1.1
        Alpn:             
        URL:              /v2example
        Version:          
        Port:             8080
        Code:             200
        Host:             echo
        Hostname:         echo-v1-699dd9bfc7-g5xrx
        Cluster:          
        IP:               10.244.0.8
        Request Headers:  map[Accept-Encoding:[gzip] User-Agent:[Go-http-client/1.1]]
        Response Headers: map[Content-Length:[211] Content-Type:[text/plain; charset=utf-8] Cross-Origin-Opener-Policy:[same-origin] Date:[Tue, 28 Jul 2026 05:02:07 GMT] Referrer-Policy:[strict-origin-when-cross-origin] X-Content-Type-Options:[nosniff] X-Frame-Options:[DENY] X-Permitted-Cross-Domain-Policies:[none]]
        
    httproute-matching.go:89: 2026-07-28T05:02:07.055949825Z: Request passed
=== CONT  TestGatewayAPIConformance/MeshHTTPRouteMatching/6_request_to_'/v2/'_should_go_to_echo-v2
    pod.go:70: 2026-07-28T05:02:07.102026134Z: Got resp RawContent:       [0] Url=http://echo/v2/
        [0] Latency=2.247321ms
        [0] ActiveRequests=1
        [0] StatusCode=200
        [0] ResponseHeader=Content-Length:205
        [0] ResponseHeader=Content-Type:text/plain; charset=utf-8
        [0] ResponseHeader=Cross-Origin-Opener-Policy:same-origin
        [0] ResponseHeader=Date:Tue, 28 Jul 2026 05:02:07 GMT
        [0] ResponseHeader=Referrer-Policy:strict-origin-when-cross-origin
        [0] ResponseHeader=X-Content-Type-Options:nosniff
        [0] ResponseHeader=X-Frame-Options:DENY
        [0] ResponseHeader=X-Permitted-Cross-Domain-Policies:none
        [0 body] ServiceVersion=
        [0 body] ServicePort=8080
        [0 body] Host=echo
        [0 body] URL=/v2/
        [0 body] Method=GET
        [0 body] Proto=HTTP/1.1
        [0 body] IP=10.244.0.8
        [0 body] RequestHeader=Accept-Encoding:gzip
        [0 body] RequestHeader=User-Agent:Go-http-client/1.1
        [0 body] Hostname=echo-v2-7d46bf8884-7fs28
        
        2026-07-28T05:02:07.098881Z	info	All requests succeeded
        
        ID:               
        Method:           GET
        Protocol:         HTTP/1.1
        Alpn:             
        URL:              /v2/
        Version:          
        Port:             8080
        Code:             200
        Host:             echo
        Hostname:         echo-v2-7d46bf8884-7fs28
        Cluster:          
        IP:               10.244.0.8
        Request Headers:  map[Accept-Encoding:[gzip] User-Agent:[Go-http-client/1.1]]
        Response Headers: map[Content-Length:[205] Content-Type:[text/plain; charset=utf-8] Cross-Origin-Opener-Policy:[same-origin] Date:[Tue, 28 Jul 2026 05:02:07 GMT] Referrer-Policy:[strict-origin-when-cross-origin] X-Content-Type-Options:[nosniff] X-Frame-Options:[DENY] X-Permitted-Cross-Domain-Policies:[none]]
        
    pod.go:70: 2026-07-28T05:02:07.152594181Z: Got resp RawContent:       [0] Url=http://echo/v2/
        [0] Latency=2.715214ms
        [0] ActiveRequests=1
        [0] StatusCode=200
        [0] ResponseHeader=Content-Length:205
        [0] ResponseHeader=Content-Type:text/plain; charset=utf-8
        [0] ResponseHeader=Cross-Origin-Opener-Policy:same-origin
        [0] ResponseHeader=Date:Tue, 28 Jul 2026 05:02:07 GMT
        [0] ResponseHeader=Referrer-Policy:strict-origin-when-cross-origin
        [0] ResponseHeader=X-Content-Type-Options:nosniff
        [0] ResponseHeader=X-Frame-Options:DENY
        [0] ResponseHeader=X-Permitted-Cross-Domain-Policies:none
        [0 body] ServiceVersion=
        [0 body] ServicePort=8080
        [0 body] Host=echo
        [0 body] URL=/v2/
        [0 body] Method=GET
        [0 body] Proto=HTTP/1.1
        [0 body] IP=10.244.0.8
        [0 body] RequestHeader=Accept-Encoding:gzip
        [0 body] RequestHeader=User-Agent:Go-http-client/1.1
        [0 body] Hostname=echo-v2-7d46bf8884-7fs28
        
        2026-07-28T05:02:07.148443Z	info	All requests succeeded
        
        ID:               
        Method:           GET
        Protocol:         HTTP/1.1
        Alpn:             
        URL:              /v2/
        Version:          
        Port:             8080
        Code:             200
        Host:             echo
        Hostname:         echo-v2-7d46bf8884-7fs28
        Cluster:          
        IP:               10.244.0.8
        Request Headers:  map[Accept-Encoding:[gzip] User-Agent:[Go-http-client/1.1]]
        Response Headers: map[Content-Length:[205] Content-Type:[text/plain; charset=utf-8] Cross-Origin-Opener-Policy:[same-origin] Date:[Tue, 28 Jul 2026 05:02:07 GMT] Referrer-Policy:[strict-origin-when-cross-origin] X-Content-Type-Options:[nosniff] X-Frame-Options:[DENY] X-Permitted-Cross-Domain-Policies:[none]]
        
    pod.go:70: 2026-07-28T05:02:07.200785489Z: Got resp RawContent:       [0] Url=http://echo/v2/
        [0] Latency=2.002061ms
        [0] ActiveRequests=1
        [0] StatusCode=200
        [0] ResponseHeader=Content-Length:205
        [0] ResponseHeader=Content-Type:text/plain; charset=utf-8
        [0] ResponseHeader=Cross-Origin-Opener-Policy:same-origin
        [0] ResponseHeader=Date:Tue, 28 Jul 2026 05:02:07 GMT
        [0] ResponseHeader=Referrer-Policy:strict-origin-when-cross-origin
        [0] ResponseHeader=X-Content-Type-Options:nosniff
        [0] ResponseHeader=X-Frame-Options:DENY
        [0] ResponseHeader=X-Permitted-Cross-Domain-Policies:none
        [0 body] ServiceVersion=
        [0 body] ServicePort=8080
        [0 body] Host=echo
        [0 body] URL=/v2/
        [0 body] Method=GET
        [0 body] Proto=HTTP/1.1
        [0 body] IP=10.244.0.8
        [0 body] RequestHeader=Accept-Encoding:gzip
        [0 body] RequestHeader=User-Agent:Go-http-client/1.1
        [0 body] Hostname=echo-v2-7d46bf8884-7fs28
        
        2026-07-28T05:02:07.197464Z	info	All requests succeeded
        
        ID:               
        Method:           GET
        Protocol:         HTTP/1.1
        Alpn:             
        URL:              /v2/
        Version:          
        Port:             8080
        Code:             200
        Host:             echo
        Hostname:         echo-v2-7d46bf8884-7fs28
        Cluster:          
        IP:               10.244.0.8
        Request Headers:  map[Accept-Encoding:[gzip] User-Agent:[Go-http-client/1.1]]
        Response Headers: map[Content-Length:[205] Content-Type:[text/plain; charset=utf-8] Cross-Origin-Opener-Policy:[same-origin] Date:[Tue, 28 Jul 2026 05:02:07 GMT] Referrer-Policy:[strict-origin-when-cross-origin] X-Content-Type-Options:[nosniff] X-Frame-Options:[DENY] X-Permitted-Cross-Domain-Policies:[none]]
        
    httproute-matching.go:89: 2026-07-28T05:02:07.200927192Z: Request passed
=== CONT  TestGatewayAPIConformance/MeshHTTPRouteMatching/2_request_to_'/'_with_headers_should_go_to_echo-v1
    pod.go:70: 2026-07-28T05:02:07.24856233Z: Got resp RawContent:       [0] Url=http://echo/
        [0] Header=Version:one
        [0] Latency=1.901028ms
        [0] ActiveRequests=1
        [0] StatusCode=200
        [0] ResponseHeader=Content-Length:228
        [0] ResponseHeader=Content-Type:text/plain; charset=utf-8
        [0] ResponseHeader=Cross-Origin-Opener-Policy:same-origin
        [0] ResponseHeader=Date:Tue, 28 Jul 2026 05:02:07 GMT
        [0] ResponseHeader=Referrer-Policy:strict-origin-when-cross-origin
        [0] ResponseHeader=X-Content-Type-Options:nosniff
        [0] ResponseHeader=X-Frame-Options:DENY
        [0] ResponseHeader=X-Permitted-Cross-Domain-Policies:none
        [0 body] ServiceVersion=
        [0 body] ServicePort=8080
        [0 body] Host=echo
        [0 body] URL=/
        [0 body] Method=GET
        [0 body] Proto=HTTP/1.1
        [0 body] IP=10.244.0.8
        [0 body] RequestHeader=Accept-Encoding:gzip
        [0 body] RequestHeader=User-Agent:Go-http-client/1.1
        [0 body] RequestHeader=Version:one
        [0 body] Hostname=echo-v1-699dd9bfc7-g5xrx
        
        2026-07-28T05:02:07.245307Z	info	All requests succeeded
        
        ID:               
        Method:           GET
        Protocol:         HTTP/1.1
        Alpn:             
        URL:              /
        Version:          
        Port:             8080
        Code:             200
        Host:             echo
        Hostname:         echo-v1-699dd9bfc7-g5xrx
        Cluster:          
        IP:               10.244.0.8
        Request Headers:  map[Accept-Encoding:[gzip] User-Agent:[Go-http-client/1.1] Version:[one]]
        Response Headers: map[Content-Length:[228] Content-Type:[text/plain; charset=utf-8] Cross-Origin-Opener-Policy:[same-origin] Date:[Tue, 28 Jul 2026 05:02:07 GMT] Referrer-Policy:[strict-origin-when-cross-origin] X-Content-Type-Options:[nosniff] X-Frame-Options:[DENY] X-Permitted-Cross-Domain-Policies:[none]]
        
    pod.go:70: 2026-07-28T05:02:07.297569193Z: Got resp RawContent:       [0] Url=http://echo/
        [0] Header=Version:one
        [0] Latency=2.463906ms
        [0] ActiveRequests=1
        [0] StatusCode=200
        [0] ResponseHeader=Content-Length:228
        [0] ResponseHeader=Content-Type:text/plain; charset=utf-8
        [0] ResponseHeader=Cross-Origin-Opener-Policy:same-origin
        [0] ResponseHeader=Date:Tue, 28 Jul 2026 05:02:07 GMT
        [0] ResponseHeader=Referrer-Policy:strict-origin-when-cross-origin
        [0] ResponseHeader=X-Content-Type-Options:nosniff
        [0] ResponseHeader=X-Frame-Options:DENY
        [0] ResponseHeader=X-Permitted-Cross-Domain-Policies:none
        [0 body] ServiceVersion=
        [0 body] ServicePort=8080
        [0 body] Host=echo
        [0 body] URL=/
        [0 body] Method=GET
        [0 body] Proto=HTTP/1.1
        [0 body] IP=10.244.0.8
        [0 body] RequestHeader=Accept-Encoding:gzip
        [0 body] RequestHeader=User-Agent:Go-http-client/1.1
        [0 body] RequestHeader=Version:one
        [0 body] Hostname=echo-v1-699dd9bfc7-g5xrx
        
        2026-07-28T05:02:07.294555Z	info	All requests succeeded
        
        ID:               
        Method:           GET
        Protocol:         HTTP/1.1
        Alpn:             
        URL:              /
        Version:          
        Port:             8080
        Code:             200
        Host:             echo
        Hostname:         echo-v1-699dd9bfc7-g5xrx
        Cluster:          
        IP:               10.244.0.8
        Request Headers:  map[Accept-Encoding:[gzip] User-Agent:[Go-http-client/1.1] Version:[one]]
        Response Headers: map[Content-Length:[228] Content-Type:[text/plain; charset=utf-8] Cross-Origin-Opener-Policy:[same-origin] Date:[Tue, 28 Jul 2026 05:02:07 GMT] Referrer-Policy:[strict-origin-when-cross-origin] X-Content-Type-Options:[nosniff] X-Frame-Options:[DENY] X-Permitted-Cross-Domain-Policies:[none]]
        
    pod.go:70: 2026-07-28T05:02:07.34219815Z: Got resp RawContent:       [0] Url=http://echo/
        [0] Header=Version:one
        [0] Latency=2.499332ms
        [0] ActiveRequests=1
        [0] StatusCode=200
        [0] ResponseHeader=Content-Length:228
        [0] ResponseHeader=Content-Type:text/plain; charset=utf-8
        [0] ResponseHeader=Cross-Origin-Opener-Policy:same-origin
        [0] ResponseHeader=Date:Tue, 28 Jul 2026 05:02:07 GMT
        [0] ResponseHeader=Referrer-Policy:strict-origin-when-cross-origin
        [0] ResponseHeader=X-Content-Type-Options:nosniff
        [0] ResponseHeader=X-Frame-Options:DENY
        [0] ResponseHeader=X-Permitted-Cross-Domain-Policies:none
        [0 body] ServiceVersion=
        [0 body] ServicePort=8080
        [0 body] Host=echo
        [0 body] URL=/
        [0 body] Method=GET
        [0 body] Proto=HTTP/1.1
        [0 body] IP=10.244.0.8
        [0 body] RequestHeader=Accept-Encoding:gzip
        [0 body] RequestHeader=User-Agent:Go-http-client/1.1
        [0 body] RequestHeader=Version:one
        [0 body] Hostname=echo-v1-699dd9bfc7-g5xrx
        
        2026-07-28T05:02:07.338658Z	info	All requests succeeded
        
        ID:               
        Method:           GET
        Protocol:         HTTP/1.1
        Alpn:             
        URL:              /
        Version:          
        Port:             8080
        Code:             200
        Host:             echo
        Hostname:         echo-v1-699dd9bfc7-g5xrx
        Cluster:          
        IP:               10.244.0.8
        Request Headers:  map[Accept-Encoding:[gzip] User-Agent:[Go-http-client/1.1] Version:[one]]
        Response Headers: map[Content-Length:[228] Content-Type:[text/plain; charset=utf-8] Cross-Origin-Opener-Policy:[same-origin] Date:[Tue, 28 Jul 2026 05:02:07 GMT] Referrer-Policy:[strict-origin-when-cross-origin] X-Content-Type-Options:[nosniff] X-Frame-Options:[DENY] X-Permitted-Cross-Domain-Policies:[none]]
        
    httproute-matching.go:89: 2026-07-28T05:02:07.342320638Z: Request passed
=== CONT  TestGatewayAPIConformance/MeshHTTPRouteMatching/1_request_to_'/example'_should_go_to_echo-v1
    pod.go:70: 2026-07-28T05:02:07.389076508Z: Got resp RawContent:       [0] Url=http://echo/example
        [0] Latency=2.322438ms
        [0] ActiveRequests=1
        [0] StatusCode=200
        [0] ResponseHeader=Content-Length:209
        [0] ResponseHeader=Content-Type:text/plain; charset=utf-8
        [0] ResponseHeader=Cross-Origin-Opener-Policy:same-origin
        [0] ResponseHeader=Date:Tue, 28 Jul 2026 05:02:07 GMT
        [0] ResponseHeader=Referrer-Policy:strict-origin-when-cross-origin
        [0] ResponseHeader=X-Content-Type-Options:nosniff
        [0] ResponseHeader=X-Frame-Options:DENY
        [0] ResponseHeader=X-Permitted-Cross-Domain-Policies:none
        [0 body] ServiceVersion=
        [0 body] ServicePort=8080
        [0 body] Host=echo
        [0 body] URL=/example
        [0 body] Method=GET
        [0 body] Proto=HTTP/1.1
        [0 body] IP=10.244.0.8
        [0 body] RequestHeader=Accept-Encoding:gzip
        [0 body] RequestHeader=User-Agent:Go-http-client/1.1
        [0 body] Hostname=echo-v1-699dd9bfc7-g5xrx
        
        2026-07-28T05:02:07.385553Z	info	All requests succeeded
        
        ID:               
        Method:           GET
        Protocol:         HTTP/1.1
        Alpn:             
        URL:              /example
        Version:          
        Port:             8080
        Code:             200
        Host:             echo
        Hostname:         echo-v1-699dd9bfc7-g5xrx
        Cluster:          
        IP:               10.244.0.8
        Request Headers:  map[Accept-Encoding:[gzip] User-Agent:[Go-http-client/1.1]]
        Response Headers: map[Content-Length:[209] Content-Type:[text/plain; charset=utf-8] Cross-Origin-Opener-Policy:[same-origin] Date:[Tue, 28 Jul 2026 05:02:07 GMT] Referrer-Policy:[strict-origin-when-cross-origin] X-Content-Type-Options:[nosniff] X-Frame-Options:[DENY] X-Permitted-Cross-Domain-Policies:[none]]
        
    pod.go:70: 2026-07-28T05:02:07.436446706Z: Got resp RawContent:       [0] Url=http://echo/example
        [0] Latency=2.761035ms
        [0] ActiveRequests=1
        [0] StatusCode=200
        [0] ResponseHeader=Content-Length:209
        [0] ResponseHeader=Content-Type:text/plain; charset=utf-8
        [0] ResponseHeader=Cross-Origin-Opener-Policy:same-origin
        [0] ResponseHeader=Date:Tue, 28 Jul 2026 05:02:07 GMT
        [0] ResponseHeader=Referrer-Policy:strict-origin-when-cross-origin
        [0] ResponseHeader=X-Content-Type-Options:nosniff
        [0] ResponseHeader=X-Frame-Options:DENY
        [0] ResponseHeader=X-Permitted-Cross-Domain-Policies:none
        [0 body] ServiceVersion=
        [0 body] ServicePort=8080
        [0 body] Host=echo
        [0 body] URL=/example
        [0 body] Method=GET
        [0 body] Proto=HTTP/1.1
        [0 body] IP=10.244.0.8
        [0 body] RequestHeader=Accept-Encoding:gzip
        [0 body] RequestHeader=User-Agent:Go-http-client/1.1
        [0 body] Hostname=echo-v1-699dd9bfc7-g5xrx
        
        2026-07-28T05:02:07.432849Z	info	All requests succeeded
        
        ID:               
        Method:           GET
        Protocol:         HTTP/1.1
        Alpn:             
        URL:              /example
        Version:          
        Port:             8080
        Code:             200
        Host:             echo
        Hostname:         echo-v1-699dd9bfc7-g5xrx
        Cluster:          
        IP:               10.244.0.8
        Request Headers:  map[Accept-Encoding:[gzip] User-Agent:[Go-http-client/1.1]]
        Response Headers: map[Content-Length:[209] Content-Type:[text/plain; charset=utf-8] Cross-Origin-Opener-Policy:[same-origin] Date:[Tue, 28 Jul 2026 05:02:07 GMT] Referrer-Policy:[strict-origin-when-cross-origin] X-Content-Type-Options:[nosniff] X-Frame-Options:[DENY] X-Permitted-Cross-Domain-Policies:[none]]
        
    pod.go:70: 2026-07-28T05:02:07.483937384Z: Got resp RawContent:       [0] Url=http://echo/example
        [0] Latency=2.53069ms
        [0] ActiveRequests=1
        [0] StatusCode=200
        [0] ResponseHeader=Content-Length:209
        [0] ResponseHeader=Content-Type:text/plain; charset=utf-8
        [0] ResponseHeader=Cross-Origin-Opener-Policy:same-origin
        [0] ResponseHeader=Date:Tue, 28 Jul 2026 05:02:07 GMT
        [0] ResponseHeader=Referrer-Policy:strict-origin-when-cross-origin
        [0] ResponseHeader=X-Content-Type-Options:nosniff
        [0] ResponseHeader=X-Frame-Options:DENY
        [0] ResponseHeader=X-Permitted-Cross-Domain-Policies:none
        [0 body] ServiceVersion=
        [0 body] ServicePort=8080
        [0 body] Host=echo
        [0 body] URL=/example
        [0 body] Method=GET
        [0 body] Proto=HTTP/1.1
        [0 body] IP=10.244.0.8
        [0 body] RequestHeader=Accept-Encoding:gzip
        [0 body] RequestHeader=User-Agent:Go-http-client/1.1
        [0 body] Hostname=echo-v1-699dd9bfc7-g5xrx
        
        2026-07-28T05:02:07.480035Z	info	All requests succeeded
        
        ID:               
        Method:           GET
        Protocol:         HTTP/1.1
        Alpn:             
        URL:              /example
        Version:          
        Port:             8080
        Code:             200
        Host:             echo
        Hostname:         echo-v1-699dd9bfc7-g5xrx
        Cluster:          
        IP:               10.244.0.8
        Request Headers:  map[Accept-Encoding:[gzip] User-Agent:[Go-http-client/1.1]]
        Response Headers: map[Content-Length:[209] Content-Type:[text/plain; charset=utf-8] Cross-Origin-Opener-Policy:[same-origin] Date:[Tue, 28 Jul 2026 05:02:07 GMT] Referrer-Policy:[strict-origin-when-cross-origin] X-Content-Type-Options:[nosniff] X-Frame-Options:[DENY] X-Permitted-Cross-Domain-Policies:[none]]
        
    httproute-matching.go:89: 2026-07-28T05:02:07.484260845Z: Request passed
=== NAME  TestGatewayAPIConformance/MeshHTTPRouteMatching/3_request_to_'/v2'_should_go_to_echo-v2
    pod.go:70: 2026-07-28T05:02:07.658631894Z: Got resp RawContent:       [0] Url=http://echo/v2
        [0] Latency=1.062729941s
        [0] ActiveRequests=1
        [0] StatusCode=200
        [0] ResponseHeader=Content-Length:204
        [0] ResponseHeader=Content-Type:text/plain; charset=utf-8
        [0] ResponseHeader=Cross-Origin-Opener-Policy:same-origin
        [0] ResponseHeader=Date:Tue, 28 Jul 2026 05:02:07 GMT
        [0] ResponseHeader=Referrer-Policy:strict-origin-when-cross-origin
        [0] ResponseHeader=X-Content-Type-Options:nosniff
        [0] ResponseHeader=X-Frame-Options:DENY
        [0] ResponseHeader=X-Permitted-Cross-Domain-Policies:none
        [0 body] ServiceVersion=
        [0 body] ServicePort=8080
        [0 body] Host=echo
        [0 body] URL=/v2
        [0 body] Method=GET
        [0 body] Proto=HTTP/1.1
        [0 body] IP=10.244.0.8
        [0 body] RequestHeader=Accept-Encoding:gzip
        [0 body] RequestHeader=User-Agent:Go-http-client/1.1
        [0 body] Hostname=echo-v2-7d46bf8884-7fs28
        
        2026-07-28T05:02:07.655012Z	info	All requests succeeded
        
        ID:               
        Method:           GET
        Protocol:         HTTP/1.1
        Alpn:             
        URL:              /v2
        Version:          
        Port:             8080
        Code:             200
        Host:             echo
        Hostname:         echo-v2-7d46bf8884-7fs28
        Cluster:          
        IP:               10.244.0.8
        Request Headers:  map[Accept-Encoding:[gzip] User-Agent:[Go-http-client/1.1]]
        Response Headers: map[Content-Length:[204] Content-Type:[text/plain; charset=utf-8] Cross-Origin-Opener-Policy:[same-origin] Date:[Tue, 28 Jul 2026 05:02:07 GMT] Referrer-Policy:[strict-origin-when-cross-origin] X-Content-Type-Options:[nosniff] X-Frame-Options:[DENY] X-Permitted-Cross-Domain-Policies:[none]]
        
=== NAME  TestGatewayAPIConformance/MeshHTTPRouteMatching/5_request_to_'/'_with_headers_should_go_to_echo-v2
    pod.go:70: 2026-07-28T05:02:07.73903642Z: Got resp RawContent:       [0] Url=http://echo/
        [0] Header=Version:two
        [0] Latency=1.076383579s
        [0] ActiveRequests=1
        [0] StatusCode=200
        [0] ResponseHeader=Content-Length:228
        [0] ResponseHeader=Content-Type:text/plain; charset=utf-8
        [0] ResponseHeader=Cross-Origin-Opener-Policy:same-origin
        [0] ResponseHeader=Date:Tue, 28 Jul 2026 05:02:07 GMT
        [0] ResponseHeader=Referrer-Policy:strict-origin-when-cross-origin
        [0] ResponseHeader=X-Content-Type-Options:nosniff
        [0] ResponseHeader=X-Frame-Options:DENY
        [0] ResponseHeader=X-Permitted-Cross-Domain-Policies:none
        [0 body] ServiceVersion=
        [0 body] ServicePort=8080
        [0 body] Host=echo
        [0 body] URL=/
        [0 body] Method=GET
        [0 body] Proto=HTTP/1.1
        [0 body] IP=10.244.0.8
        [0 body] RequestHeader=Accept-Encoding:gzip
        [0 body] RequestHeader=User-Agent:Go-http-client/1.1
        [0 body] RequestHeader=Version:two
        [0 body] Hostname=echo-v2-7d46bf8884-7fs28
        
        2026-07-28T05:02:07.734664Z	info	All requests succeeded
        
        ID:               
        Method:           GET
        Protocol:         HTTP/1.1
        Alpn:             
        URL:              /
        Version:          
        Port:             8080
        Code:             200
        Host:             echo
        Hostname:         echo-v2-7d46bf8884-7fs28
        Cluster:          
        IP:               10.244.0.8
        Request Headers:  map[Accept-Encoding:[gzip] User-Agent:[Go-http-client/1.1] Version:[two]]
        Response Headers: map[Content-Length:[228] Content-Type:[text/plain; charset=utf-8] Cross-Origin-Opener-Policy:[same-origin] Date:[Tue, 28 Jul 2026 05:02:07 GMT] Referrer-Policy:[strict-origin-when-cross-origin] X-Content-Type-Options:[nosniff] X-Frame-Options:[DENY] X-Permitted-Cross-Domain-Policies:[none]]
        
=== NAME  TestGatewayAPIConformance/MeshHTTPRouteMatching/3_request_to_'/v2'_should_go_to_echo-v2
    pod.go:70: 2026-07-28T05:02:07.740608626Z: Got resp RawContent:       [0] Url=http://echo/v2
        [0] Latency=37.074394ms
        [0] ActiveRequests=1
        [0] StatusCode=200
        [0] ResponseHeader=Content-Length:204
        [0] ResponseHeader=Content-Type:text/plain; charset=utf-8
        [0] ResponseHeader=Cross-Origin-Opener-Policy:same-origin
        [0] ResponseHeader=Date:Tue, 28 Jul 2026 05:02:07 GMT
        [0] ResponseHeader=Referrer-Policy:strict-origin-when-cross-origin
        [0] ResponseHeader=X-Content-Type-Options:nosniff
        [0] ResponseHeader=X-Frame-Options:DENY
        [0] ResponseHeader=X-Permitted-Cross-Domain-Policies:none
        [0 body] ServiceVersion=
        [0 body] ServicePort=8080
        [0 body] Host=echo
        [0 body] URL=/v2
        [0 body] Method=GET
        [0 body] Proto=HTTP/1.1
        [0 body] IP=10.244.0.8
        [0 body] RequestHeader=Accept-Encoding:gzip
        [0 body] RequestHeader=User-Agent:Go-http-client/1.1
        [0 body] Hostname=echo-v2-7d46bf8884-7fs28
        
        2026-07-28T05:02:07.734715Z	info	All requests succeeded
        
        ID:               
        Method:           GET
        Protocol:         HTTP/1.1
        Alpn:             
        URL:              /v2
        Version:          
        Port:             8080
        Code:             200
        Host:             echo
        Hostname:         echo-v2-7d46bf8884-7fs28
        Cluster:          
        IP:               10.244.0.8
        Request Headers:  map[Accept-Encoding:[gzip] User-Agent:[Go-http-client/1.1]]
        Response Headers: map[Content-Length:[204] Content-Type:[text/plain; charset=utf-8] Cross-Origin-Opener-Policy:[same-origin] Date:[Tue, 28 Jul 2026 05:02:07 GMT] Referrer-Policy:[strict-origin-when-cross-origin] X-Content-Type-Options:[nosniff] X-Frame-Options:[DENY] X-Permitted-Cross-Domain-Policies:[none]]
        
=== NAME  TestGatewayAPIConformance/MeshHTTPRouteMatching/0_request_to_'/'_should_go_to_echo-v1
    pod.go:70: 2026-07-28T05:02:07.781748124Z: Got resp RawContent:       [0] Url=http://echo/
        [0] Latency=1.03433585s
        [0] ActiveRequests=1
        [0] StatusCode=200
        [0] ResponseHeader=Content-Length:202
        [0] ResponseHeader=Content-Type:text/plain; charset=utf-8
        [0] ResponseHeader=Cross-Origin-Opener-Policy:same-origin
        [0] ResponseHeader=Date:Tue, 28 Jul 2026 05:02:07 GMT
        [0] ResponseHeader=Referrer-Policy:strict-origin-when-cross-origin
        [0] ResponseHeader=X-Content-Type-Options:nosniff
        [0] ResponseHeader=X-Frame-Options:DENY
        [0] ResponseHeader=X-Permitted-Cross-Domain-Policies:none
        [0 body] ServiceVersion=
        [0 body] ServicePort=8080
        [0 body] Host=echo
        [0 body] URL=/
        [0 body] Method=GET
        [0 body] Proto=HTTP/1.1
        [0 body] IP=10.244.0.8
        [0 body] RequestHeader=Accept-Encoding:gzip
        [0 body] RequestHeader=User-Agent:Go-http-client/1.1
        [0 body] Hostname=echo-v1-699dd9bfc7-g5xrx
        
        2026-07-28T05:02:07.777437Z	info	All requests succeeded
        
        ID:               
        Method:           GET
        Protocol:         HTTP/1.1
        Alpn:             
        URL:              /
        Version:          
        Port:             8080
        Code:             200
        Host:             echo
        Hostname:         echo-v1-699dd9bfc7-g5xrx
        Cluster:          
        IP:               10.244.0.8
        Request Headers:  map[Accept-Encoding:[gzip] User-Agent:[Go-http-client/1.1]]
        Response Headers: map[Content-Length:[202] Content-Type:[text/plain; charset=utf-8] Cross-Origin-Opener-Policy:[same-origin] Date:[Tue, 28 Jul 2026 05:02:07 GMT] Referrer-Policy:[strict-origin-when-cross-origin] X-Content-Type-Options:[nosniff] X-Frame-Options:[DENY] X-Permitted-Cross-Domain-Policies:[none]]
        
=== NAME  TestGatewayAPIConformance/MeshHTTPRouteMatching/5_request_to_'/'_with_headers_should_go_to_echo-v2
    pod.go:70: 2026-07-28T05:02:07.800488037Z: Got resp RawContent:       [0] Url=http://echo/
        [0] Header=Version:two
        [0] Latency=4.461139ms
        [0] ActiveRequests=1
        [0] StatusCode=200
        [0] ResponseHeader=Content-Length:228
        [0] ResponseHeader=Content-Type:text/plain; charset=utf-8
        [0] ResponseHeader=Cross-Origin-Opener-Policy:same-origin
        [0] ResponseHeader=Date:Tue, 28 Jul 2026 05:02:07 GMT
        [0] ResponseHeader=Referrer-Policy:strict-origin-when-cross-origin
        [0] ResponseHeader=X-Content-Type-Options:nosniff
        [0] ResponseHeader=X-Frame-Options:DENY
        [0] ResponseHeader=X-Permitted-Cross-Domain-Policies:none
        [0 body] ServiceVersion=
        [0 body] ServicePort=8080
        [0 body] Host=echo
        [0 body] URL=/
        [0 body] Method=GET
        [0 body] Proto=HTTP/1.1
        [0 body] IP=10.244.0.8
        [0 body] RequestHeader=Accept-Encoding:gzip
        [0 body] RequestHeader=User-Agent:Go-http-client/1.1
        [0 body] RequestHeader=Version:two
        [0 body] Hostname=echo-v2-7d46bf8884-7fs28
        
        2026-07-28T05:02:07.794675Z	info	All requests succeeded
        
        ID:               
        Method:           GET
        Protocol:         HTTP/1.1
        Alpn:             
        URL:              /
        Version:          
        Port:             8080
        Code:             200
        Host:             echo
        Hostname:         echo-v2-7d46bf8884-7fs28
        Cluster:          
        IP:               10.244.0.8
        Request Headers:  map[Accept-Encoding:[gzip] User-Agent:[Go-http-client/1.1] Version:[two]]
        Response Headers: map[Content-Length:[228] Content-Type:[text/plain; charset=utf-8] Cross-Origin-Opener-Policy:[same-origin] Date:[Tue, 28 Jul 2026 05:02:07 GMT] Referrer-Policy:[strict-origin-when-cross-origin] X-Content-Type-Options:[nosniff] X-Frame-Options:[DENY] X-Permitted-Cross-Domain-Policies:[none]]
        
=== NAME  TestGatewayAPIConformance/MeshHTTPRouteMatching/3_request_to_'/v2'_should_go_to_echo-v2
    pod.go:70: 2026-07-28T05:02:07.80778085Z: Got resp RawContent:       [0] Url=http://echo/v2
        [0] Latency=5.000601ms
        [0] ActiveRequests=1
        [0] StatusCode=200
        [0] ResponseHeader=Content-Length:204
        [0] ResponseHeader=Content-Type:text/plain; charset=utf-8
        [0] ResponseHeader=Cross-Origin-Opener-Policy:same-origin
        [0] ResponseHeader=Date:Tue, 28 Jul 2026 05:02:07 GMT
        [0] ResponseHeader=Referrer-Policy:strict-origin-when-cross-origin
        [0] ResponseHeader=X-Content-Type-Options:nosniff
        [0] ResponseHeader=X-Frame-Options:DENY
        [0] ResponseHeader=X-Permitted-Cross-Domain-Policies:none
        [0 body] ServiceVersion=
        [0 body] ServicePort=8080
        [0 body] Host=echo
        [0 body] URL=/v2
        [0 body] Method=GET
        [0 body] Proto=HTTP/1.1
        [0 body] IP=10.244.0.8
        [0 body] RequestHeader=Accept-Encoding:gzip
        [0 body] RequestHeader=User-Agent:Go-http-client/1.1
        [0 body] Hostname=echo-v2-7d46bf8884-7fs28
        
        2026-07-28T05:02:07.802590Z	info	All requests succeeded
        
        ID:               
        Method:           GET
        Protocol:         HTTP/1.1
        Alpn:             
        URL:              /v2
        Version:          
        Port:             8080
        Code:             200
        Host:             echo
        Hostname:         echo-v2-7d46bf8884-7fs28
        Cluster:          
        IP:               10.244.0.8
        Request Headers:  map[Accept-Encoding:[gzip] User-Agent:[Go-http-client/1.1]]
        Response Headers: map[Content-Length:[204] Content-Type:[text/plain; charset=utf-8] Cross-Origin-Opener-Policy:[same-origin] Date:[Tue, 28 Jul 2026 05:02:07 GMT] Referrer-Policy:[strict-origin-when-cross-origin] X-Content-Type-Options:[nosniff] X-Frame-Options:[DENY] X-Permitted-Cross-Domain-Policies:[none]]
        
    httproute-matching.go:89: 2026-07-28T05:02:07.810916005Z: Request passed
=== NAME  TestGatewayAPIConformance/MeshHTTPRouteMatching/5_request_to_'/'_with_headers_should_go_to_echo-v2
    pod.go:70: 2026-07-28T05:02:07.865208888Z: Got resp RawContent:       [0] Url=http://echo/
        [0] Header=Version:two
        [0] Latency=2.869582ms
        [0] ActiveRequests=1
        [0] StatusCode=200
        [0] ResponseHeader=Content-Length:228
        [0] ResponseHeader=Content-Type:text/plain; charset=utf-8
        [0] ResponseHeader=Cross-Origin-Opener-Policy:same-origin
        [0] ResponseHeader=Date:Tue, 28 Jul 2026 05:02:07 GMT
        [0] ResponseHeader=Referrer-Policy:strict-origin-when-cross-origin
        [0] ResponseHeader=X-Content-Type-Options:nosniff
        [0] ResponseHeader=X-Frame-Options:DENY
        [0] ResponseHeader=X-Permitted-Cross-Domain-Policies:none
        [0 body] ServiceVersion=
        [0 body] ServicePort=8080
        [0 body] Host=echo
        [0 body] URL=/
        [0 body] Method=GET
        [0 body] Proto=HTTP/1.1
        [0 body] IP=10.244.0.8
        [0 body] RequestHeader=Accept-Encoding:gzip
        [0 body] RequestHeader=User-Agent:Go-http-client/1.1
        [0 body] RequestHeader=Version:two
        [0 body] Hostname=echo-v2-7d46bf8884-7fs28
        
        2026-07-28T05:02:07.855420Z	info	All requests succeeded
        
        ID:               
        Method:           GET
        Protocol:         HTTP/1.1
        Alpn:             
        URL:              /
        Version:          
        Port:             8080
        Code:             200
        Host:             echo
        Hostname:         echo-v2-7d46bf8884-7fs28
        Cluster:          
        IP:               10.244.0.8
        Request Headers:  map[Accept-Encoding:[gzip] User-Agent:[Go-http-client/1.1] Version:[two]]
        Response Headers: map[Content-Length:[228] Content-Type:[text/plain; charset=utf-8] Cross-Origin-Opener-Policy:[same-origin] Date:[Tue, 28 Jul 2026 05:02:07 GMT] Referrer-Policy:[strict-origin-when-cross-origin] X-Content-Type-Options:[nosniff] X-Frame-Options:[DENY] X-Permitted-Cross-Domain-Policies:[none]]
        
    httproute-matching.go:89: 2026-07-28T05:02:07.865358235Z: Request passed
=== NAME  TestGatewayAPIConformance/MeshHTTPRouteMatching/0_request_to_'/'_should_go_to_echo-v1
    pod.go:70: 2026-07-28T05:02:07.865999592Z: Got resp RawContent:       [0] Url=http://echo/
        [0] Latency=4.361172ms
        [0] ActiveRequests=1
        [0] StatusCode=200
        [0] ResponseHeader=Content-Length:202
        [0] ResponseHeader=Content-Type:text/plain; charset=utf-8
        [0] ResponseHeader=Cross-Origin-Opener-Policy:same-origin
        [0] ResponseHeader=Date:Tue, 28 Jul 2026 05:02:07 GMT
        [0] ResponseHeader=Referrer-Policy:strict-origin-when-cross-origin
        [0] ResponseHeader=X-Content-Type-Options:nosniff
        [0] ResponseHeader=X-Frame-Options:DENY
        [0] ResponseHeader=X-Permitted-Cross-Domain-Policies:none
        [0 body] ServiceVersion=
        [0 body] ServicePort=8080
        [0 body] Host=echo
        [0 body] URL=/
        [0 body] Method=GET
        [0 body] Proto=HTTP/1.1
        [0 body] IP=10.244.0.8
        [0 body] RequestHeader=Accept-Encoding:gzip
        [0 body] RequestHeader=User-Agent:Go-http-client/1.1
        [0 body] Hostname=echo-v1-699dd9bfc7-g5xrx
        
        2026-07-28T05:02:07.856385Z	info	All requests succeeded
        
        ID:               
        Method:           GET
        Protocol:         HTTP/1.1
        Alpn:             
        URL:              /
        Version:          
        Port:             8080
        Code:             200
        Host:             echo
        Hostname:         echo-v1-699dd9bfc7-g5xrx
        Cluster:          
        IP:               10.244.0.8
        Request Headers:  map[Accept-Encoding:[gzip] User-Agent:[Go-http-client/1.1]]
        Response Headers: map[Content-Length:[202] Content-Type:[text/plain; charset=utf-8] Cross-Origin-Opener-Policy:[same-origin] Date:[Tue, 28 Jul 2026 05:02:07 GMT] Referrer-Policy:[strict-origin-when-cross-origin] X-Content-Type-Options:[nosniff] X-Frame-Options:[DENY] X-Permitted-Cross-Domain-Policies:[none]]
        
    pod.go:70: 2026-07-28T05:02:07.913437391Z: Got resp RawContent:       [0] Url=http://echo/
        [0] Latency=2.439708ms
        [0] ActiveRequests=1
        [0] StatusCode=200
        [0] ResponseHeader=Content-Length:202
        [0] ResponseHeader=Content-Type:text/plain; charset=utf-8
        [0] ResponseHeader=Cross-Origin-Opener-Policy:same-origin
        [0] ResponseHeader=Date:Tue, 28 Jul 2026 05:02:07 GMT
        [0] ResponseHeader=Referrer-Policy:strict-origin-when-cross-origin
        [0] ResponseHeader=X-Content-Type-Options:nosniff
        [0] ResponseHeader=X-Frame-Options:DENY
        [0] ResponseHeader=X-Permitted-Cross-Domain-Policies:none
        [0 body] ServiceVersion=
        [0 body] ServicePort=8080
        [0 body] Host=echo
        [0 body] URL=/
        [0 body] Method=GET
        [0 body] Proto=HTTP/1.1
        [0 body] IP=10.244.0.8
        [0 body] RequestHeader=Accept-Encoding:gzip
        [0 body] RequestHeader=User-Agent:Go-http-client/1.1
        [0 body] Hostname=echo-v1-699dd9bfc7-g5xrx
        
        2026-07-28T05:02:07.909644Z	info	All requests succeeded
        
        ID:               
        Method:           GET
        Protocol:         HTTP/1.1
        Alpn:             
        URL:              /
        Version:          
        Port:             8080
        Code:             200
        Host:             echo
        Hostname:         echo-v1-699dd9bfc7-g5xrx
        Cluster:          
        IP:               10.244.0.8
        Request Headers:  map[Accept-Encoding:[gzip] User-Agent:[Go-http-client/1.1]]
        Response Headers: map[Content-Length:[202] Content-Type:[text/plain; charset=utf-8] Cross-Origin-Opener-Policy:[same-origin] Date:[Tue, 28 Jul 2026 05:02:07 GMT] Referrer-Policy:[strict-origin-when-cross-origin] X-Content-Type-Options:[nosniff] X-Frame-Options:[DENY] X-Permitted-Cross-Domain-Policies:[none]]
        
    httproute-matching.go:89: 2026-07-28T05:02:07.913583442Z: Request passed
=== NAME  TestGatewayAPIConformance/MeshHTTPRouteMatching
    apply.go:283: 2026-07-28T05:02:07.91364199Z: Deleting mesh-matching HTTPRoute
=== NAME  TestGatewayAPIConformance
    suite.go:504: 2026-07-28T05:02:07.918588482Z: Sleeping 10s for test isolation
=== RUN   TestGatewayAPIConformance/MeshHTTPRouteNamedRule
    conformance.go:70: 2026-07-28T05:02:17.926103851Z: Applying tests/mesh/httproute-named-rule.yaml
    apply.go:275: 2026-07-28T05:02:17.931304554Z: Creating mesh-http-named-rules HTTPRoute
    conformance.go:75: 2026-07-28T05:02:17.936213242Z: Running MeshHTTPRouteNamedRule, relying on the following features: Mesh-standard, HTTPRoute-standard, MeshHTTPRouteNamedRouteRule-standard
=== RUN   TestGatewayAPIConformance/MeshHTTPRouteNamedRule/0_request_to_'/named'_should_go_to_echo-v1
=== PAUSE TestGatewayAPIConformance/MeshHTTPRouteNamedRule/0_request_to_'/named'_should_go_to_echo-v1
=== RUN   TestGatewayAPIConformance/MeshHTTPRouteNamedRule/1_request_to_'/unnamed'_should_go_to_echo-v2
=== PAUSE TestGatewayAPIConformance/MeshHTTPRouteNamedRule/1_request_to_'/unnamed'_should_go_to_echo-v2
=== CONT  TestGatewayAPIConformance/MeshHTTPRouteNamedRule/0_request_to_'/named'_should_go_to_echo-v1
=== CONT  TestGatewayAPIConformance/MeshHTTPRouteNamedRule/1_request_to_'/unnamed'_should_go_to_echo-v2
    pod.go:70: 2026-07-28T05:02:18.115179476Z: Got resp RawContent:       [0] Url=http://echo/unnamed
        [0] Latency=3.565308ms
        [0] ActiveRequests=1
        [0] StatusCode=200
        [0] ResponseHeader=Content-Length:240
        [0] ResponseHeader=Content-Type:text/plain; charset=utf-8
        [0] ResponseHeader=Date:Tue, 28 Jul 2026 05:02:18 GMT
        [0 body] ServiceVersion=
        [0 body] ServicePort=8080
        [0 body] Host=echo
        [0 body] URL=/unnamed
        [0 body] Method=GET
        [0 body] Proto=HTTP/1.1
        [0 body] IP=10.244.0.1
        [0 body] RequestHeader=Accept-Encoding:gzip
        [0 body] RequestHeader=Connection:close
        [0 body] RequestHeader=User-Agent:Go-http-client/1.1
        [0 body] Hostname=echo-v1-699dd9bfc7-g5xrx
        
        2026-07-28T05:02:18.110168Z	info	All requests succeeded
        
        ID:               
        Method:           GET
        Protocol:         HTTP/1.1
        Alpn:             
        URL:              /unnamed
        Version:          
        Port:             8080
        Code:             200
        Host:             echo
        Hostname:         echo-v1-699dd9bfc7-g5xrx
        Cluster:          
        IP:               10.244.0.1
        Request Headers:  map[Accept-Encoding:[gzip] Connection:[close] User-Agent:[Go-http-client/1.1]]
        Response Headers: map[Content-Length:[240] Content-Type:[text/plain; charset=utf-8] Date:[Tue, 28 Jul 2026 05:02:18 GMT]]
        
    pod.go:72: 2026-07-28T05:02:18.115456781Z: Response expectation failed for request: [client http://echo/unnamed]  not ready yet: expected pod name to start with echo-v2, got echo-v1-699dd9bfc7-g5xrx (after 1.493µs)
=== NAME  TestGatewayAPIConformance/MeshHTTPRouteNamedRule/0_request_to_'/named'_should_go_to_echo-v1
    pod.go:70: 2026-07-28T05:02:18.121265555Z: Got resp RawContent:       [0] Url=http://echo/named
        [0] Latency=2.419754ms
        [0] ActiveRequests=1
        [0] StatusCode=200
        [0] ResponseHeader=Content-Length:238
        [0] ResponseHeader=Content-Type:text/plain; charset=utf-8
        [0] ResponseHeader=Date:Tue, 28 Jul 2026 05:02:18 GMT
        [0 body] ServiceVersion=
        [0 body] ServicePort=8080
        [0 body] Host=echo
        [0 body] URL=/named
        [0 body] Method=GET
        [0 body] Proto=HTTP/1.1
        [0 body] IP=10.244.0.1
        [0 body] RequestHeader=Accept-Encoding:gzip
        [0 body] RequestHeader=Connection:close
        [0 body] RequestHeader=User-Agent:Go-http-client/1.1
        [0 body] Hostname=echo-v1-699dd9bfc7-g5xrx
        
        2026-07-28T05:02:18.117775Z	info	All requests succeeded
        
        ID:               
        Method:           GET
        Protocol:         HTTP/1.1
        Alpn:             
        URL:              /named
        Version:          
        Port:             8080
        Code:             200
        Host:             echo
        Hostname:         echo-v1-699dd9bfc7-g5xrx
        Cluster:          
        IP:               10.244.0.1
        Request Headers:  map[Accept-Encoding:[gzip] Connection:[close] User-Agent:[Go-http-client/1.1]]
        Response Headers: map[Content-Length:[238] Content-Type:[text/plain; charset=utf-8] Date:[Tue, 28 Jul 2026 05:02:18 GMT]]
        
    pod.go:70: 2026-07-28T05:02:18.17500873Z: Got resp RawContent:       [0] Url=http://echo/named
        [0] Latency=2.353613ms
        [0] ActiveRequests=1
        [0] StatusCode=200
        [0] ResponseHeader=Content-Length:238
        [0] ResponseHeader=Content-Type:text/plain; charset=utf-8
        [0] ResponseHeader=Date:Tue, 28 Jul 2026 05:02:18 GMT
        [0 body] ServiceVersion=
        [0 body] ServicePort=8080
        [0 body] Host=echo
        [0 body] URL=/named
        [0 body] Method=GET
        [0 body] Proto=HTTP/1.1
        [0 body] IP=10.244.0.1
        [0 body] RequestHeader=Accept-Encoding:gzip
        [0 body] RequestHeader=Connection:close
        [0 body] RequestHeader=User-Agent:Go-http-client/1.1
        [0 body] Hostname=echo-v1-699dd9bfc7-g5xrx
        
        2026-07-28T05:02:18.171453Z	info	All requests succeeded
        
        ID:               
        Method:           GET
        Protocol:         HTTP/1.1
        Alpn:             
        URL:              /named
        Version:          
        Port:             8080
        Code:             200
        Host:             echo
        Hostname:         echo-v1-699dd9bfc7-g5xrx
        Cluster:          
        IP:               10.244.0.1
        Request Headers:  map[Accept-Encoding:[gzip] Connection:[close] User-Agent:[Go-http-client/1.1]]
        Response Headers: map[Content-Length:[238] Content-Type:[text/plain; charset=utf-8] Date:[Tue, 28 Jul 2026 05:02:18 GMT]]
        
    pod.go:70: 2026-07-28T05:02:18.220854135Z: Got resp RawContent:       [0] Url=http://echo/named
        [0] Latency=2.719793ms
        [0] ActiveRequests=1
        [0] StatusCode=200
        [0] ResponseHeader=Content-Length:239
        [0] ResponseHeader=Content-Type:text/plain; charset=utf-8
        [0] ResponseHeader=Date:Tue, 28 Jul 2026 05:02:18 GMT
        [0 body] ServiceVersion=
        [0 body] ServicePort=8080
        [0 body] Host=echo
        [0 body] URL=/named
        [0 body] Method=GET
        [0 body] Proto=HTTP/1.1
        [0 body] IP=10.244.0.33
        [0 body] RequestHeader=Accept-Encoding:gzip
        [0 body] RequestHeader=Connection:close
        [0 body] RequestHeader=User-Agent:Go-http-client/1.1
        [0 body] Hostname=echo-v2-7d46bf8884-7fs28
        
        2026-07-28T05:02:18.216834Z	info	All requests succeeded
        
        ID:               
        Method:           GET
        Protocol:         HTTP/1.1
        Alpn:             
        URL:              /named
        Version:          
        Port:             8080
        Code:             200
        Host:             echo
        Hostname:         echo-v2-7d46bf8884-7fs28
        Cluster:          
        IP:               10.244.0.33
        Request Headers:  map[Accept-Encoding:[gzip] Connection:[close] User-Agent:[Go-http-client/1.1]]
        Response Headers: map[Content-Length:[239] Content-Type:[text/plain; charset=utf-8] Date:[Tue, 28 Jul 2026 05:02:18 GMT]]
        
    pod.go:72: 2026-07-28T05:02:18.2211479Z: Response expectation failed for request: [client http://echo/named --method=GET]  not ready yet: expected pod name to start with echo-v1, got echo-v2-7d46bf8884-7fs28 (after 235.787195ms)
=== NAME  TestGatewayAPIConformance/MeshHTTPRouteNamedRule/1_request_to_'/unnamed'_should_go_to_echo-v2
    pod.go:70: 2026-07-28T05:02:19.163093874Z: Got resp RawContent:       [0] Url=http://echo/unnamed
        [0] Latency=2.243535ms
        [0] ActiveRequests=1
        [0] StatusCode=200
        [0] ResponseHeader=Content-Length:209
        [0] ResponseHeader=Content-Type:text/plain; charset=utf-8
        [0] ResponseHeader=Cross-Origin-Opener-Policy:same-origin
        [0] ResponseHeader=Date:Tue, 28 Jul 2026 05:02:19 GMT
        [0] ResponseHeader=Referrer-Policy:strict-origin-when-cross-origin
        [0] ResponseHeader=X-Content-Type-Options:nosniff
        [0] ResponseHeader=X-Frame-Options:DENY
        [0] ResponseHeader=X-Permitted-Cross-Domain-Policies:none
        [0 body] ServiceVersion=
        [0 body] ServicePort=8080
        [0 body] Host=echo
        [0 body] URL=/unnamed
        [0 body] Method=GET
        [0 body] Proto=HTTP/1.1
        [0 body] IP=10.244.0.8
        [0 body] RequestHeader=Accept-Encoding:gzip
        [0 body] RequestHeader=User-Agent:Go-http-client/1.1
        [0 body] Hostname=echo-v2-7d46bf8884-7fs28
        
        2026-07-28T05:02:19.159797Z	info	All requests succeeded
        
        ID:               
        Method:           GET
        Protocol:         HTTP/1.1
        Alpn:             
        URL:              /unnamed
        Version:          
        Port:             8080
        Code:             200
        Host:             echo
        Hostname:         echo-v2-7d46bf8884-7fs28
        Cluster:          
        IP:               10.244.0.8
        Request Headers:  map[Accept-Encoding:[gzip] User-Agent:[Go-http-client/1.1]]
        Response Headers: map[Content-Length:[209] Content-Type:[text/plain; charset=utf-8] Cross-Origin-Opener-Policy:[same-origin] Date:[Tue, 28 Jul 2026 05:02:19 GMT] Referrer-Policy:[strict-origin-when-cross-origin] X-Content-Type-Options:[nosniff] X-Frame-Options:[DENY] X-Permitted-Cross-Domain-Policies:[none]]
        
    pod.go:70: 2026-07-28T05:02:19.209200203Z: Got resp RawContent:       [0] Url=http://echo/unnamed
        [0] Latency=3.181791ms
        [0] ActiveRequests=1
        [0] StatusCode=200
        [0] ResponseHeader=Content-Length:209
        [0] ResponseHeader=Content-Type:text/plain; charset=utf-8
        [0] ResponseHeader=Cross-Origin-Opener-Policy:same-origin
        [0] ResponseHeader=Date:Tue, 28 Jul 2026 05:02:19 GMT
        [0] ResponseHeader=Referrer-Policy:strict-origin-when-cross-origin
        [0] ResponseHeader=X-Content-Type-Options:nosniff
        [0] ResponseHeader=X-Frame-Options:DENY
        [0] ResponseHeader=X-Permitted-Cross-Domain-Policies:none
        [0 body] ServiceVersion=
        [0 body] ServicePort=8080
        [0 body] Host=echo
        [0 body] URL=/unnamed
        [0 body] Method=GET
        [0 body] Proto=HTTP/1.1
        [0 body] IP=10.244.0.8
        [0 body] RequestHeader=Accept-Encoding:gzip
        [0 body] RequestHeader=User-Agent:Go-http-client/1.1
        [0 body] Hostname=echo-v2-7d46bf8884-7fs28
        
        2026-07-28T05:02:19.205818Z	info	All requests succeeded
        
        ID:               
        Method:           GET
        Protocol:         HTTP/1.1
        Alpn:             
        URL:              /unnamed
        Version:          
        Port:             8080
        Code:             200
        Host:             echo
        Hostname:         echo-v2-7d46bf8884-7fs28
        Cluster:          
        IP:               10.244.0.8
        Request Headers:  map[Accept-Encoding:[gzip] User-Agent:[Go-http-client/1.1]]
        Response Headers: map[Content-Length:[209] Content-Type:[text/plain; charset=utf-8] Cross-Origin-Opener-Policy:[same-origin] Date:[Tue, 28 Jul 2026 05:02:19 GMT] Referrer-Policy:[strict-origin-when-cross-origin] X-Content-Type-Options:[nosniff] X-Frame-Options:[DENY] X-Permitted-Cross-Domain-Policies:[none]]
        
    pod.go:70: 2026-07-28T05:02:19.270187902Z: Got resp RawContent:       [0] Url=http://echo/unnamed
        [0] Latency=4.808104ms
        [0] ActiveRequests=1
        [0] StatusCode=200
        [0] ResponseHeader=Content-Length:209
        [0] ResponseHeader=Content-Type:text/plain; charset=utf-8
        [0] ResponseHeader=Cross-Origin-Opener-Policy:same-origin
        [0] ResponseHeader=Date:Tue, 28 Jul 2026 05:02:19 GMT
        [0] ResponseHeader=Referrer-Policy:strict-origin-when-cross-origin
        [0] ResponseHeader=X-Content-Type-Options:nosniff
        [0] ResponseHeader=X-Frame-Options:DENY
        [0] ResponseHeader=X-Permitted-Cross-Domain-Policies:none
        [0 body] ServiceVersion=
        [0 body] ServicePort=8080
        [0 body] Host=echo
        [0 body] URL=/unnamed
        [0 body] Method=GET
        [0 body] Proto=HTTP/1.1
        [0 body] IP=10.244.0.8
        [0 body] RequestHeader=Accept-Encoding:gzip
        [0 body] RequestHeader=User-Agent:Go-http-client/1.1
        [0 body] Hostname=echo-v2-7d46bf8884-7fs28
        
        2026-07-28T05:02:19.265495Z	info	All requests succeeded
        
        ID:               
        Method:           GET
        Protocol:         HTTP/1.1
        Alpn:             
        URL:              /unnamed
        Version:          
        Port:             8080
        Code:             200
        Host:             echo
        Hostname:         echo-v2-7d46bf8884-7fs28
        Cluster:          
        IP:               10.244.0.8
        Request Headers:  map[Accept-Encoding:[gzip] User-Agent:[Go-http-client/1.1]]
        Response Headers: map[Content-Length:[209] Content-Type:[text/plain; charset=utf-8] Cross-Origin-Opener-Policy:[same-origin] Date:[Tue, 28 Jul 2026 05:02:19 GMT] Referrer-Policy:[strict-origin-when-cross-origin] X-Content-Type-Options:[nosniff] X-Frame-Options:[DENY] X-Permitted-Cross-Domain-Policies:[none]]
        
    httproute-named-rule.go:64: 2026-07-28T05:02:19.270333221Z: Request passed
=== NAME  TestGatewayAPIConformance/MeshHTTPRouteNamedRule/0_request_to_'/named'_should_go_to_echo-v1
    pod.go:70: 2026-07-28T05:02:19.285263799Z: Got resp RawContent:       [0] Url=http://echo/named
        [0] Latency=3.315673ms
        [0] ActiveRequests=1
        [0] StatusCode=200
        [0] ResponseHeader=Content-Length:207
        [0] ResponseHeader=Content-Type:text/plain; charset=utf-8
        [0] ResponseHeader=Cross-Origin-Opener-Policy:same-origin
        [0] ResponseHeader=Date:Tue, 28 Jul 2026 05:02:19 GMT
        [0] ResponseHeader=Referrer-Policy:strict-origin-when-cross-origin
        [0] ResponseHeader=X-Content-Type-Options:nosniff
        [0] ResponseHeader=X-Frame-Options:DENY
        [0] ResponseHeader=X-Permitted-Cross-Domain-Policies:none
        [0 body] ServiceVersion=
        [0 body] ServicePort=8080
        [0 body] Host=echo
        [0 body] URL=/named
        [0 body] Method=GET
        [0 body] Proto=HTTP/1.1
        [0 body] IP=10.244.0.8
        [0 body] RequestHeader=Accept-Encoding:gzip
        [0 body] RequestHeader=User-Agent:Go-http-client/1.1
        [0 body] Hostname=echo-v1-699dd9bfc7-g5xrx
        
        2026-07-28T05:02:19.281899Z	info	All requests succeeded
        
        ID:               
        Method:           GET
        Protocol:         HTTP/1.1
        Alpn:             
        URL:              /named
        Version:          
        Port:             8080
        Code:             200
        Host:             echo
        Hostname:         echo-v1-699dd9bfc7-g5xrx
        Cluster:          
        IP:               10.244.0.8
        Request Headers:  map[Accept-Encoding:[gzip] User-Agent:[Go-http-client/1.1]]
        Response Headers: map[Content-Length:[207] Content-Type:[text/plain; charset=utf-8] Cross-Origin-Opener-Policy:[same-origin] Date:[Tue, 28 Jul 2026 05:02:19 GMT] Referrer-Policy:[strict-origin-when-cross-origin] X-Content-Type-Options:[nosniff] X-Frame-Options:[DENY] X-Permitted-Cross-Domain-Policies:[none]]
        
    pod.go:70: 2026-07-28T05:02:19.331329212Z: Got resp RawContent:       [0] Url=http://echo/named
        [0] Latency=3.100016ms
        [0] ActiveRequests=1
        [0] StatusCode=200
        [0] ResponseHeader=Content-Length:207
        [0] ResponseHeader=Content-Type:text/plain; charset=utf-8
        [0] ResponseHeader=Cross-Origin-Opener-Policy:same-origin
        [0] ResponseHeader=Date:Tue, 28 Jul 2026 05:02:19 GMT
        [0] ResponseHeader=Referrer-Policy:strict-origin-when-cross-origin
        [0] ResponseHeader=X-Content-Type-Options:nosniff
        [0] ResponseHeader=X-Frame-Options:DENY
        [0] ResponseHeader=X-Permitted-Cross-Domain-Policies:none
        [0 body] ServiceVersion=
        [0 body] ServicePort=8080
        [0 body] Host=echo
        [0 body] URL=/named
        [0 body] Method=GET
        [0 body] Proto=HTTP/1.1
        [0 body] IP=10.244.0.8
        [0 body] RequestHeader=Accept-Encoding:gzip
        [0 body] RequestHeader=User-Agent:Go-http-client/1.1
        [0 body] Hostname=echo-v1-699dd9bfc7-g5xrx
        
        2026-07-28T05:02:19.327774Z	info	All requests succeeded
        
        ID:               
        Method:           GET
        Protocol:         HTTP/1.1
        Alpn:             
        URL:              /named
        Version:          
        Port:             8080
        Code:             200
        Host:             echo
        Hostname:         echo-v1-699dd9bfc7-g5xrx
        Cluster:          
        IP:               10.244.0.8
        Request Headers:  map[Accept-Encoding:[gzip] User-Agent:[Go-http-client/1.1]]
        Response Headers: map[Content-Length:[207] Content-Type:[text/plain; charset=utf-8] Cross-Origin-Opener-Policy:[same-origin] Date:[Tue, 28 Jul 2026 05:02:19 GMT] Referrer-Policy:[strict-origin-when-cross-origin] X-Content-Type-Options:[nosniff] X-Frame-Options:[DENY] X-Permitted-Cross-Domain-Policies:[none]]
        
    pod.go:70: 2026-07-28T05:02:19.379164885Z: Got resp RawContent:       [0] Url=http://echo/named
        [0] Latency=2.118034ms
        [0] ActiveRequests=1
        [0] StatusCode=200
        [0] ResponseHeader=Content-Length:207
        [0] ResponseHeader=Content-Type:text/plain; charset=utf-8
        [0] ResponseHeader=Cross-Origin-Opener-Policy:same-origin
        [0] ResponseHeader=Date:Tue, 28 Jul 2026 05:02:19 GMT
        [0] ResponseHeader=Referrer-Policy:strict-origin-when-cross-origin
        [0] ResponseHeader=X-Content-Type-Options:nosniff
        [0] ResponseHeader=X-Frame-Options:DENY
        [0] ResponseHeader=X-Permitted-Cross-Domain-Policies:none
        [0 body] ServiceVersion=
        [0 body] ServicePort=8080
        [0 body] Host=echo
        [0 body] URL=/named
        [0 body] Method=GET
        [0 body] Proto=HTTP/1.1
        [0 body] IP=10.244.0.8
        [0 body] RequestHeader=Accept-Encoding:gzip
        [0 body] RequestHeader=User-Agent:Go-http-client/1.1
        [0 body] Hostname=echo-v1-699dd9bfc7-g5xrx
        
        2026-07-28T05:02:19.375800Z	info	All requests succeeded
        
        ID:               
        Method:           GET
        Protocol:         HTTP/1.1
        Alpn:             
        URL:              /named
        Version:          
        Port:             8080
        Code:             200
        Host:             echo
        Hostname:         echo-v1-699dd9bfc7-g5xrx
        Cluster:          
        IP:               10.244.0.8
        Request Headers:  map[Accept-Encoding:[gzip] User-Agent:[Go-http-client/1.1]]
        Response Headers: map[Content-Length:[207] Content-Type:[text/plain; charset=utf-8] Cross-Origin-Opener-Policy:[same-origin] Date:[Tue, 28 Jul 2026 05:02:19 GMT] Referrer-Policy:[strict-origin-when-cross-origin] X-Content-Type-Options:[nosniff] X-Frame-Options:[DENY] X-Permitted-Cross-Domain-Policies:[none]]
        
    httproute-named-rule.go:64: 2026-07-28T05:02:19.37933995Z: Request passed
=== NAME  TestGatewayAPIConformance/MeshHTTPRouteNamedRule
    apply.go:283: 2026-07-28T05:02:19.37940479Z: Deleting mesh-http-named-rules HTTPRoute
=== NAME  TestGatewayAPIConformance
    suite.go:504: 2026-07-28T05:02:19.384061446Z: Sleeping 10s for test isolation
=== RUN   TestGatewayAPIConformance/MeshHTTPRouteQueryParamMatching
    conformance.go:70: 2026-07-28T05:02:29.389244757Z: Applying tests/mesh/httproute-query-param-matching.yaml
    apply.go:275: 2026-07-28T05:02:29.396275767Z: Creating mesh-query-param-matching HTTPRoute
    conformance.go:75: 2026-07-28T05:02:29.40315958Z: Running MeshHTTPRouteQueryParamMatching, relying on the following features: Mesh-standard, HTTPRoute-standard, MeshHTTPRouteQueryParamMatching-standard
=== RUN   TestGatewayAPIConformance/MeshHTTPRouteQueryParamMatching/0_request_to_'/?animal=whale'_should_go_to_echo-v1
=== PAUSE TestGatewayAPIConformance/MeshHTTPRouteQueryParamMatching/0_request_to_'/?animal=whale'_should_go_to_echo-v1
=== RUN   TestGatewayAPIConformance/MeshHTTPRouteQueryParamMatching/1_request_to_'/?animal=dolphin'_should_go_to_echo-v2
=== PAUSE TestGatewayAPIConformance/MeshHTTPRouteQueryParamMatching/1_request_to_'/?animal=dolphin'_should_go_to_echo-v2
=== RUN   TestGatewayAPIConformance/MeshHTTPRouteQueryParamMatching/2_request_to_'/?animal=whale&otherparam=irrelevant'_should_go_to_echo-v1
=== PAUSE TestGatewayAPIConformance/MeshHTTPRouteQueryParamMatching/2_request_to_'/?animal=whale&otherparam=irrelevant'_should_go_to_echo-v1
=== RUN   TestGatewayAPIConformance/MeshHTTPRouteQueryParamMatching/3_request_to_'/?animal=dolphin&color=yellow'_should_go_to_echo-v2
=== PAUSE TestGatewayAPIConformance/MeshHTTPRouteQueryParamMatching/3_request_to_'/?animal=dolphin&color=yellow'_should_go_to_echo-v2
=== RUN   TestGatewayAPIConformance/MeshHTTPRouteQueryParamMatching/4_request_to_'/?color=blue'_should_receive_one_of_[]
=== PAUSE TestGatewayAPIConformance/MeshHTTPRouteQueryParamMatching/4_request_to_'/?color=blue'_should_receive_one_of_[]
=== RUN   TestGatewayAPIConformance/MeshHTTPRouteQueryParamMatching/5_request_to_'/?animal=dog'_should_receive_one_of_[]
=== PAUSE TestGatewayAPIConformance/MeshHTTPRouteQueryParamMatching/5_request_to_'/?animal=dog'_should_receive_one_of_[]
=== RUN   TestGatewayAPIConformance/MeshHTTPRouteQueryParamMatching/6_request_to_'/?animal=whaledolphin'_should_receive_one_of_[]
=== PAUSE TestGatewayAPIConformance/MeshHTTPRouteQueryParamMatching/6_request_to_'/?animal=whaledolphin'_should_receive_one_of_[]
=== RUN   TestGatewayAPIConformance/MeshHTTPRouteQueryParamMatching/7_request_to_'/'_should_receive_one_of_[]
=== PAUSE TestGatewayAPIConformance/MeshHTTPRouteQueryParamMatching/7_request_to_'/'_should_receive_one_of_[]
=== RUN   TestGatewayAPIConformance/MeshHTTPRouteQueryParamMatching/8_request_to_'/path1?animal=whale'_should_go_to_echo-v1
=== PAUSE TestGatewayAPIConformance/MeshHTTPRouteQueryParamMatching/8_request_to_'/path1?animal=whale'_should_go_to_echo-v1
=== RUN   TestGatewayAPIConformance/MeshHTTPRouteQueryParamMatching/9_request_to_'/?animal=whale'_with_headers_should_go_to_echo-v2
=== PAUSE TestGatewayAPIConformance/MeshHTTPRouteQueryParamMatching/9_request_to_'/?animal=whale'_with_headers_should_go_to_echo-v2
=== RUN   TestGatewayAPIConformance/MeshHTTPRouteQueryParamMatching/10_request_to_'/path3?animal=shark'_should_go_to_echo-v1
=== PAUSE TestGatewayAPIConformance/MeshHTTPRouteQueryParamMatching/10_request_to_'/path3?animal=shark'_should_go_to_echo-v1
=== RUN   TestGatewayAPIConformance/MeshHTTPRouteQueryParamMatching/11_request_to_'/path4?animal=kraken'_with_headers_should_go_to_echo-v1
=== PAUSE TestGatewayAPIConformance/MeshHTTPRouteQueryParamMatching/11_request_to_'/path4?animal=kraken'_with_headers_should_go_to_echo-v1
=== RUN   TestGatewayAPIConformance/MeshHTTPRouteQueryParamMatching/12_request_to_'/?animal=shark'_should_receive_one_of_[]
=== PAUSE TestGatewayAPIConformance/MeshHTTPRouteQueryParamMatching/12_request_to_'/?animal=shark'_should_receive_one_of_[]
=== RUN   TestGatewayAPIConformance/MeshHTTPRouteQueryParamMatching/13_request_to_'/path4?animal=kraken'_should_receive_one_of_[]
=== PAUSE TestGatewayAPIConformance/MeshHTTPRouteQueryParamMatching/13_request_to_'/path4?animal=kraken'_should_receive_one_of_[]
=== RUN   TestGatewayAPIConformance/MeshHTTPRouteQueryParamMatching/14_request_to_'/path5?animal=hydra'_should_go_to_echo-v1
=== PAUSE TestGatewayAPIConformance/MeshHTTPRouteQueryParamMatching/14_request_to_'/path5?animal=hydra'_should_go_to_echo-v1
=== CONT  TestGatewayAPIConformance/MeshHTTPRouteQueryParamMatching/0_request_to_'/?animal=whale'_should_go_to_echo-v1
=== CONT  TestGatewayAPIConformance/MeshHTTPRouteQueryParamMatching/8_request_to_'/path1?animal=whale'_should_go_to_echo-v1
=== CONT  TestGatewayAPIConformance/MeshHTTPRouteQueryParamMatching/4_request_to_'/?color=blue'_should_receive_one_of_[]
=== CONT  TestGatewayAPIConformance/MeshHTTPRouteQueryParamMatching/3_request_to_'/?animal=dolphin&color=yellow'_should_go_to_echo-v2
=== NAME  TestGatewayAPIConformance/MeshHTTPRouteQueryParamMatching/8_request_to_'/path1?animal=whale'_should_go_to_echo-v1
    pod.go:70: 2026-07-28T05:02:29.605348285Z: Got resp RawContent:       [0] Url=http://echo/path1?animal=whale
        [0] Latency=4.487788ms
        [0] ActiveRequests=1
        [0] StatusCode=200
        [0] ResponseHeader=Content-Length:251
        [0] ResponseHeader=Content-Type:text/plain; charset=utf-8
        [0] ResponseHeader=Date:Tue, 28 Jul 2026 05:02:29 GMT
        [0 body] ServiceVersion=
        [0 body] ServicePort=8080
        [0 body] Host=echo
        [0 body] URL=/path1?animal=whale
        [0 body] Method=GET
        [0 body] Proto=HTTP/1.1
        [0 body] IP=10.244.0.1
        [0 body] RequestHeader=Accept-Encoding:gzip
        [0 body] RequestHeader=Connection:close
        [0 body] RequestHeader=User-Agent:Go-http-client/1.1
        [0 body] Hostname=echo-v1-699dd9bfc7-g5xrx
        
        2026-07-28T05:02:29.597474Z	info	All requests succeeded
        
        ID:               
        Method:           GET
        Protocol:         HTTP/1.1
        Alpn:             
        URL:              /path1?animal=whale
        Version:          
        Port:             8080
        Code:             200
        Host:             echo
        Hostname:         echo-v1-699dd9bfc7-g5xrx
        Cluster:          
        IP:               10.244.0.1
        Request Headers:  map[Accept-Encoding:[gzip] Connection:[close] User-Agent:[Go-http-client/1.1]]
        Response Headers: map[Content-Length:[251] Content-Type:[text/plain; charset=utf-8] Date:[Tue, 28 Jul 2026 05:02:29 GMT]]
        
=== NAME  TestGatewayAPIConformance/MeshHTTPRouteQueryParamMatching/4_request_to_'/?color=blue'_should_receive_one_of_[]
    pod.go:70: 2026-07-28T05:02:29.630253843Z: Got resp RawContent:       [0] Url=http://echo/?color=blue
        [0] Latency=1.424825ms
        [0] ActiveRequests=1
        [0] StatusCode=200
        [0] ResponseHeader=Content-Length:244
        [0] ResponseHeader=Content-Type:text/plain; charset=utf-8
        [0] ResponseHeader=Date:Tue, 28 Jul 2026 05:02:29 GMT
        [0 body] ServiceVersion=
        [0 body] ServicePort=8080
        [0 body] Host=echo
        [0 body] URL=/?color=blue
        [0 body] Method=GET
        [0 body] Proto=HTTP/1.1
        [0 body] IP=10.244.0.1
        [0 body] RequestHeader=Accept-Encoding:gzip
        [0 body] RequestHeader=Connection:close
        [0 body] RequestHeader=User-Agent:Go-http-client/1.1
        [0 body] Hostname=echo-v1-699dd9bfc7-g5xrx
        
        2026-07-28T05:02:29.600221Z	info	All requests succeeded
        
        ID:               
        Method:           GET
        Protocol:         HTTP/1.1
        Alpn:             
        URL:              /?color=blue
        Version:          
        Port:             8080
        Code:             200
        Host:             echo
        Hostname:         echo-v1-699dd9bfc7-g5xrx
        Cluster:          
        IP:               10.244.0.1
        Request Headers:  map[Accept-Encoding:[gzip] Connection:[close] User-Agent:[Go-http-client/1.1]]
        Response Headers: map[Content-Length:[244] Content-Type:[text/plain; charset=utf-8] Date:[Tue, 28 Jul 2026 05:02:29 GMT]]
        
    pod.go:72: 2026-07-28T05:02:29.63040333Z: Response expectation failed for request: [client http://echo/?color=blue]  not ready yet: wanted status code to be one of [404], got 200 (after 1.333µs)
=== NAME  TestGatewayAPIConformance/MeshHTTPRouteQueryParamMatching/3_request_to_'/?animal=dolphin&color=yellow'_should_go_to_echo-v2
    pod.go:70: 2026-07-28T05:02:29.647557217Z: Got resp RawContent:       [0] Url=http://echo/?animal=dolphin&color=yellow
        [0] Latency=48.38184ms
        [0] ActiveRequests=1
        [0] StatusCode=200
        [0] ResponseHeader=Content-Length:261
        [0] ResponseHeader=Content-Type:text/plain; charset=utf-8
        [0] ResponseHeader=Date:Tue, 28 Jul 2026 05:02:29 GMT
        [0 body] ServiceVersion=
        [0 body] ServicePort=8080
        [0 body] Host=echo
        [0 body] URL=/?animal=dolphin&color=yellow
        [0 body] Method=GET
        [0 body] Proto=HTTP/1.1
        [0 body] IP=10.244.0.1
        [0 body] RequestHeader=Accept-Encoding:gzip
        [0 body] RequestHeader=Connection:close
        [0 body] RequestHeader=User-Agent:Go-http-client/1.1
        [0 body] Hostname=echo-v1-699dd9bfc7-g5xrx
        
        2026-07-28T05:02:29.635906Z	info	All requests succeeded
        
        ID:               
        Method:           GET
        Protocol:         HTTP/1.1
        Alpn:             
        URL:              /?animal=dolphin&color=yellow
        Version:          
        Port:             8080
        Code:             200
        Host:             echo
        Hostname:         echo-v1-699dd9bfc7-g5xrx
        Cluster:          
        IP:               10.244.0.1
        Request Headers:  map[Accept-Encoding:[gzip] Connection:[close] User-Agent:[Go-http-client/1.1]]
        Response Headers: map[Content-Length:[261] Content-Type:[text/plain; charset=utf-8] Date:[Tue, 28 Jul 2026 05:02:29 GMT]]
        
    pod.go:72: 2026-07-28T05:02:29.648107228Z: Response expectation failed for request: [client http://echo/?animal=dolphin&color=yellow]  not ready yet: expected pod name to start with echo-v2, got echo-v1-699dd9bfc7-g5xrx (after 1.573µs)
=== NAME  TestGatewayAPIConformance/MeshHTTPRouteQueryParamMatching/0_request_to_'/?animal=whale'_should_go_to_echo-v1
    pod.go:70: 2026-07-28T05:02:29.660307376Z: Got resp RawContent:       [0] Url=http://echo/?animal=whale
        [0] Latency=37.508613ms
        [0] ActiveRequests=1
        [0] StatusCode=200
        [0] ResponseHeader=Content-Length:247
        [0] ResponseHeader=Content-Type:text/plain; charset=utf-8
        [0] ResponseHeader=Date:Tue, 28 Jul 2026 05:02:29 GMT
        [0 body] ServiceVersion=
        [0 body] ServicePort=8080
        [0 body] Host=echo
        [0 body] URL=/?animal=whale
        [0 body] Method=GET
        [0 body] Proto=HTTP/1.1
        [0 body] IP=10.244.0.33
        [0 body] RequestHeader=Accept-Encoding:gzip
        [0 body] RequestHeader=Connection:close
        [0 body] RequestHeader=User-Agent:Go-http-client/1.1
        [0 body] Hostname=echo-v2-7d46bf8884-7fs28
        
        2026-07-28T05:02:29.652307Z	info	All requests succeeded
        
        ID:               
        Method:           GET
        Protocol:         HTTP/1.1
        Alpn:             
        URL:              /?animal=whale
        Version:          
        Port:             8080
        Code:             200
        Host:             echo
        Hostname:         echo-v2-7d46bf8884-7fs28
        Cluster:          
        IP:               10.244.0.33
        Request Headers:  map[Accept-Encoding:[gzip] Connection:[close] User-Agent:[Go-http-client/1.1]]
        Response Headers: map[Content-Length:[247] Content-Type:[text/plain; charset=utf-8] Date:[Tue, 28 Jul 2026 05:02:29 GMT]]
        
    pod.go:72: 2026-07-28T05:02:29.661668705Z: Response expectation failed for request: [client http://echo/?animal=whale]  not ready yet: expected pod name to start with echo-v1, got echo-v2-7d46bf8884-7fs28 (after 2.665µs)
=== NAME  TestGatewayAPIConformance/MeshHTTPRouteQueryParamMatching/8_request_to_'/path1?animal=whale'_should_go_to_echo-v1
    pod.go:70: 2026-07-28T05:02:29.681852667Z: Got resp RawContent:       [0] Url=http://echo/path1?animal=whale
        [0] Latency=1.966704ms
        [0] ActiveRequests=1
        [0] StatusCode=200
        [0] ResponseHeader=Content-Length:252
        [0] ResponseHeader=Content-Type:text/plain; charset=utf-8
        [0] ResponseHeader=Date:Tue, 28 Jul 2026 05:02:29 GMT
        [0 body] ServiceVersion=
        [0 body] ServicePort=8080
        [0 body] Host=echo
        [0 body] URL=/path1?animal=whale
        [0 body] Method=GET
        [0 body] Proto=HTTP/1.1
        [0 body] IP=10.244.0.33
        [0 body] RequestHeader=Accept-Encoding:gzip
        [0 body] RequestHeader=Connection:close
        [0 body] RequestHeader=User-Agent:Go-http-client/1.1
        [0 body] Hostname=echo-v2-7d46bf8884-7fs28
        
        2026-07-28T05:02:29.678480Z	info	All requests succeeded
        
        ID:               
        Method:           GET
        Protocol:         HTTP/1.1
        Alpn:             
        URL:              /path1?animal=whale
        Version:          
        Port:             8080
        Code:             200
        Host:             echo
        Hostname:         echo-v2-7d46bf8884-7fs28
        Cluster:          
        IP:               10.244.0.33
        Request Headers:  map[Accept-Encoding:[gzip] Connection:[close] User-Agent:[Go-http-client/1.1]]
        Response Headers: map[Content-Length:[252] Content-Type:[text/plain; charset=utf-8] Date:[Tue, 28 Jul 2026 05:02:29 GMT]]
        
    pod.go:72: 2026-07-28T05:02:29.682206844Z: Response expectation failed for request: [client http://echo/path1?animal=whale --method=GET]  not ready yet: expected pod name to start with echo-v1, got echo-v2-7d46bf8884-7fs28 (after 171.620539ms)
=== NAME  TestGatewayAPIConformance/MeshHTTPRouteQueryParamMatching/4_request_to_'/?color=blue'_should_receive_one_of_[]
    pod.go:70: 2026-07-28T05:02:30.689656176Z: Got resp RawContent:       [0] Url=http://echo/?color=blue
        [0] Latency=4.111193ms
        [0] ActiveRequests=1
        [0] StatusCode=404
        [0] ResponseHeader=Content-Length:15
        [0] ResponseHeader=Date:Tue, 28 Jul 2026 05:02:30 GMT
        [0 body] route not found
        
        2026-07-28T05:02:30.682617Z	info	All requests succeeded
        
        ID:               
        Method:           
        Protocol:         
        Alpn:             
        URL:              
        Version:          
        Port:             
        Code:             404
        Host:             
        Hostname:         
        Cluster:          
        IP:               
        Request Headers:  map[]
        Response Headers: map[Content-Length:[15] Date:[Tue, 28 Jul 2026 05:02:30 GMT]]
        
=== NAME  TestGatewayAPIConformance/MeshHTTPRouteQueryParamMatching/3_request_to_'/?animal=dolphin&color=yellow'_should_go_to_echo-v2
    pod.go:70: 2026-07-28T05:02:30.735244649Z: Got resp RawContent:       [0] Url=http://echo/?animal=dolphin&color=yellow
        [0] Latency=7.494809ms
        [0] ActiveRequests=1
        [0] StatusCode=200
        [0] ResponseHeader=Content-Length:230
        [0] ResponseHeader=Content-Type:text/plain; charset=utf-8
        [0] ResponseHeader=Cross-Origin-Opener-Policy:same-origin
        [0] ResponseHeader=Date:Tue, 28 Jul 2026 05:02:30 GMT
        [0] ResponseHeader=Referrer-Policy:strict-origin-when-cross-origin
        [0] ResponseHeader=X-Content-Type-Options:nosniff
        [0] ResponseHeader=X-Frame-Options:DENY
        [0] ResponseHeader=X-Permitted-Cross-Domain-Policies:none
        [0 body] ServiceVersion=
        [0 body] ServicePort=8080
        [0 body] Host=echo
        [0 body] URL=/?animal=dolphin&color=yellow
        [0 body] Method=GET
        [0 body] Proto=HTTP/1.1
        [0 body] IP=10.244.0.8
        [0 body] RequestHeader=Accept-Encoding:gzip
        [0 body] RequestHeader=User-Agent:Go-http-client/1.1
        [0 body] Hostname=echo-v2-7d46bf8884-7fs28
        
        2026-07-28T05:02:30.721701Z	info	All requests succeeded
        
        ID:               
        Method:           GET
        Protocol:         HTTP/1.1
        Alpn:             
        URL:              /?animal=dolphin&color=yellow
        Version:          
        Port:             8080
        Code:             200
        Host:             echo
        Hostname:         echo-v2-7d46bf8884-7fs28
        Cluster:          
        IP:               10.244.0.8
        Request Headers:  map[Accept-Encoding:[gzip] User-Agent:[Go-http-client/1.1]]
        Response Headers: map[Content-Length:[230] Content-Type:[text/plain; charset=utf-8] Cross-Origin-Opener-Policy:[same-origin] Date:[Tue, 28 Jul 2026 05:02:30 GMT] Referrer-Policy:[strict-origin-when-cross-origin] X-Content-Type-Options:[nosniff] X-Frame-Options:[DENY] X-Permitted-Cross-Domain-Policies:[none]]
        
=== NAME  TestGatewayAPIConformance/MeshHTTPRouteQueryParamMatching/0_request_to_'/?animal=whale'_should_go_to_echo-v1
    pod.go:70: 2026-07-28T05:02:30.762635169Z: Got resp RawContent:       [0] Url=http://echo/?animal=whale
        [0] Latency=10.316557ms
        [0] ActiveRequests=1
        [0] StatusCode=200
        [0] ResponseHeader=Content-Length:215
        [0] ResponseHeader=Content-Type:text/plain; charset=utf-8
        [0] ResponseHeader=Cross-Origin-Opener-Policy:same-origin
        [0] ResponseHeader=Date:Tue, 28 Jul 2026 05:02:30 GMT
        [0] ResponseHeader=Referrer-Policy:strict-origin-when-cross-origin
        [0] ResponseHeader=X-Content-Type-Options:nosniff
        [0] ResponseHeader=X-Frame-Options:DENY
        [0] ResponseHeader=X-Permitted-Cross-Domain-Policies:none
        [0 body] ServiceVersion=
        [0 body] ServicePort=8080
        [0 body] Host=echo
        [0 body] URL=/?animal=whale
        [0 body] Method=GET
        [0 body] Proto=HTTP/1.1
        [0 body] IP=10.244.0.8
        [0 body] RequestHeader=Accept-Encoding:gzip
        [0 body] RequestHeader=User-Agent:Go-http-client/1.1
        [0 body] Hostname=echo-v1-699dd9bfc7-g5xrx
        
        2026-07-28T05:02:30.756645Z	info	All requests succeeded
        
        ID:               
        Method:           GET
        Protocol:         HTTP/1.1
        Alpn:             
        URL:              /?animal=whale
        Version:          
        Port:             8080
        Code:             200
        Host:             echo
        Hostname:         echo-v1-699dd9bfc7-g5xrx
        Cluster:          
        IP:               10.244.0.8
        Request Headers:  map[Accept-Encoding:[gzip] User-Agent:[Go-http-client/1.1]]
        Response Headers: map[Content-Length:[215] Content-Type:[text/plain; charset=utf-8] Cross-Origin-Opener-Policy:[same-origin] Date:[Tue, 28 Jul 2026 05:02:30 GMT] Referrer-Policy:[strict-origin-when-cross-origin] X-Content-Type-Options:[nosniff] X-Frame-Options:[DENY] X-Permitted-Cross-Domain-Policies:[none]]
        
=== NAME  TestGatewayAPIConformance/MeshHTTPRouteQueryParamMatching/8_request_to_'/path1?animal=whale'_should_go_to_echo-v1
    pod.go:70: 2026-07-28T05:02:30.776427361Z: Got resp RawContent:       [0] Url=http://echo/path1?animal=whale
        [0] Latency=6.543712ms
        [0] ActiveRequests=1
        [0] StatusCode=200
        [0] ResponseHeader=Content-Length:220
        [0] ResponseHeader=Content-Type:text/plain; charset=utf-8
        [0] ResponseHeader=Cross-Origin-Opener-Policy:same-origin
        [0] ResponseHeader=Date:Tue, 28 Jul 2026 05:02:30 GMT
        [0] ResponseHeader=Referrer-Policy:strict-origin-when-cross-origin
        [0] ResponseHeader=X-Content-Type-Options:nosniff
        [0] ResponseHeader=X-Frame-Options:DENY
        [0] ResponseHeader=X-Permitted-Cross-Domain-Policies:none
        [0 body] ServiceVersion=
        [0 body] ServicePort=8080
        [0 body] Host=echo
        [0 body] URL=/path1?animal=whale
        [0 body] Method=GET
        [0 body] Proto=HTTP/1.1
        [0 body] IP=10.244.0.8
        [0 body] RequestHeader=Accept-Encoding:gzip
        [0 body] RequestHeader=User-Agent:Go-http-client/1.1
        [0 body] Hostname=echo-v1-699dd9bfc7-g5xrx
        
        2026-07-28T05:02:30.770885Z	info	All requests succeeded
        
        ID:               
        Method:           GET
        Protocol:         HTTP/1.1
        Alpn:             
        URL:              /path1?animal=whale
        Version:          
        Port:             8080
        Code:             200
        Host:             echo
        Hostname:         echo-v1-699dd9bfc7-g5xrx
        Cluster:          
        IP:               10.244.0.8
        Request Headers:  map[Accept-Encoding:[gzip] User-Agent:[Go-http-client/1.1]]
        Response Headers: map[Content-Length:[220] Content-Type:[text/plain; charset=utf-8] Cross-Origin-Opener-Policy:[same-origin] Date:[Tue, 28 Jul 2026 05:02:30 GMT] Referrer-Policy:[strict-origin-when-cross-origin] X-Content-Type-Options:[nosniff] X-Frame-Options:[DENY] X-Permitted-Cross-Domain-Policies:[none]]
        
=== NAME  TestGatewayAPIConformance/MeshHTTPRouteQueryParamMatching/4_request_to_'/?color=blue'_should_receive_one_of_[]
    pod.go:70: 2026-07-28T05:02:30.798400711Z: Got resp RawContent:       [0] Url=http://echo/?color=blue
        [0] Latency=3.519899ms
        [0] ActiveRequests=1
        [0] StatusCode=404
        [0] ResponseHeader=Content-Length:15
        [0] ResponseHeader=Date:Tue, 28 Jul 2026 05:02:30 GMT
        [0 body] route not found
        
        2026-07-28T05:02:30.790509Z	info	All requests succeeded
        
        ID:               
        Method:           
        Protocol:         
        Alpn:             
        URL:              
        Version:          
        Port:             
        Code:             404
        Host:             
        Hostname:         
        Cluster:          
        IP:               
        Request Headers:  map[]
        Response Headers: map[Content-Length:[15] Date:[Tue, 28 Jul 2026 05:02:30 GMT]]
        
=== NAME  TestGatewayAPIConformance/MeshHTTPRouteQueryParamMatching/3_request_to_'/?animal=dolphin&color=yellow'_should_go_to_echo-v2
    pod.go:70: 2026-07-28T05:02:30.844540212Z: Got resp RawContent:       [0] Url=http://echo/?animal=dolphin&color=yellow
        [0] Latency=5.984254ms
        [0] ActiveRequests=1
        [0] StatusCode=200
        [0] ResponseHeader=Content-Length:230
        [0] ResponseHeader=Content-Type:text/plain; charset=utf-8
        [0] ResponseHeader=Cross-Origin-Opener-Policy:same-origin
        [0] ResponseHeader=Date:Tue, 28 Jul 2026 05:02:30 GMT
        [0] ResponseHeader=Referrer-Policy:strict-origin-when-cross-origin
        [0] ResponseHeader=X-Content-Type-Options:nosniff
        [0] ResponseHeader=X-Frame-Options:DENY
        [0] ResponseHeader=X-Permitted-Cross-Domain-Policies:none
        [0 body] ServiceVersion=
        [0 body] ServicePort=8080
        [0 body] Host=echo
        [0 body] URL=/?animal=dolphin&color=yellow
        [0 body] Method=GET
        [0 body] Proto=HTTP/1.1
        [0 body] IP=10.244.0.8
        [0 body] RequestHeader=Accept-Encoding:gzip
        [0 body] RequestHeader=User-Agent:Go-http-client/1.1
        [0 body] Hostname=echo-v2-7d46bf8884-7fs28
        
        2026-07-28T05:02:30.833435Z	info	All requests succeeded
        
        ID:               
        Method:           GET
        Protocol:         HTTP/1.1
        Alpn:             
        URL:              /?animal=dolphin&color=yellow
        Version:          
        Port:             8080
        Code:             200
        Host:             echo
        Hostname:         echo-v2-7d46bf8884-7fs28
        Cluster:          
        IP:               10.244.0.8
        Request Headers:  map[Accept-Encoding:[gzip] User-Agent:[Go-http-client/1.1]]
        Response Headers: map[Content-Length:[230] Content-Type:[text/plain; charset=utf-8] Cross-Origin-Opener-Policy:[same-origin] Date:[Tue, 28 Jul 2026 05:02:30 GMT] Referrer-Policy:[strict-origin-when-cross-origin] X-Content-Type-Options:[nosniff] X-Frame-Options:[DENY] X-Permitted-Cross-Domain-Policies:[none]]
        
=== NAME  TestGatewayAPIConformance/MeshHTTPRouteQueryParamMatching/0_request_to_'/?animal=whale'_should_go_to_echo-v1
    pod.go:70: 2026-07-28T05:02:30.870174663Z: Got resp RawContent:       [0] Url=http://echo/?animal=whale
        [0] Latency=4.675548ms
        [0] ActiveRequests=1
        [0] StatusCode=200
        [0] ResponseHeader=Content-Length:215
        [0] ResponseHeader=Content-Type:text/plain; charset=utf-8
        [0] ResponseHeader=Cross-Origin-Opener-Policy:same-origin
        [0] ResponseHeader=Date:Tue, 28 Jul 2026 05:02:30 GMT
        [0] ResponseHeader=Referrer-Policy:strict-origin-when-cross-origin
        [0] ResponseHeader=X-Content-Type-Options:nosniff
        [0] ResponseHeader=X-Frame-Options:DENY
        [0] ResponseHeader=X-Permitted-Cross-Domain-Policies:none
        [0 body] ServiceVersion=
        [0 body] ServicePort=8080
        [0 body] Host=echo
        [0 body] URL=/?animal=whale
        [0 body] Method=GET
        [0 body] Proto=HTTP/1.1
        [0 body] IP=10.244.0.8
        [0 body] RequestHeader=Accept-Encoding:gzip
        [0 body] RequestHeader=User-Agent:Go-http-client/1.1
        [0 body] Hostname=echo-v1-699dd9bfc7-g5xrx
        
        2026-07-28T05:02:30.862187Z	info	All requests succeeded
        
        ID:               
        Method:           GET
        Protocol:         HTTP/1.1
        Alpn:             
        URL:              /?animal=whale
        Version:          
        Port:             8080
        Code:             200
        Host:             echo
        Hostname:         echo-v1-699dd9bfc7-g5xrx
        Cluster:          
        IP:               10.244.0.8
        Request Headers:  map[Accept-Encoding:[gzip] User-Agent:[Go-http-client/1.1]]
        Response Headers: map[Content-Length:[215] Content-Type:[text/plain; charset=utf-8] Cross-Origin-Opener-Policy:[same-origin] Date:[Tue, 28 Jul 2026 05:02:30 GMT] Referrer-Policy:[strict-origin-when-cross-origin] X-Content-Type-Options:[nosniff] X-Frame-Options:[DENY] X-Permitted-Cross-Domain-Policies:[none]]
        
=== NAME  TestGatewayAPIConformance/MeshHTTPRouteQueryParamMatching/8_request_to_'/path1?animal=whale'_should_go_to_echo-v1
    pod.go:70: 2026-07-28T05:02:30.876662748Z: Got resp RawContent:       [0] Url=http://echo/path1?animal=whale
        [0] Latency=5.098517ms
        [0] ActiveRequests=1
        [0] StatusCode=200
        [0] ResponseHeader=Content-Length:220
        [0] ResponseHeader=Content-Type:text/plain; charset=utf-8
        [0] ResponseHeader=Cross-Origin-Opener-Policy:same-origin
        [0] ResponseHeader=Date:Tue, 28 Jul 2026 05:02:30 GMT
        [0] ResponseHeader=Referrer-Policy:strict-origin-when-cross-origin
        [0] ResponseHeader=X-Content-Type-Options:nosniff
        [0] ResponseHeader=X-Frame-Options:DENY
        [0] ResponseHeader=X-Permitted-Cross-Domain-Policies:none
        [0 body] ServiceVersion=
        [0 body] ServicePort=8080
        [0 body] Host=echo
        [0 body] URL=/path1?animal=whale
        [0 body] Method=GET
        [0 body] Proto=HTTP/1.1
        [0 body] IP=10.244.0.8
        [0 body] RequestHeader=Accept-Encoding:gzip
        [0 body] RequestHeader=User-Agent:Go-http-client/1.1
        [0 body] Hostname=echo-v1-699dd9bfc7-g5xrx
        
        2026-07-28T05:02:30.869570Z	info	All requests succeeded
        
        ID:               
        Method:           GET
        Protocol:         HTTP/1.1
        Alpn:             
        URL:              /path1?animal=whale
        Version:          
        Port:             8080
        Code:             200
        Host:             echo
        Hostname:         echo-v1-699dd9bfc7-g5xrx
        Cluster:          
        IP:               10.244.0.8
        Request Headers:  map[Accept-Encoding:[gzip] User-Agent:[Go-http-client/1.1]]
        Response Headers: map[Content-Length:[220] Content-Type:[text/plain; charset=utf-8] Cross-Origin-Opener-Policy:[same-origin] Date:[Tue, 28 Jul 2026 05:02:30 GMT] Referrer-Policy:[strict-origin-when-cross-origin] X-Content-Type-Options:[nosniff] X-Frame-Options:[DENY] X-Permitted-Cross-Domain-Policies:[none]]
        
=== NAME  TestGatewayAPIConformance/MeshHTTPRouteQueryParamMatching/4_request_to_'/?color=blue'_should_receive_one_of_[]
    pod.go:70: 2026-07-28T05:02:30.8981464Z: Got resp RawContent:       [0] Url=http://echo/?color=blue
        [0] Latency=4.821766ms
        [0] ActiveRequests=1
        [0] StatusCode=404
        [0] ResponseHeader=Content-Length:15
        [0] ResponseHeader=Date:Tue, 28 Jul 2026 05:02:30 GMT
        [0 body] route not found
        
        2026-07-28T05:02:30.887244Z	info	All requests succeeded
        
        ID:               
        Method:           
        Protocol:         
        Alpn:             
        URL:              
        Version:          
        Port:             
        Code:             404
        Host:             
        Hostname:         
        Cluster:          
        IP:               
        Request Headers:  map[]
        Response Headers: map[Content-Length:[15] Date:[Tue, 28 Jul 2026 05:02:30 GMT]]
        
    httproute-query-param-matching.go:131: 2026-07-28T05:02:30.898258548Z: Request passed
=== CONT  TestGatewayAPIConformance/MeshHTTPRouteQueryParamMatching/14_request_to_'/path5?animal=hydra'_should_go_to_echo-v1
=== NAME  TestGatewayAPIConformance/MeshHTTPRouteQueryParamMatching/3_request_to_'/?animal=dolphin&color=yellow'_should_go_to_echo-v2
    pod.go:70: 2026-07-28T05:02:30.958757932Z: Got resp RawContent:       [0] Url=http://echo/?animal=dolphin&color=yellow
        [0] Latency=5.295847ms
        [0] ActiveRequests=1
        [0] StatusCode=200
        [0] ResponseHeader=Content-Length:230
        [0] ResponseHeader=Content-Type:text/plain; charset=utf-8
        [0] ResponseHeader=Cross-Origin-Opener-Policy:same-origin
        [0] ResponseHeader=Date:Tue, 28 Jul 2026 05:02:30 GMT
        [0] ResponseHeader=Referrer-Policy:strict-origin-when-cross-origin
        [0] ResponseHeader=X-Content-Type-Options:nosniff
        [0] ResponseHeader=X-Frame-Options:DENY
        [0] ResponseHeader=X-Permitted-Cross-Domain-Policies:none
        [0 body] ServiceVersion=
        [0 body] ServicePort=8080
        [0 body] Host=echo
        [0 body] URL=/?animal=dolphin&color=yellow
        [0 body] Method=GET
        [0 body] Proto=HTTP/1.1
        [0 body] IP=10.244.0.8
        [0 body] RequestHeader=Accept-Encoding:gzip
        [0 body] RequestHeader=User-Agent:Go-http-client/1.1
        [0 body] Hostname=echo-v2-7d46bf8884-7fs28
        
        2026-07-28T05:02:30.949579Z	info	All requests succeeded
        
        ID:               
        Method:           GET
        Protocol:         HTTP/1.1
        Alpn:             
        URL:              /?animal=dolphin&color=yellow
        Version:          
        Port:             8080
        Code:             200
        Host:             echo
        Hostname:         echo-v2-7d46bf8884-7fs28
        Cluster:          
        IP:               10.244.0.8
        Request Headers:  map[Accept-Encoding:[gzip] User-Agent:[Go-http-client/1.1]]
        Response Headers: map[Content-Length:[230] Content-Type:[text/plain; charset=utf-8] Cross-Origin-Opener-Policy:[same-origin] Date:[Tue, 28 Jul 2026 05:02:30 GMT] Referrer-Policy:[strict-origin-when-cross-origin] X-Content-Type-Options:[nosniff] X-Frame-Options:[DENY] X-Permitted-Cross-Domain-Policies:[none]]
        
    httproute-query-param-matching.go:131: 2026-07-28T05:02:30.958902791Z: Request passed
=== CONT  TestGatewayAPIConformance/MeshHTTPRouteQueryParamMatching/13_request_to_'/path4?animal=kraken'_should_receive_one_of_[]
=== NAME  TestGatewayAPIConformance/MeshHTTPRouteQueryParamMatching/8_request_to_'/path1?animal=whale'_should_go_to_echo-v1
    pod.go:70: 2026-07-28T05:02:30.979430876Z: Got resp RawContent:       [0] Url=http://echo/path1?animal=whale
        [0] Latency=5.252983ms
        [0] ActiveRequests=1
        [0] StatusCode=200
        [0] ResponseHeader=Content-Length:220
        [0] ResponseHeader=Content-Type:text/plain; charset=utf-8
        [0] ResponseHeader=Cross-Origin-Opener-Policy:same-origin
        [0] ResponseHeader=Date:Tue, 28 Jul 2026 05:02:30 GMT
        [0] ResponseHeader=Referrer-Policy:strict-origin-when-cross-origin
        [0] ResponseHeader=X-Content-Type-Options:nosniff
        [0] ResponseHeader=X-Frame-Options:DENY
        [0] ResponseHeader=X-Permitted-Cross-Domain-Policies:none
        [0 body] ServiceVersion=
        [0 body] ServicePort=8080
        [0 body] Host=echo
        [0 body] URL=/path1?animal=whale
        [0 body] Method=GET
        [0 body] Proto=HTTP/1.1
        [0 body] IP=10.244.0.8
        [0 body] RequestHeader=Accept-Encoding:gzip
        [0 body] RequestHeader=User-Agent:Go-http-client/1.1
        [0 body] Hostname=echo-v1-699dd9bfc7-g5xrx
        
        2026-07-28T05:02:30.973456Z	info	All requests succeeded
        
        ID:               
        Method:           GET
        Protocol:         HTTP/1.1
        Alpn:             
        URL:              /path1?animal=whale
        Version:          
        Port:             8080
        Code:             200
        Host:             echo
        Hostname:         echo-v1-699dd9bfc7-g5xrx
        Cluster:          
        IP:               10.244.0.8
        Request Headers:  map[Accept-Encoding:[gzip] User-Agent:[Go-http-client/1.1]]
        Response Headers: map[Content-Length:[220] Content-Type:[text/plain; charset=utf-8] Cross-Origin-Opener-Policy:[same-origin] Date:[Tue, 28 Jul 2026 05:02:30 GMT] Referrer-Policy:[strict-origin-when-cross-origin] X-Content-Type-Options:[nosniff] X-Frame-Options:[DENY] X-Permitted-Cross-Domain-Policies:[none]]
        
    httproute-query-param-matching.go:131: 2026-07-28T05:02:30.979775746Z: Request passed
=== CONT  TestGatewayAPIConformance/MeshHTTPRouteQueryParamMatching/12_request_to_'/?animal=shark'_should_receive_one_of_[]
=== NAME  TestGatewayAPIConformance/MeshHTTPRouteQueryParamMatching/14_request_to_'/path5?animal=hydra'_should_go_to_echo-v1
    pod.go:70: 2026-07-28T05:02:30.995159916Z: Got resp RawContent:       [0] Url=http://echo/path5?animal=hydra
        [0] Latency=3.104084ms
        [0] ActiveRequests=1
        [0] StatusCode=200
        [0] ResponseHeader=Content-Length:220
        [0] ResponseHeader=Content-Type:text/plain; charset=utf-8
        [0] ResponseHeader=Cross-Origin-Opener-Policy:same-origin
        [0] ResponseHeader=Date:Tue, 28 Jul 2026 05:02:30 GMT
        [0] ResponseHeader=Referrer-Policy:strict-origin-when-cross-origin
        [0] ResponseHeader=X-Content-Type-Options:nosniff
        [0] ResponseHeader=X-Frame-Options:DENY
        [0] ResponseHeader=X-Permitted-Cross-Domain-Policies:none
        [0 body] ServiceVersion=
        [0 body] ServicePort=8080
        [0 body] Host=echo
        [0 body] URL=/path5?animal=hydra
        [0 body] Method=GET
        [0 body] Proto=HTTP/1.1
        [0 body] IP=10.244.0.8
        [0 body] RequestHeader=Accept-Encoding:gzip
        [0 body] RequestHeader=User-Agent:Go-http-client/1.1
        [0 body] Hostname=echo-v1-699dd9bfc7-g5xrx
        
        2026-07-28T05:02:30.988875Z	info	All requests succeeded
        
        ID:               
        Method:           GET
        Protocol:         HTTP/1.1
        Alpn:             
        URL:              /path5?animal=hydra
        Version:          
        Port:             8080
        Code:             200
        Host:             echo
        Hostname:         echo-v1-699dd9bfc7-g5xrx
        Cluster:          
        IP:               10.244.0.8
        Request Headers:  map[Accept-Encoding:[gzip] User-Agent:[Go-http-client/1.1]]
        Response Headers: map[Content-Length:[220] Content-Type:[text/plain; charset=utf-8] Cross-Origin-Opener-Policy:[same-origin] Date:[Tue, 28 Jul 2026 05:02:30 GMT] Referrer-Policy:[strict-origin-when-cross-origin] X-Content-Type-Options:[nosniff] X-Frame-Options:[DENY] X-Permitted-Cross-Domain-Policies:[none]]
        
=== NAME  TestGatewayAPIConformance/MeshHTTPRouteQueryParamMatching/0_request_to_'/?animal=whale'_should_go_to_echo-v1
    pod.go:70: 2026-07-28T05:02:30.996219402Z: Got resp RawContent:       [0] Url=http://echo/?animal=whale
        [0] Latency=10.629296ms
        [0] ActiveRequests=1
        [0] StatusCode=200
        [0] ResponseHeader=Content-Length:215
        [0] ResponseHeader=Content-Type:text/plain; charset=utf-8
        [0] ResponseHeader=Cross-Origin-Opener-Policy:same-origin
        [0] ResponseHeader=Date:Tue, 28 Jul 2026 05:02:30 GMT
        [0] ResponseHeader=Referrer-Policy:strict-origin-when-cross-origin
        [0] ResponseHeader=X-Content-Type-Options:nosniff
        [0] ResponseHeader=X-Frame-Options:DENY
        [0] ResponseHeader=X-Permitted-Cross-Domain-Policies:none
        [0 body] ServiceVersion=
        [0 body] ServicePort=8080
        [0 body] Host=echo
        [0 body] URL=/?animal=whale
        [0 body] Method=GET
        [0 body] Proto=HTTP/1.1
        [0 body] IP=10.244.0.8
        [0 body] RequestHeader=Accept-Encoding:gzip
        [0 body] RequestHeader=User-Agent:Go-http-client/1.1
        [0 body] Hostname=echo-v1-699dd9bfc7-g5xrx
        
        2026-07-28T05:02:30.988338Z	info	All requests succeeded
        
        ID:               
        Method:           GET
        Protocol:         HTTP/1.1
        Alpn:             
        URL:              /?animal=whale
        Version:          
        Port:             8080
        Code:             200
        Host:             echo
        Hostname:         echo-v1-699dd9bfc7-g5xrx
        Cluster:          
        IP:               10.244.0.8
        Request Headers:  map[Accept-Encoding:[gzip] User-Agent:[Go-http-client/1.1]]
        Response Headers: map[Content-Length:[215] Content-Type:[text/plain; charset=utf-8] Cross-Origin-Opener-Policy:[same-origin] Date:[Tue, 28 Jul 2026 05:02:30 GMT] Referrer-Policy:[strict-origin-when-cross-origin] X-Content-Type-Options:[nosniff] X-Frame-Options:[DENY] X-Permitted-Cross-Domain-Policies:[none]]
        
    httproute-query-param-matching.go:131: 2026-07-28T05:02:30.996341739Z: Request passed
=== CONT  TestGatewayAPIConformance/MeshHTTPRouteQueryParamMatching/11_request_to_'/path4?animal=kraken'_with_headers_should_go_to_echo-v1
=== NAME  TestGatewayAPIConformance/MeshHTTPRouteQueryParamMatching/13_request_to_'/path4?animal=kraken'_should_receive_one_of_[]
    pod.go:70: 2026-07-28T05:02:31.049586959Z: Got resp RawContent:       [0] Url=http://echo/path4?animal=kraken
        [0] Latency=6.69132ms
        [0] ActiveRequests=1
        [0] StatusCode=404
        [0] ResponseHeader=Content-Length:15
        [0] ResponseHeader=Date:Tue, 28 Jul 2026 05:02:31 GMT
        [0 body] route not found
        
        2026-07-28T05:02:31.039397Z	info	All requests succeeded
        
        ID:               
        Method:           
        Protocol:         
        Alpn:             
        URL:              
        Version:          
        Port:             
        Code:             404
        Host:             
        Hostname:         
        Cluster:          
        IP:               
        Request Headers:  map[]
        Response Headers: map[Content-Length:[15] Date:[Tue, 28 Jul 2026 05:02:31 GMT]]
        
=== NAME  TestGatewayAPIConformance/MeshHTTPRouteQueryParamMatching/12_request_to_'/?animal=shark'_should_receive_one_of_[]
    pod.go:70: 2026-07-28T05:02:31.104888719Z: Got resp RawContent:       [0] Url=http://echo/?animal=shark
        [0] Latency=4.563831ms
        [0] ActiveRequests=1
        [0] StatusCode=404
        [0] ResponseHeader=Content-Length:15
        [0] ResponseHeader=Date:Tue, 28 Jul 2026 05:02:31 GMT
        [0 body] route not found
        
        2026-07-28T05:02:31.095682Z	info	All requests succeeded
        
        ID:               
        Method:           
        Protocol:         
        Alpn:             
        URL:              
        Version:          
        Port:             
        Code:             404
        Host:             
        Hostname:         
        Cluster:          
        IP:               
        Request Headers:  map[]
        Response Headers: map[Content-Length:[15] Date:[Tue, 28 Jul 2026 05:02:31 GMT]]
        
=== NAME  TestGatewayAPIConformance/MeshHTTPRouteQueryParamMatching/14_request_to_'/path5?animal=hydra'_should_go_to_echo-v1
    pod.go:70: 2026-07-28T05:02:31.120093107Z: Got resp RawContent:       [0] Url=http://echo/path5?animal=hydra
        [0] Latency=6.263954ms
        [0] ActiveRequests=1
        [0] StatusCode=200
        [0] ResponseHeader=Content-Length:220
        [0] ResponseHeader=Content-Type:text/plain; charset=utf-8
        [0] ResponseHeader=Cross-Origin-Opener-Policy:same-origin
        [0] ResponseHeader=Date:Tue, 28 Jul 2026 05:02:31 GMT
        [0] ResponseHeader=Referrer-Policy:strict-origin-when-cross-origin
        [0] ResponseHeader=X-Content-Type-Options:nosniff
        [0] ResponseHeader=X-Frame-Options:DENY
        [0] ResponseHeader=X-Permitted-Cross-Domain-Policies:none
        [0 body] ServiceVersion=
        [0 body] ServicePort=8080
        [0 body] Host=echo
        [0 body] URL=/path5?animal=hydra
        [0 body] Method=GET
        [0 body] Proto=HTTP/1.1
        [0 body] IP=10.244.0.8
        [0 body] RequestHeader=Accept-Encoding:gzip
        [0 body] RequestHeader=User-Agent:Go-http-client/1.1
        [0 body] Hostname=echo-v1-699dd9bfc7-g5xrx
        
        2026-07-28T05:02:31.112010Z	info	All requests succeeded
        
        ID:               
        Method:           GET
        Protocol:         HTTP/1.1
        Alpn:             
        URL:              /path5?animal=hydra
        Version:          
        Port:             8080
        Code:             200
        Host:             echo
        Hostname:         echo-v1-699dd9bfc7-g5xrx
        Cluster:          
        IP:               10.244.0.8
        Request Headers:  map[Accept-Encoding:[gzip] User-Agent:[Go-http-client/1.1]]
        Response Headers: map[Content-Length:[220] Content-Type:[text/plain; charset=utf-8] Cross-Origin-Opener-Policy:[same-origin] Date:[Tue, 28 Jul 2026 05:02:31 GMT] Referrer-Policy:[strict-origin-when-cross-origin] X-Content-Type-Options:[nosniff] X-Frame-Options:[DENY] X-Permitted-Cross-Domain-Policies:[none]]
        
=== NAME  TestGatewayAPIConformance/MeshHTTPRouteQueryParamMatching/11_request_to_'/path4?animal=kraken'_with_headers_should_go_to_echo-v1
    pod.go:70: 2026-07-28T05:02:31.120868827Z: Got resp RawContent:       [0] Url=http://echo/path4?animal=kraken
        [0] Header=version:three
        [0] Latency=9.61573ms
        [0] ActiveRequests=1
        [0] StatusCode=200
        [0] ResponseHeader=Content-Length:249
        [0] ResponseHeader=Content-Type:text/plain; charset=utf-8
        [0] ResponseHeader=Cross-Origin-Opener-Policy:same-origin
        [0] ResponseHeader=Date:Tue, 28 Jul 2026 05:02:31 GMT
        [0] ResponseHeader=Referrer-Policy:strict-origin-when-cross-origin
        [0] ResponseHeader=X-Content-Type-Options:nosniff
        [0] ResponseHeader=X-Frame-Options:DENY
        [0] ResponseHeader=X-Permitted-Cross-Domain-Policies:none
        [0 body] ServiceVersion=
        [0 body] ServicePort=8080
        [0 body] Host=echo
        [0 body] URL=/path4?animal=kraken
        [0 body] Method=GET
        [0 body] Proto=HTTP/1.1
        [0 body] IP=10.244.0.8
        [0 body] RequestHeader=Accept-Encoding:gzip
        [0 body] RequestHeader=User-Agent:Go-http-client/1.1
        [0 body] RequestHeader=Version:three
        [0 body] Hostname=echo-v1-699dd9bfc7-g5xrx
        
        2026-07-28T05:02:31.112928Z	info	All requests succeeded
        
        ID:               
        Method:           GET
        Protocol:         HTTP/1.1
        Alpn:             
        URL:              /path4?animal=kraken
        Version:          
        Port:             8080
        Code:             200
        Host:             echo
        Hostname:         echo-v1-699dd9bfc7-g5xrx
        Cluster:          
        IP:               10.244.0.8
        Request Headers:  map[Accept-Encoding:[gzip] User-Agent:[Go-http-client/1.1] Version:[three]]
        Response Headers: map[Content-Length:[249] Content-Type:[text/plain; charset=utf-8] Cross-Origin-Opener-Policy:[same-origin] Date:[Tue, 28 Jul 2026 05:02:31 GMT] Referrer-Policy:[strict-origin-when-cross-origin] X-Content-Type-Options:[nosniff] X-Frame-Options:[DENY] X-Permitted-Cross-Domain-Policies:[none]]
        
=== NAME  TestGatewayAPIConformance/MeshHTTPRouteQueryParamMatching/13_request_to_'/path4?animal=kraken'_should_receive_one_of_[]
    pod.go:70: 2026-07-28T05:02:31.155649134Z: Got resp RawContent:       [0] Url=http://echo/path4?animal=kraken
        [0] Latency=3.527938ms
        [0] ActiveRequests=1
        [0] StatusCode=404
        [0] ResponseHeader=Content-Length:15
        [0] ResponseHeader=Date:Tue, 28 Jul 2026 05:02:31 GMT
        [0 body] route not found
        
        2026-07-28T05:02:31.146306Z	info	All requests succeeded
        
        ID:               
        Method:           
        Protocol:         
        Alpn:             
        URL:              
        Version:          
        Port:             
        Code:             404
        Host:             
        Hostname:         
        Cluster:          
        IP:               
        Request Headers:  map[]
        Response Headers: map[Content-Length:[15] Date:[Tue, 28 Jul 2026 05:02:31 GMT]]
        
=== NAME  TestGatewayAPIConformance/MeshHTTPRouteQueryParamMatching/12_request_to_'/?animal=shark'_should_receive_one_of_[]
    pod.go:70: 2026-07-28T05:02:31.217228045Z: Got resp RawContent:       [0] Url=http://echo/?animal=shark
        [0] Latency=4.917061ms
        [0] ActiveRequests=1
        [0] StatusCode=404
        [0] ResponseHeader=Content-Length:15
        [0] ResponseHeader=Date:Tue, 28 Jul 2026 05:02:31 GMT
        [0 body] route not found
        
        2026-07-28T05:02:31.207993Z	info	All requests succeeded
        
        ID:               
        Method:           
        Protocol:         
        Alpn:             
        URL:              
        Version:          
        Port:             
        Code:             404
        Host:             
        Hostname:         
        Cluster:          
        IP:               
        Request Headers:  map[]
        Response Headers: map[Content-Length:[15] Date:[Tue, 28 Jul 2026 05:02:31 GMT]]
        
=== NAME  TestGatewayAPIConformance/MeshHTTPRouteQueryParamMatching/14_request_to_'/path5?animal=hydra'_should_go_to_echo-v1
    pod.go:70: 2026-07-28T05:02:31.232723326Z: Got resp RawContent:       [0] Url=http://echo/path5?animal=hydra
        [0] Latency=5.295692ms
        [0] ActiveRequests=1
        [0] StatusCode=200
        [0] ResponseHeader=Content-Length:220
        [0] ResponseHeader=Content-Type:text/plain; charset=utf-8
        [0] ResponseHeader=Cross-Origin-Opener-Policy:same-origin
        [0] ResponseHeader=Date:Tue, 28 Jul 2026 05:02:31 GMT
        [0] ResponseHeader=Referrer-Policy:strict-origin-when-cross-origin
        [0] ResponseHeader=X-Content-Type-Options:nosniff
        [0] ResponseHeader=X-Frame-Options:DENY
        [0] ResponseHeader=X-Permitted-Cross-Domain-Policies:none
        [0 body] ServiceVersion=
        [0 body] ServicePort=8080
        [0 body] Host=echo
        [0 body] URL=/path5?animal=hydra
        [0 body] Method=GET
        [0 body] Proto=HTTP/1.1
        [0 body] IP=10.244.0.8
        [0 body] RequestHeader=Accept-Encoding:gzip
        [0 body] RequestHeader=User-Agent:Go-http-client/1.1
        [0 body] Hostname=echo-v1-699dd9bfc7-g5xrx
        
        2026-07-28T05:02:31.225865Z	info	All requests succeeded
        
        ID:               
        Method:           GET
        Protocol:         HTTP/1.1
        Alpn:             
        URL:              /path5?animal=hydra
        Version:          
        Port:             8080
        Code:             200
        Host:             echo
        Hostname:         echo-v1-699dd9bfc7-g5xrx
        Cluster:          
        IP:               10.244.0.8
        Request Headers:  map[Accept-Encoding:[gzip] User-Agent:[Go-http-client/1.1]]
        Response Headers: map[Content-Length:[220] Content-Type:[text/plain; charset=utf-8] Cross-Origin-Opener-Policy:[same-origin] Date:[Tue, 28 Jul 2026 05:02:31 GMT] Referrer-Policy:[strict-origin-when-cross-origin] X-Content-Type-Options:[nosniff] X-Frame-Options:[DENY] X-Permitted-Cross-Domain-Policies:[none]]
        
    httproute-query-param-matching.go:131: 2026-07-28T05:02:31.233106217Z: Request passed
=== CONT  TestGatewayAPIConformance/MeshHTTPRouteQueryParamMatching/10_request_to_'/path3?animal=shark'_should_go_to_echo-v1
=== NAME  TestGatewayAPIConformance/MeshHTTPRouteQueryParamMatching/11_request_to_'/path4?animal=kraken'_with_headers_should_go_to_echo-v1
    pod.go:70: 2026-07-28T05:02:31.234215235Z: Got resp RawContent:       [0] Url=http://echo/path4?animal=kraken
        [0] Header=version:three
        [0] Latency=13.354668ms
        [0] ActiveRequests=1
        [0] StatusCode=200
        [0] ResponseHeader=Content-Length:249
        [0] ResponseHeader=Content-Type:text/plain; charset=utf-8
        [0] ResponseHeader=Cross-Origin-Opener-Policy:same-origin
        [0] ResponseHeader=Date:Tue, 28 Jul 2026 05:02:31 GMT
        [0] ResponseHeader=Referrer-Policy:strict-origin-when-cross-origin
        [0] ResponseHeader=X-Content-Type-Options:nosniff
        [0] ResponseHeader=X-Frame-Options:DENY
        [0] ResponseHeader=X-Permitted-Cross-Domain-Policies:none
        [0 body] ServiceVersion=
        [0 body] ServicePort=8080
        [0 body] Host=echo
        [0 body] URL=/path4?animal=kraken
        [0 body] Method=GET
        [0 body] Proto=HTTP/1.1
        [0 body] IP=10.244.0.8
        [0 body] RequestHeader=Accept-Encoding:gzip
        [0 body] RequestHeader=User-Agent:Go-http-client/1.1
        [0 body] RequestHeader=Version:three
        [0 body] Hostname=echo-v1-699dd9bfc7-g5xrx
        
        2026-07-28T05:02:31.223960Z	info	All requests succeeded
        
        ID:               
        Method:           GET
        Protocol:         HTTP/1.1
        Alpn:             
        URL:              /path4?animal=kraken
        Version:          
        Port:             8080
        Code:             200
        Host:             echo
        Hostname:         echo-v1-699dd9bfc7-g5xrx
        Cluster:          
        IP:               10.244.0.8
        Request Headers:  map[Accept-Encoding:[gzip] User-Agent:[Go-http-client/1.1] Version:[three]]
        Response Headers: map[Content-Length:[249] Content-Type:[text/plain; charset=utf-8] Cross-Origin-Opener-Policy:[same-origin] Date:[Tue, 28 Jul 2026 05:02:31 GMT] Referrer-Policy:[strict-origin-when-cross-origin] X-Content-Type-Options:[nosniff] X-Frame-Options:[DENY] X-Permitted-Cross-Domain-Policies:[none]]
        
=== NAME  TestGatewayAPIConformance/MeshHTTPRouteQueryParamMatching/13_request_to_'/path4?animal=kraken'_should_receive_one_of_[]
    pod.go:70: 2026-07-28T05:02:31.249378219Z: Got resp RawContent:       [0] Url=http://echo/path4?animal=kraken
        [0] Latency=13.298132ms
        [0] ActiveRequests=1
        [0] StatusCode=404
        [0] ResponseHeader=Content-Length:15
        [0] ResponseHeader=Date:Tue, 28 Jul 2026 05:02:31 GMT
        [0 body] route not found
        
        2026-07-28T05:02:31.243014Z	info	All requests succeeded
        
        ID:               
        Method:           
        Protocol:         
        Alpn:             
        URL:              
        Version:          
        Port:             
        Code:             404
        Host:             
        Hostname:         
        Cluster:          
        IP:               
        Request Headers:  map[]
        Response Headers: map[Content-Length:[15] Date:[Tue, 28 Jul 2026 05:02:31 GMT]]
        
    httproute-query-param-matching.go:131: 2026-07-28T05:02:31.250071987Z: Request passed
=== CONT  TestGatewayAPIConformance/MeshHTTPRouteQueryParamMatching/9_request_to_'/?animal=whale'_with_headers_should_go_to_echo-v2
=== NAME  TestGatewayAPIConformance/MeshHTTPRouteQueryParamMatching/12_request_to_'/?animal=shark'_should_receive_one_of_[]
    pod.go:70: 2026-07-28T05:02:31.314585307Z: Got resp RawContent:       [0] Url=http://echo/?animal=shark
        [0] Latency=5.759721ms
        [0] ActiveRequests=1
        [0] StatusCode=404
        [0] ResponseHeader=Content-Length:15
        [0] ResponseHeader=Date:Tue, 28 Jul 2026 05:02:31 GMT
        [0 body] route not found
        
        2026-07-28T05:02:31.306137Z	info	All requests succeeded
        
        ID:               
        Method:           
        Protocol:         
        Alpn:             
        URL:              
        Version:          
        Port:             
        Code:             404
        Host:             
        Hostname:         
        Cluster:          
        IP:               
        Request Headers:  map[]
        Response Headers: map[Content-Length:[15] Date:[Tue, 28 Jul 2026 05:02:31 GMT]]
        
    httproute-query-param-matching.go:131: 2026-07-28T05:02:31.314831314Z: Request passed
=== CONT  TestGatewayAPIConformance/MeshHTTPRouteQueryParamMatching/6_request_to_'/?animal=whaledolphin'_should_receive_one_of_[]
=== NAME  TestGatewayAPIConformance/MeshHTTPRouteQueryParamMatching/10_request_to_'/path3?animal=shark'_should_go_to_echo-v1
    pod.go:70: 2026-07-28T05:02:31.335695808Z: Got resp RawContent:       [0] Url=http://echo/path3?animal=shark
        [0] Latency=7.09568ms
        [0] ActiveRequests=1
        [0] StatusCode=200
        [0] ResponseHeader=Content-Length:220
        [0] ResponseHeader=Content-Type:text/plain; charset=utf-8
        [0] ResponseHeader=Cross-Origin-Opener-Policy:same-origin
        [0] ResponseHeader=Date:Tue, 28 Jul 2026 05:02:31 GMT
        [0] ResponseHeader=Referrer-Policy:strict-origin-when-cross-origin
        [0] ResponseHeader=X-Content-Type-Options:nosniff
        [0] ResponseHeader=X-Frame-Options:DENY
        [0] ResponseHeader=X-Permitted-Cross-Domain-Policies:none
        [0 body] ServiceVersion=
        [0 body] ServicePort=8080
        [0 body] Host=echo
        [0 body] URL=/path3?animal=shark
        [0 body] Method=GET
        [0 body] Proto=HTTP/1.1
        [0 body] IP=10.244.0.8
        [0 body] RequestHeader=Accept-Encoding:gzip
        [0 body] RequestHeader=User-Agent:Go-http-client/1.1
        [0 body] Hostname=echo-v1-699dd9bfc7-g5xrx
        
        2026-07-28T05:02:31.325844Z	info	All requests succeeded
        
        ID:               
        Method:           GET
        Protocol:         HTTP/1.1
        Alpn:             
        URL:              /path3?animal=shark
        Version:          
        Port:             8080
        Code:             200
        Host:             echo
        Hostname:         echo-v1-699dd9bfc7-g5xrx
        Cluster:          
        IP:               10.244.0.8
        Request Headers:  map[Accept-Encoding:[gzip] User-Agent:[Go-http-client/1.1]]
        Response Headers: map[Content-Length:[220] Content-Type:[text/plain; charset=utf-8] Cross-Origin-Opener-Policy:[same-origin] Date:[Tue, 28 Jul 2026 05:02:31 GMT] Referrer-Policy:[strict-origin-when-cross-origin] X-Content-Type-Options:[nosniff] X-Frame-Options:[DENY] X-Permitted-Cross-Domain-Policies:[none]]
        
=== NAME  TestGatewayAPIConformance/MeshHTTPRouteQueryParamMatching/11_request_to_'/path4?animal=kraken'_with_headers_should_go_to_echo-v1
    pod.go:70: 2026-07-28T05:02:31.346109538Z: Got resp RawContent:       [0] Url=http://echo/path4?animal=kraken
        [0] Header=version:three
        [0] Latency=6.847149ms
        [0] ActiveRequests=1
        [0] StatusCode=200
        [0] ResponseHeader=Content-Length:249
        [0] ResponseHeader=Content-Type:text/plain; charset=utf-8
        [0] ResponseHeader=Cross-Origin-Opener-Policy:same-origin
        [0] ResponseHeader=Date:Tue, 28 Jul 2026 05:02:31 GMT
        [0] ResponseHeader=Referrer-Policy:strict-origin-when-cross-origin
        [0] ResponseHeader=X-Content-Type-Options:nosniff
        [0] ResponseHeader=X-Frame-Options:DENY
        [0] ResponseHeader=X-Permitted-Cross-Domain-Policies:none
        [0 body] ServiceVersion=
        [0 body] ServicePort=8080
        [0 body] Host=echo
        [0 body] URL=/path4?animal=kraken
        [0 body] Method=GET
        [0 body] Proto=HTTP/1.1
        [0 body] IP=10.244.0.8
        [0 body] RequestHeader=Accept-Encoding:gzip
        [0 body] RequestHeader=User-Agent:Go-http-client/1.1
        [0 body] RequestHeader=Version:three
        [0 body] Hostname=echo-v1-699dd9bfc7-g5xrx
        
        2026-07-28T05:02:31.336569Z	info	All requests succeeded
        
        ID:               
        Method:           GET
        Protocol:         HTTP/1.1
        Alpn:             
        URL:              /path4?animal=kraken
        Version:          
        Port:             8080
        Code:             200
        Host:             echo
        Hostname:         echo-v1-699dd9bfc7-g5xrx
        Cluster:          
        IP:               10.244.0.8
        Request Headers:  map[Accept-Encoding:[gzip] User-Agent:[Go-http-client/1.1] Version:[three]]
        Response Headers: map[Content-Length:[249] Content-Type:[text/plain; charset=utf-8] Cross-Origin-Opener-Policy:[same-origin] Date:[Tue, 28 Jul 2026 05:02:31 GMT] Referrer-Policy:[strict-origin-when-cross-origin] X-Content-Type-Options:[nosniff] X-Frame-Options:[DENY] X-Permitted-Cross-Domain-Policies:[none]]
        
    httproute-query-param-matching.go:131: 2026-07-28T05:02:31.346898362Z: Request passed
=== CONT  TestGatewayAPIConformance/MeshHTTPRouteQueryParamMatching/7_request_to_'/'_should_receive_one_of_[]
=== NAME  TestGatewayAPIConformance/MeshHTTPRouteQueryParamMatching/9_request_to_'/?animal=whale'_with_headers_should_go_to_echo-v2
    pod.go:70: 2026-07-28T05:02:31.358309732Z: Got resp RawContent:       [0] Url=http://echo/?animal=whale
        [0] Header=version:one
        [0] Latency=6.263125ms
        [0] ActiveRequests=1
        [0] StatusCode=200
        [0] ResponseHeader=Content-Length:241
        [0] ResponseHeader=Content-Type:text/plain; charset=utf-8
        [0] ResponseHeader=Cross-Origin-Opener-Policy:same-origin
        [0] ResponseHeader=Date:Tue, 28 Jul 2026 05:02:31 GMT
        [0] ResponseHeader=Referrer-Policy:strict-origin-when-cross-origin
        [0] ResponseHeader=X-Content-Type-Options:nosniff
        [0] ResponseHeader=X-Frame-Options:DENY
        [0] ResponseHeader=X-Permitted-Cross-Domain-Policies:none
        [0 body] ServiceVersion=
        [0 body] ServicePort=8080
        [0 body] Host=echo
        [0 body] URL=/?animal=whale
        [0 body] Method=GET
        [0 body] Proto=HTTP/1.1
        [0 body] IP=10.244.0.8
        [0 body] RequestHeader=Accept-Encoding:gzip
        [0 body] RequestHeader=User-Agent:Go-http-client/1.1
        [0 body] RequestHeader=Version:one
        [0 body] Hostname=echo-v2-7d46bf8884-7fs28
        
        2026-07-28T05:02:31.352416Z	info	All requests succeeded
        
        ID:               
        Method:           GET
        Protocol:         HTTP/1.1
        Alpn:             
        URL:              /?animal=whale
        Version:          
        Port:             8080
        Code:             200
        Host:             echo
        Hostname:         echo-v2-7d46bf8884-7fs28
        Cluster:          
        IP:               10.244.0.8
        Request Headers:  map[Accept-Encoding:[gzip] User-Agent:[Go-http-client/1.1] Version:[one]]
        Response Headers: map[Content-Length:[241] Content-Type:[text/plain; charset=utf-8] Cross-Origin-Opener-Policy:[same-origin] Date:[Tue, 28 Jul 2026 05:02:31 GMT] Referrer-Policy:[strict-origin-when-cross-origin] X-Content-Type-Options:[nosniff] X-Frame-Options:[DENY] X-Permitted-Cross-Domain-Policies:[none]]
        
=== NAME  TestGatewayAPIConformance/MeshHTTPRouteQueryParamMatching/6_request_to_'/?animal=whaledolphin'_should_receive_one_of_[]
    pod.go:70: 2026-07-28T05:02:31.409055904Z: Got resp RawContent:       [0] Url=http://echo/?animal=whaledolphin
        [0] Latency=4.289311ms
        [0] ActiveRequests=1
        [0] StatusCode=404
        [0] ResponseHeader=Content-Length:15
        [0] ResponseHeader=Date:Tue, 28 Jul 2026 05:02:31 GMT
        [0 body] route not found
        
        2026-07-28T05:02:31.402456Z	info	All requests succeeded
        
        ID:               
        Method:           
        Protocol:         
        Alpn:             
        URL:              
        Version:          
        Port:             
        Code:             404
        Host:             
        Hostname:         
        Cluster:          
        IP:               
        Request Headers:  map[]
        Response Headers: map[Content-Length:[15] Date:[Tue, 28 Jul 2026 05:02:31 GMT]]
        
=== NAME  TestGatewayAPIConformance/MeshHTTPRouteQueryParamMatching/10_request_to_'/path3?animal=shark'_should_go_to_echo-v1
    pod.go:70: 2026-07-28T05:02:31.451670214Z: Got resp RawContent:       [0] Url=http://echo/path3?animal=shark
        [0] Latency=10.608253ms
        [0] ActiveRequests=1
        [0] StatusCode=200
        [0] ResponseHeader=Content-Length:220
        [0] ResponseHeader=Content-Type:text/plain; charset=utf-8
        [0] ResponseHeader=Cross-Origin-Opener-Policy:same-origin
        [0] ResponseHeader=Date:Tue, 28 Jul 2026 05:02:31 GMT
        [0] ResponseHeader=Referrer-Policy:strict-origin-when-cross-origin
        [0] ResponseHeader=X-Content-Type-Options:nosniff
        [0] ResponseHeader=X-Frame-Options:DENY
        [0] ResponseHeader=X-Permitted-Cross-Domain-Policies:none
        [0 body] ServiceVersion=
        [0 body] ServicePort=8080
        [0 body] Host=echo
        [0 body] URL=/path3?animal=shark
        [0 body] Method=GET
        [0 body] Proto=HTTP/1.1
        [0 body] IP=10.244.0.8
        [0 body] RequestHeader=Accept-Encoding:gzip
        [0 body] RequestHeader=User-Agent:Go-http-client/1.1
        [0 body] Hostname=echo-v1-699dd9bfc7-g5xrx
        
        2026-07-28T05:02:31.441391Z	info	All requests succeeded
        
        ID:               
        Method:           GET
        Protocol:         HTTP/1.1
        Alpn:             
        URL:              /path3?animal=shark
        Version:          
        Port:             8080
        Code:             200
        Host:             echo
        Hostname:         echo-v1-699dd9bfc7-g5xrx
        Cluster:          
        IP:               10.244.0.8
        Request Headers:  map[Accept-Encoding:[gzip] User-Agent:[Go-http-client/1.1]]
        Response Headers: map[Content-Length:[220] Content-Type:[text/plain; charset=utf-8] Cross-Origin-Opener-Policy:[same-origin] Date:[Tue, 28 Jul 2026 05:02:31 GMT] Referrer-Policy:[strict-origin-when-cross-origin] X-Content-Type-Options:[nosniff] X-Frame-Options:[DENY] X-Permitted-Cross-Domain-Policies:[none]]
        
=== NAME  TestGatewayAPIConformance/MeshHTTPRouteQueryParamMatching/9_request_to_'/?animal=whale'_with_headers_should_go_to_echo-v2
    pod.go:70: 2026-07-28T05:02:31.461280131Z: Got resp RawContent:       [0] Url=http://echo/?animal=whale
        [0] Header=version:one
        [0] Latency=9.380937ms
        [0] ActiveRequests=1
        [0] StatusCode=200
        [0] ResponseHeader=Content-Length:241
        [0] ResponseHeader=Content-Type:text/plain; charset=utf-8
        [0] ResponseHeader=Cross-Origin-Opener-Policy:same-origin
        [0] ResponseHeader=Date:Tue, 28 Jul 2026 05:02:31 GMT
        [0] ResponseHeader=Referrer-Policy:strict-origin-when-cross-origin
        [0] ResponseHeader=X-Content-Type-Options:nosniff
        [0] ResponseHeader=X-Frame-Options:DENY
        [0] ResponseHeader=X-Permitted-Cross-Domain-Policies:none
        [0 body] ServiceVersion=
        [0 body] ServicePort=8080
        [0 body] Host=echo
        [0 body] URL=/?animal=whale
        [0 body] Method=GET
        [0 body] Proto=HTTP/1.1
        [0 body] IP=10.244.0.8
        [0 body] RequestHeader=Accept-Encoding:gzip
        [0 body] RequestHeader=User-Agent:Go-http-client/1.1
        [0 body] RequestHeader=Version:one
        [0 body] Hostname=echo-v2-7d46bf8884-7fs28
        
        2026-07-28T05:02:31.452819Z	info	All requests succeeded
        
        ID:               
        Method:           GET
        Protocol:         HTTP/1.1
        Alpn:             
        URL:              /?animal=whale
        Version:          
        Port:             8080
        Code:             200
        Host:             echo
        Hostname:         echo-v2-7d46bf8884-7fs28
        Cluster:          
        IP:               10.244.0.8
        Request Headers:  map[Accept-Encoding:[gzip] User-Agent:[Go-http-client/1.1] Version:[one]]
        Response Headers: map[Content-Length:[241] Content-Type:[text/plain; charset=utf-8] Cross-Origin-Opener-Policy:[same-origin] Date:[Tue, 28 Jul 2026 05:02:31 GMT] Referrer-Policy:[strict-origin-when-cross-origin] X-Content-Type-Options:[nosniff] X-Frame-Options:[DENY] X-Permitted-Cross-Domain-Policies:[none]]
        
=== NAME  TestGatewayAPIConformance/MeshHTTPRouteQueryParamMatching/7_request_to_'/'_should_receive_one_of_[]
    pod.go:70: 2026-07-28T05:02:31.473356551Z: Got resp RawContent:       [0] Url=http://echo/
        [0] Latency=12.472566ms
        [0] ActiveRequests=1
        [0] StatusCode=404
        [0] ResponseHeader=Content-Length:15
        [0] ResponseHeader=Date:Tue, 28 Jul 2026 05:02:31 GMT
        [0 body] route not found
        
        2026-07-28T05:02:31.463243Z	info	All requests succeeded
        
        ID:               
        Method:           
        Protocol:         
        Alpn:             
        URL:              
        Version:          
        Port:             
        Code:             404
        Host:             
        Hostname:         
        Cluster:          
        IP:               
        Request Headers:  map[]
        Response Headers: map[Content-Length:[15] Date:[Tue, 28 Jul 2026 05:02:31 GMT]]
        
=== NAME  TestGatewayAPIConformance/MeshHTTPRouteQueryParamMatching/6_request_to_'/?animal=whaledolphin'_should_receive_one_of_[]
    pod.go:70: 2026-07-28T05:02:31.504203117Z: Got resp RawContent:       [0] Url=http://echo/?animal=whaledolphin
        [0] Latency=4.00348ms
        [0] ActiveRequests=1
        [0] StatusCode=404
        [0] ResponseHeader=Content-Length:15
        [0] ResponseHeader=Date:Tue, 28 Jul 2026 05:02:31 GMT
        [0 body] route not found
        
        2026-07-28T05:02:31.494729Z	info	All requests succeeded
        
        ID:               
        Method:           
        Protocol:         
        Alpn:             
        URL:              
        Version:          
        Port:             
        Code:             404
        Host:             
        Hostname:         
        Cluster:          
        IP:               
        Request Headers:  map[]
        Response Headers: map[Content-Length:[15] Date:[Tue, 28 Jul 2026 05:02:31 GMT]]
        
=== NAME  TestGatewayAPIConformance/MeshHTTPRouteQueryParamMatching/10_request_to_'/path3?animal=shark'_should_go_to_echo-v1
    pod.go:70: 2026-07-28T05:02:31.54905299Z: Got resp RawContent:       [0] Url=http://echo/path3?animal=shark
        [0] Latency=3.902581ms
        [0] ActiveRequests=1
        [0] StatusCode=200
        [0] ResponseHeader=Content-Length:220
        [0] ResponseHeader=Content-Type:text/plain; charset=utf-8
        [0] ResponseHeader=Cross-Origin-Opener-Policy:same-origin
        [0] ResponseHeader=Date:Tue, 28 Jul 2026 05:02:31 GMT
        [0] ResponseHeader=Referrer-Policy:strict-origin-when-cross-origin
        [0] ResponseHeader=X-Content-Type-Options:nosniff
        [0] ResponseHeader=X-Frame-Options:DENY
        [0] ResponseHeader=X-Permitted-Cross-Domain-Policies:none
        [0 body] ServiceVersion=
        [0 body] ServicePort=8080
        [0 body] Host=echo
        [0 body] URL=/path3?animal=shark
        [0 body] Method=GET
        [0 body] Proto=HTTP/1.1
        [0 body] IP=10.244.0.8
        [0 body] RequestHeader=Accept-Encoding:gzip
        [0 body] RequestHeader=User-Agent:Go-http-client/1.1
        [0 body] Hostname=echo-v1-699dd9bfc7-g5xrx
        
        2026-07-28T05:02:31.541069Z	info	All requests succeeded
        
        ID:               
        Method:           GET
        Protocol:         HTTP/1.1
        Alpn:             
        URL:              /path3?animal=shark
        Version:          
        Port:             8080
        Code:             200
        Host:             echo
        Hostname:         echo-v1-699dd9bfc7-g5xrx
        Cluster:          
        IP:               10.244.0.8
        Request Headers:  map[Accept-Encoding:[gzip] User-Agent:[Go-http-client/1.1]]
        Response Headers: map[Content-Length:[220] Content-Type:[text/plain; charset=utf-8] Cross-Origin-Opener-Policy:[same-origin] Date:[Tue, 28 Jul 2026 05:02:31 GMT] Referrer-Policy:[strict-origin-when-cross-origin] X-Content-Type-Options:[nosniff] X-Frame-Options:[DENY] X-Permitted-Cross-Domain-Policies:[none]]
        
    httproute-query-param-matching.go:131: 2026-07-28T05:02:31.549212937Z: Request passed
=== CONT  TestGatewayAPIConformance/MeshHTTPRouteQueryParamMatching/2_request_to_'/?animal=whale&otherparam=irrelevant'_should_go_to_echo-v1
=== NAME  TestGatewayAPIConformance/MeshHTTPRouteQueryParamMatching/9_request_to_'/?animal=whale'_with_headers_should_go_to_echo-v2
    pod.go:70: 2026-07-28T05:02:31.554291694Z: Got resp RawContent:       [0] Url=http://echo/?animal=whale
        [0] Header=version:one
        [0] Latency=7.986045ms
        [0] ActiveRequests=1
        [0] StatusCode=200
        [0] ResponseHeader=Content-Length:241
        [0] ResponseHeader=Content-Type:text/plain; charset=utf-8
        [0] ResponseHeader=Cross-Origin-Opener-Policy:same-origin
        [0] ResponseHeader=Date:Tue, 28 Jul 2026 05:02:31 GMT
        [0] ResponseHeader=Referrer-Policy:strict-origin-when-cross-origin
        [0] ResponseHeader=X-Content-Type-Options:nosniff
        [0] ResponseHeader=X-Frame-Options:DENY
        [0] ResponseHeader=X-Permitted-Cross-Domain-Policies:none
        [0 body] ServiceVersion=
        [0 body] ServicePort=8080
        [0 body] Host=echo
        [0 body] URL=/?animal=whale
        [0 body] Method=GET
        [0 body] Proto=HTTP/1.1
        [0 body] IP=10.244.0.8
        [0 body] RequestHeader=Accept-Encoding:gzip
        [0 body] RequestHeader=User-Agent:Go-http-client/1.1
        [0 body] RequestHeader=Version:one
        [0 body] Hostname=echo-v2-7d46bf8884-7fs28
        
        2026-07-28T05:02:31.545175Z	info	All requests succeeded
        
        ID:               
        Method:           GET
        Protocol:         HTTP/1.1
        Alpn:             
        URL:              /?animal=whale
        Version:          
        Port:             8080
        Code:             200
        Host:             echo
        Hostname:         echo-v2-7d46bf8884-7fs28
        Cluster:          
        IP:               10.244.0.8
        Request Headers:  map[Accept-Encoding:[gzip] User-Agent:[Go-http-client/1.1] Version:[one]]
        Response Headers: map[Content-Length:[241] Content-Type:[text/plain; charset=utf-8] Cross-Origin-Opener-Policy:[same-origin] Date:[Tue, 28 Jul 2026 05:02:31 GMT] Referrer-Policy:[strict-origin-when-cross-origin] X-Content-Type-Options:[nosniff] X-Frame-Options:[DENY] X-Permitted-Cross-Domain-Policies:[none]]
        
    httproute-query-param-matching.go:131: 2026-07-28T05:02:31.554438156Z: Request passed
=== CONT  TestGatewayAPIConformance/MeshHTTPRouteQueryParamMatching/5_request_to_'/?animal=dog'_should_receive_one_of_[]
=== NAME  TestGatewayAPIConformance/MeshHTTPRouteQueryParamMatching/7_request_to_'/'_should_receive_one_of_[]
    pod.go:70: 2026-07-28T05:02:31.577707216Z: Got resp RawContent:       [0] Url=http://echo/
        [0] Latency=5.569258ms
        [0] ActiveRequests=1
        [0] StatusCode=404
        [0] ResponseHeader=Content-Length:15
        [0] ResponseHeader=Date:Tue, 28 Jul 2026 05:02:31 GMT
        [0 body] route not found
        
        2026-07-28T05:02:31.568010Z	info	All requests succeeded
        
        ID:               
        Method:           
        Protocol:         
        Alpn:             
        URL:              
        Version:          
        Port:             
        Code:             404
        Host:             
        Hostname:         
        Cluster:          
        IP:               
        Request Headers:  map[]
        Response Headers: map[Content-Length:[15] Date:[Tue, 28 Jul 2026 05:02:31 GMT]]
        
=== NAME  TestGatewayAPIConformance/MeshHTTPRouteQueryParamMatching/6_request_to_'/?animal=whaledolphin'_should_receive_one_of_[]
    pod.go:70: 2026-07-28T05:02:31.613505215Z: Got resp RawContent:       [0] Url=http://echo/?animal=whaledolphin
        [0] Latency=7.125643ms
        [0] ActiveRequests=1
        [0] StatusCode=404
        [0] ResponseHeader=Content-Length:15
        [0] ResponseHeader=Date:Tue, 28 Jul 2026 05:02:31 GMT
        [0 body] route not found
        
        2026-07-28T05:02:31.604693Z	info	All requests succeeded
        
        ID:               
        Method:           
        Protocol:         
        Alpn:             
        URL:              
        Version:          
        Port:             
        Code:             404
        Host:             
        Hostname:         
        Cluster:          
        IP:               
        Request Headers:  map[]
        Response Headers: map[Content-Length:[15] Date:[Tue, 28 Jul 2026 05:02:31 GMT]]
        
    httproute-query-param-matching.go:131: 2026-07-28T05:02:31.613661675Z: Request passed
=== CONT  TestGatewayAPIConformance/MeshHTTPRouteQueryParamMatching/1_request_to_'/?animal=dolphin'_should_go_to_echo-v2
=== NAME  TestGatewayAPIConformance/MeshHTTPRouteQueryParamMatching/2_request_to_'/?animal=whale&otherparam=irrelevant'_should_go_to_echo-v1
    pod.go:70: 2026-07-28T05:02:31.661420929Z: Got resp RawContent:       [0] Url=http://echo/?animal=whale&otherparam=irrelevant
        [0] Latency=10.417617ms
        [0] ActiveRequests=1
        [0] StatusCode=200
        [0] ResponseHeader=Content-Length:237
        [0] ResponseHeader=Content-Type:text/plain; charset=utf-8
        [0] ResponseHeader=Cross-Origin-Opener-Policy:same-origin
        [0] ResponseHeader=Date:Tue, 28 Jul 2026 05:02:31 GMT
        [0] ResponseHeader=Referrer-Policy:strict-origin-when-cross-origin
        [0] ResponseHeader=X-Content-Type-Options:nosniff
        [0] ResponseHeader=X-Frame-Options:DENY
        [0] ResponseHeader=X-Permitted-Cross-Domain-Policies:none
        [0 body] ServiceVersion=
        [0 body] ServicePort=8080
        [0 body] Host=echo
        [0 body] URL=/?animal=whale&otherparam=irrelevant
        [0 body] Method=GET
        [0 body] Proto=HTTP/1.1
        [0 body] IP=10.244.0.8
        [0 body] RequestHeader=Accept-Encoding:gzip
        [0 body] RequestHeader=User-Agent:Go-http-client/1.1
        [0 body] Hostname=echo-v1-699dd9bfc7-g5xrx
        
        2026-07-28T05:02:31.648058Z	info	All requests succeeded
        
        ID:               
        Method:           GET
        Protocol:         HTTP/1.1
        Alpn:             
        URL:              /?animal=whale&otherparam=irrelevant
        Version:          
        Port:             8080
        Code:             200
        Host:             echo
        Hostname:         echo-v1-699dd9bfc7-g5xrx
        Cluster:          
        IP:               10.244.0.8
        Request Headers:  map[Accept-Encoding:[gzip] User-Agent:[Go-http-client/1.1]]
        Response Headers: map[Content-Length:[237] Content-Type:[text/plain; charset=utf-8] Cross-Origin-Opener-Policy:[same-origin] Date:[Tue, 28 Jul 2026 05:02:31 GMT] Referrer-Policy:[strict-origin-when-cross-origin] X-Content-Type-Options:[nosniff] X-Frame-Options:[DENY] X-Permitted-Cross-Domain-Policies:[none]]
        
=== NAME  TestGatewayAPIConformance/MeshHTTPRouteQueryParamMatching/5_request_to_'/?animal=dog'_should_receive_one_of_[]
    pod.go:70: 2026-07-28T05:02:31.671937725Z: Got resp RawContent:       [0] Url=http://echo/?animal=dog
        [0] Latency=14.474088ms
        [0] ActiveRequests=1
        [0] StatusCode=404
        [0] ResponseHeader=Content-Length:15
        [0] ResponseHeader=Date:Tue, 28 Jul 2026 05:02:31 GMT
        [0 body] route not found
        
        2026-07-28T05:02:31.656330Z	info	All requests succeeded
        
        ID:               
        Method:           
        Protocol:         
        Alpn:             
        URL:              
        Version:          
        Port:             
        Code:             404
        Host:             
        Hostname:         
        Cluster:          
        IP:               
        Request Headers:  map[]
        Response Headers: map[Content-Length:[15] Date:[Tue, 28 Jul 2026 05:02:31 GMT]]
        
=== NAME  TestGatewayAPIConformance/MeshHTTPRouteQueryParamMatching/1_request_to_'/?animal=dolphin'_should_go_to_echo-v2
    pod.go:70: 2026-07-28T05:02:31.751915286Z: Got resp RawContent:       [0] Url=http://echo/?animal=dolphin
        [0] Latency=41.786483ms
        [0] ActiveRequests=1
        [0] StatusCode=200
        [0] ResponseHeader=Content-Length:217
        [0] ResponseHeader=Content-Type:text/plain; charset=utf-8
        [0] ResponseHeader=Cross-Origin-Opener-Policy:same-origin
        [0] ResponseHeader=Date:Tue, 28 Jul 2026 05:02:31 GMT
        [0] ResponseHeader=Referrer-Policy:strict-origin-when-cross-origin
        [0] ResponseHeader=X-Content-Type-Options:nosniff
        [0] ResponseHeader=X-Frame-Options:DENY
        [0] ResponseHeader=X-Permitted-Cross-Domain-Policies:none
        [0 body] ServiceVersion=
        [0 body] ServicePort=8080
        [0 body] Host=echo
        [0 body] URL=/?animal=dolphin
        [0 body] Method=GET
        [0 body] Proto=HTTP/1.1
        [0 body] IP=10.244.0.8
        [0 body] RequestHeader=Accept-Encoding:gzip
        [0 body] RequestHeader=User-Agent:Go-http-client/1.1
        [0 body] Hostname=echo-v2-7d46bf8884-7fs28
        
        2026-07-28T05:02:31.739852Z	info	All requests succeeded
        
        ID:               
        Method:           GET
        Protocol:         HTTP/1.1
        Alpn:             
        URL:              /?animal=dolphin
        Version:          
        Port:             8080
        Code:             200
        Host:             echo
        Hostname:         echo-v2-7d46bf8884-7fs28
        Cluster:          
        IP:               10.244.0.8
        Request Headers:  map[Accept-Encoding:[gzip] User-Agent:[Go-http-client/1.1]]
        Response Headers: map[Content-Length:[217] Content-Type:[text/plain; charset=utf-8] Cross-Origin-Opener-Policy:[same-origin] Date:[Tue, 28 Jul 2026 05:02:31 GMT] Referrer-Policy:[strict-origin-when-cross-origin] X-Content-Type-Options:[nosniff] X-Frame-Options:[DENY] X-Permitted-Cross-Domain-Policies:[none]]
        
=== NAME  TestGatewayAPIConformance/MeshHTTPRouteQueryParamMatching/7_request_to_'/'_should_receive_one_of_[]
    pod.go:70: 2026-07-28T05:02:31.753190063Z: Got resp RawContent:       [0] Url=http://echo/
        [0] Latency=65.203476ms
        [0] ActiveRequests=1
        [0] StatusCode=404
        [0] ResponseHeader=Content-Length:15
        [0] ResponseHeader=Date:Tue, 28 Jul 2026 05:02:31 GMT
        [0 body] route not found
        
        2026-07-28T05:02:31.739662Z	info	All requests succeeded
        
        ID:               
        Method:           
        Protocol:         
        Alpn:             
        URL:              
        Version:          
        Port:             
        Code:             404
        Host:             
        Hostname:         
        Cluster:          
        IP:               
        Request Headers:  map[]
        Response Headers: map[Content-Length:[15] Date:[Tue, 28 Jul 2026 05:02:31 GMT]]
        
    httproute-query-param-matching.go:131: 2026-07-28T05:02:31.753281843Z: Request passed
=== NAME  TestGatewayAPIConformance/MeshHTTPRouteQueryParamMatching/5_request_to_'/?animal=dog'_should_receive_one_of_[]
    pod.go:70: 2026-07-28T05:02:31.754929151Z: Got resp RawContent:       [0] Url=http://echo/?animal=dog
        [0] Latency=14.004664ms
        [0] ActiveRequests=1
        [0] StatusCode=404
        [0] ResponseHeader=Content-Length:15
        [0] ResponseHeader=Date:Tue, 28 Jul 2026 05:02:31 GMT
        [0 body] route not found
        
        2026-07-28T05:02:31.747218Z	info	All requests succeeded
        
        ID:               
        Method:           
        Protocol:         
        Alpn:             
        URL:              
        Version:          
        Port:             
        Code:             404
        Host:             
        Hostname:         
        Cluster:          
        IP:               
        Request Headers:  map[]
        Response Headers: map[Content-Length:[15] Date:[Tue, 28 Jul 2026 05:02:31 GMT]]
        
=== NAME  TestGatewayAPIConformance/MeshHTTPRouteQueryParamMatching/2_request_to_'/?animal=whale&otherparam=irrelevant'_should_go_to_echo-v1
    pod.go:70: 2026-07-28T05:02:31.756126262Z: Got resp RawContent:       [0] Url=http://echo/?animal=whale&otherparam=irrelevant
        [0] Latency=6.732817ms
        [0] ActiveRequests=1
        [0] StatusCode=200
        [0] ResponseHeader=Content-Length:237
        [0] ResponseHeader=Content-Type:text/plain; charset=utf-8
        [0] ResponseHeader=Cross-Origin-Opener-Policy:same-origin
        [0] ResponseHeader=Date:Tue, 28 Jul 2026 05:02:31 GMT
        [0] ResponseHeader=Referrer-Policy:strict-origin-when-cross-origin
        [0] ResponseHeader=X-Content-Type-Options:nosniff
        [0] ResponseHeader=X-Frame-Options:DENY
        [0] ResponseHeader=X-Permitted-Cross-Domain-Policies:none
        [0 body] ServiceVersion=
        [0 body] ServicePort=8080
        [0 body] Host=echo
        [0 body] URL=/?animal=whale&otherparam=irrelevant
        [0 body] Method=GET
        [0 body] Proto=HTTP/1.1
        [0 body] IP=10.244.0.8
        [0 body] RequestHeader=Accept-Encoding:gzip
        [0 body] RequestHeader=User-Agent:Go-http-client/1.1
        [0 body] Hostname=echo-v1-699dd9bfc7-g5xrx
        
        2026-07-28T05:02:31.741256Z	info	All requests succeeded
        
        ID:               
        Method:           GET
        Protocol:         HTTP/1.1
        Alpn:             
        URL:              /?animal=whale&otherparam=irrelevant
        Version:          
        Port:             8080
        Code:             200
        Host:             echo
        Hostname:         echo-v1-699dd9bfc7-g5xrx
        Cluster:          
        IP:               10.244.0.8
        Request Headers:  map[Accept-Encoding:[gzip] User-Agent:[Go-http-client/1.1]]
        Response Headers: map[Content-Length:[237] Content-Type:[text/plain; charset=utf-8] Cross-Origin-Opener-Policy:[same-origin] Date:[Tue, 28 Jul 2026 05:02:31 GMT] Referrer-Policy:[strict-origin-when-cross-origin] X-Content-Type-Options:[nosniff] X-Frame-Options:[DENY] X-Permitted-Cross-Domain-Policies:[none]]
        
    pod.go:70: 2026-07-28T05:02:31.841430184Z: Got resp RawContent:       [0] Url=http://echo/?animal=whale&otherparam=irrelevant
        [0] Latency=5.679718ms
        [0] ActiveRequests=1
        [0] StatusCode=200
        [0] ResponseHeader=Content-Length:237
        [0] ResponseHeader=Content-Type:text/plain; charset=utf-8
        [0] ResponseHeader=Cross-Origin-Opener-Policy:same-origin
        [0] ResponseHeader=Date:Tue, 28 Jul 2026 05:02:31 GMT
        [0] ResponseHeader=Referrer-Policy:strict-origin-when-cross-origin
        [0] ResponseHeader=X-Content-Type-Options:nosniff
        [0] ResponseHeader=X-Frame-Options:DENY
        [0] ResponseHeader=X-Permitted-Cross-Domain-Policies:none
        [0 body] ServiceVersion=
        [0 body] ServicePort=8080
        [0 body] Host=echo
        [0 body] URL=/?animal=whale&otherparam=irrelevant
        [0 body] Method=GET
        [0 body] Proto=HTTP/1.1
        [0 body] IP=10.244.0.8
        [0 body] RequestHeader=Accept-Encoding:gzip
        [0 body] RequestHeader=User-Agent:Go-http-client/1.1
        [0 body] Hostname=echo-v1-699dd9bfc7-g5xrx
        
        2026-07-28T05:02:31.836203Z	info	All requests succeeded
        
        ID:               
        Method:           GET
        Protocol:         HTTP/1.1
        Alpn:             
        URL:              /?animal=whale&otherparam=irrelevant
        Version:          
        Port:             8080
        Code:             200
        Host:             echo
        Hostname:         echo-v1-699dd9bfc7-g5xrx
        Cluster:          
        IP:               10.244.0.8
        Request Headers:  map[Accept-Encoding:[gzip] User-Agent:[Go-http-client/1.1]]
        Response Headers: map[Content-Length:[237] Content-Type:[text/plain; charset=utf-8] Cross-Origin-Opener-Policy:[same-origin] Date:[Tue, 28 Jul 2026 05:02:31 GMT] Referrer-Policy:[strict-origin-when-cross-origin] X-Content-Type-Options:[nosniff] X-Frame-Options:[DENY] X-Permitted-Cross-Domain-Policies:[none]]
        
    httproute-query-param-matching.go:131: 2026-07-28T05:02:31.841586555Z: Request passed
=== NAME  TestGatewayAPIConformance/MeshHTTPRouteQueryParamMatching/1_request_to_'/?animal=dolphin'_should_go_to_echo-v2
    pod.go:70: 2026-07-28T05:02:31.857556477Z: Got resp RawContent:       [0] Url=http://echo/?animal=dolphin
        [0] Latency=5.577447ms
        [0] ActiveRequests=1
        [0] StatusCode=200
        [0] ResponseHeader=Content-Length:217
        [0] ResponseHeader=Content-Type:text/plain; charset=utf-8
        [0] ResponseHeader=Cross-Origin-Opener-Policy:same-origin
        [0] ResponseHeader=Date:Tue, 28 Jul 2026 05:02:31 GMT
        [0] ResponseHeader=Referrer-Policy:strict-origin-when-cross-origin
        [0] ResponseHeader=X-Content-Type-Options:nosniff
        [0] ResponseHeader=X-Frame-Options:DENY
        [0] ResponseHeader=X-Permitted-Cross-Domain-Policies:none
        [0 body] ServiceVersion=
        [0 body] ServicePort=8080
        [0 body] Host=echo
        [0 body] URL=/?animal=dolphin
        [0 body] Method=GET
        [0 body] Proto=HTTP/1.1
        [0 body] IP=10.244.0.8
        [0 body] RequestHeader=Accept-Encoding:gzip
        [0 body] RequestHeader=User-Agent:Go-http-client/1.1
        [0 body] Hostname=echo-v2-7d46bf8884-7fs28
        
        2026-07-28T05:02:31.852229Z	info	All requests succeeded
        
        ID:               
        Method:           GET
        Protocol:         HTTP/1.1
        Alpn:             
        URL:              /?animal=dolphin
        Version:          
        Port:             8080
        Code:             200
        Host:             echo
        Hostname:         echo-v2-7d46bf8884-7fs28
        Cluster:          
        IP:               10.244.0.8
        Request Headers:  map[Accept-Encoding:[gzip] User-Agent:[Go-http-client/1.1]]
        Response Headers: map[Content-Length:[217] Content-Type:[text/plain; charset=utf-8] Cross-Origin-Opener-Policy:[same-origin] Date:[Tue, 28 Jul 2026 05:02:31 GMT] Referrer-Policy:[strict-origin-when-cross-origin] X-Content-Type-Options:[nosniff] X-Frame-Options:[DENY] X-Permitted-Cross-Domain-Policies:[none]]
        
=== NAME  TestGatewayAPIConformance/MeshHTTPRouteQueryParamMatching/5_request_to_'/?animal=dog'_should_receive_one_of_[]
    pod.go:70: 2026-07-28T05:02:31.862909763Z: Got resp RawContent:       [0] Url=http://echo/?animal=dog
        [0] Latency=7.144756ms
        [0] ActiveRequests=1
        [0] StatusCode=404
        [0] ResponseHeader=Content-Length:15
        [0] ResponseHeader=Date:Tue, 28 Jul 2026 05:02:31 GMT
        [0 body] route not found
        
        2026-07-28T05:02:31.852773Z	info	All requests succeeded
        
        ID:               
        Method:           
        Protocol:         
        Alpn:             
        URL:              
        Version:          
        Port:             
        Code:             404
        Host:             
        Hostname:         
        Cluster:          
        IP:               
        Request Headers:  map[]
        Response Headers: map[Content-Length:[15] Date:[Tue, 28 Jul 2026 05:02:31 GMT]]
        
    httproute-query-param-matching.go:131: 2026-07-28T05:02:31.862998989Z: Request passed
=== NAME  TestGatewayAPIConformance/MeshHTTPRouteQueryParamMatching/1_request_to_'/?animal=dolphin'_should_go_to_echo-v2
    pod.go:70: 2026-07-28T05:02:31.914955807Z: Got resp RawContent:       [0] Url=http://echo/?animal=dolphin
        [0] Latency=2.439387ms
        [0] ActiveRequests=1
        [0] StatusCode=200
        [0] ResponseHeader=Content-Length:217
        [0] ResponseHeader=Content-Type:text/plain; charset=utf-8
        [0] ResponseHeader=Cross-Origin-Opener-Policy:same-origin
        [0] ResponseHeader=Date:Tue, 28 Jul 2026 05:02:31 GMT
        [0] ResponseHeader=Referrer-Policy:strict-origin-when-cross-origin
        [0] ResponseHeader=X-Content-Type-Options:nosniff
        [0] ResponseHeader=X-Frame-Options:DENY
        [0] ResponseHeader=X-Permitted-Cross-Domain-Policies:none
        [0 body] ServiceVersion=
        [0 body] ServicePort=8080
        [0 body] Host=echo
        [0 body] URL=/?animal=dolphin
        [0 body] Method=GET
        [0 body] Proto=HTTP/1.1
        [0 body] IP=10.244.0.8
        [0 body] RequestHeader=Accept-Encoding:gzip
        [0 body] RequestHeader=User-Agent:Go-http-client/1.1
        [0 body] Hostname=echo-v2-7d46bf8884-7fs28
        
        2026-07-28T05:02:31.910974Z	info	All requests succeeded
        
        ID:               
        Method:           GET
        Protocol:         HTTP/1.1
        Alpn:             
        URL:              /?animal=dolphin
        Version:          
        Port:             8080
        Code:             200
        Host:             echo
        Hostname:         echo-v2-7d46bf8884-7fs28
        Cluster:          
        IP:               10.244.0.8
        Request Headers:  map[Accept-Encoding:[gzip] User-Agent:[Go-http-client/1.1]]
        Response Headers: map[Content-Length:[217] Content-Type:[text/plain; charset=utf-8] Cross-Origin-Opener-Policy:[same-origin] Date:[Tue, 28 Jul 2026 05:02:31 GMT] Referrer-Policy:[strict-origin-when-cross-origin] X-Content-Type-Options:[nosniff] X-Frame-Options:[DENY] X-Permitted-Cross-Domain-Policies:[none]]
        
    httproute-query-param-matching.go:131: 2026-07-28T05:02:31.9152699Z: Request passed
=== NAME  TestGatewayAPIConformance/MeshHTTPRouteQueryParamMatching
    apply.go:283: 2026-07-28T05:02:31.915319743Z: Deleting mesh-query-param-matching HTTPRoute
=== NAME  TestGatewayAPIConformance
    suite.go:504: 2026-07-28T05:02:31.921343003Z: Sleeping 10s for test isolation
=== RUN   TestGatewayAPIConformance/MeshHTTPRouteRedirectHostAndStatus
    conformance.go:70: 2026-07-28T05:02:41.93085902Z: Applying tests/mesh/httproute-redirect-host-and-status.yaml
    apply.go:275: 2026-07-28T05:02:41.936220574Z: Creating mesh-redirect-host-and-status HTTPRoute
    conformance.go:75: 2026-07-28T05:02:41.943423715Z: Running MeshHTTPRouteRedirectHostAndStatus, relying on the following features: Mesh-standard, HTTPRoute-standard
=== RUN   TestGatewayAPIConformance/MeshHTTPRouteRedirectHostAndStatus/0_request_to_'echo/hostname-redirect'_should_receive_one_of_[]
=== PAUSE TestGatewayAPIConformance/MeshHTTPRouteRedirectHostAndStatus/0_request_to_'echo/hostname-redirect'_should_receive_one_of_[]
=== RUN   TestGatewayAPIConformance/MeshHTTPRouteRedirectHostAndStatus/1_request_to_'echo/host-and-status'_should_receive_one_of_[]
=== PAUSE TestGatewayAPIConformance/MeshHTTPRouteRedirectHostAndStatus/1_request_to_'echo/host-and-status'_should_receive_one_of_[]
=== CONT  TestGatewayAPIConformance/MeshHTTPRouteRedirectHostAndStatus/0_request_to_'echo/hostname-redirect'_should_receive_one_of_[]
=== CONT  TestGatewayAPIConformance/MeshHTTPRouteRedirectHostAndStatus/1_request_to_'echo/host-and-status'_should_receive_one_of_[]
    pod.go:70: 2026-07-28T05:02:42.131100642Z: Got resp RawContent:       [0] Url=http://echo/host-and-status
        [0] Latency=4.851643ms
        [0] ActiveRequests=1
        [0] StatusCode=200
        [0] ResponseHeader=Content-Length:249
        [0] ResponseHeader=Content-Type:text/plain; charset=utf-8
        [0] ResponseHeader=Date:Tue, 28 Jul 2026 05:02:42 GMT
        [0 body] ServiceVersion=
        [0 body] ServicePort=8080
        [0 body] Host=echo
        [0 body] URL=/host-and-status
        [0 body] Method=GET
        [0 body] Proto=HTTP/1.1
        [0 body] IP=10.244.0.33
        [0 body] RequestHeader=Accept-Encoding:gzip
        [0 body] RequestHeader=Connection:close
        [0 body] RequestHeader=User-Agent:Go-http-client/1.1
        [0 body] Hostname=echo-v2-7d46bf8884-7fs28
        
        2026-07-28T05:02:42.126363Z	info	All requests succeeded
        
        ID:               
        Method:           GET
        Protocol:         HTTP/1.1
        Alpn:             
        URL:              /host-and-status
        Version:          
        Port:             8080
        Code:             200
        Host:             echo
        Hostname:         echo-v2-7d46bf8884-7fs28
        Cluster:          
        IP:               10.244.0.33
        Request Headers:  map[Accept-Encoding:[gzip] Connection:[close] User-Agent:[Go-http-client/1.1]]
        Response Headers: map[Content-Length:[249] Content-Type:[text/plain; charset=utf-8] Date:[Tue, 28 Jul 2026 05:02:42 GMT]]
        
    pod.go:72: 2026-07-28T05:02:42.13122886Z: Response expectation failed for request: [client http://echo/host-and-status]  not ready yet: wanted status code to be one of [301], got 200 (after 1.122µs)
=== NAME  TestGatewayAPIConformance/MeshHTTPRouteRedirectHostAndStatus/0_request_to_'echo/hostname-redirect'_should_receive_one_of_[]
    pod.go:70: 2026-07-28T05:02:42.136399545Z: Got resp RawContent:       [0] Url=http://echo/hostname-redirect
        [0] Latency=5.034536ms
        [0] ActiveRequests=1
        [0] StatusCode=200
        [0] ResponseHeader=Content-Length:251
        [0] ResponseHeader=Content-Type:text/plain; charset=utf-8
        [0] ResponseHeader=Date:Tue, 28 Jul 2026 05:02:42 GMT
        [0 body] ServiceVersion=
        [0 body] ServicePort=8080
        [0 body] Host=echo
        [0 body] URL=/hostname-redirect
        [0 body] Method=GET
        [0 body] Proto=HTTP/1.1
        [0 body] IP=10.244.0.33
        [0 body] RequestHeader=Accept-Encoding:gzip
        [0 body] RequestHeader=Connection:close
        [0 body] RequestHeader=User-Agent:Go-http-client/1.1
        [0 body] Hostname=echo-v2-7d46bf8884-7fs28
        
        2026-07-28T05:02:42.133175Z	info	All requests succeeded
        
        ID:               
        Method:           GET
        Protocol:         HTTP/1.1
        Alpn:             
        URL:              /hostname-redirect
        Version:          
        Port:             8080
        Code:             200
        Host:             echo
        Hostname:         echo-v2-7d46bf8884-7fs28
        Cluster:          
        IP:               10.244.0.33
        Request Headers:  map[Accept-Encoding:[gzip] Connection:[close] User-Agent:[Go-http-client/1.1]]
        Response Headers: map[Content-Length:[251] Content-Type:[text/plain; charset=utf-8] Date:[Tue, 28 Jul 2026 05:02:42 GMT]]
        
    pod.go:72: 2026-07-28T05:02:42.136672103Z: Response expectation failed for request: [client http://echo/hostname-redirect]  not ready yet: wanted status code to be one of [302], got 200 (after 2.275µs)
    pod.go:70: 2026-07-28T05:02:43.203300824Z: Got resp RawContent:       [0] Url=http://echo/hostname-redirect
        [0] Latency=3.618885ms
        [0] ActiveRequests=1
        [0] StatusCode=200
        [0] ResponseHeader=Content-Length:250
        [0] ResponseHeader=Content-Type:text/plain; charset=utf-8
        [0] ResponseHeader=Date:Tue, 28 Jul 2026 05:02:43 GMT
        [0 body] ServiceVersion=
        [0 body] ServicePort=8080
        [0 body] Host=echo
        [0 body] URL=/hostname-redirect
        [0 body] Method=GET
        [0 body] Proto=HTTP/1.1
        [0 body] IP=10.244.0.1
        [0 body] RequestHeader=Accept-Encoding:gzip
        [0 body] RequestHeader=Connection:close
        [0 body] RequestHeader=User-Agent:Go-http-client/1.1
        [0 body] Hostname=echo-v1-699dd9bfc7-g5xrx
        
        2026-07-28T05:02:43.199670Z	info	All requests succeeded
        
        ID:               
        Method:           GET
        Protocol:         HTTP/1.1
        Alpn:             
        URL:              /hostname-redirect
        Version:          
        Port:             8080
        Code:             200
        Host:             echo
        Hostname:         echo-v1-699dd9bfc7-g5xrx
        Cluster:          
        IP:               10.244.0.1
        Request Headers:  map[Accept-Encoding:[gzip] Connection:[close] User-Agent:[Go-http-client/1.1]]
        Response Headers: map[Content-Length:[250] Content-Type:[text/plain; charset=utf-8] Date:[Tue, 28 Jul 2026 05:02:43 GMT]]
        
    pod.go:72: 2026-07-28T05:02:43.203423612Z: Response expectation failed for request: [client http://echo/hostname-redirect --method=GET]  not ready yet: wanted status code to be one of [302 302], got 200 (after 1.190889559s)
=== NAME  TestGatewayAPIConformance/MeshHTTPRouteRedirectHostAndStatus/1_request_to_'echo/host-and-status'_should_receive_one_of_[]
    pod.go:70: 2026-07-28T05:02:43.204155901Z: Got resp RawContent:       [0] Url=http://echo/host-and-status
        [0] Latency=3.936222ms
        [0] ActiveRequests=1
        [0] StatusCode=200
        [0] ResponseHeader=Content-Length:249
        [0] ResponseHeader=Content-Type:text/plain; charset=utf-8
        [0] ResponseHeader=Date:Tue, 28 Jul 2026 05:02:43 GMT
        [0 body] ServiceVersion=
        [0 body] ServicePort=8080
        [0 body] Host=echo
        [0 body] URL=/host-and-status
        [0 body] Method=GET
        [0 body] Proto=HTTP/1.1
        [0 body] IP=10.244.0.33
        [0 body] RequestHeader=Accept-Encoding:gzip
        [0 body] RequestHeader=Connection:close
        [0 body] RequestHeader=User-Agent:Go-http-client/1.1
        [0 body] Hostname=echo-v2-7d46bf8884-7fs28
        
        2026-07-28T05:02:43.199132Z	info	All requests succeeded
        
        ID:               
        Method:           GET
        Protocol:         HTTP/1.1
        Alpn:             
        URL:              /host-and-status
        Version:          
        Port:             8080
        Code:             200
        Host:             echo
        Hostname:         echo-v2-7d46bf8884-7fs28
        Cluster:          
        IP:               10.244.0.33
        Request Headers:  map[Accept-Encoding:[gzip] Connection:[close] User-Agent:[Go-http-client/1.1]]
        Response Headers: map[Content-Length:[249] Content-Type:[text/plain; charset=utf-8] Date:[Tue, 28 Jul 2026 05:02:43 GMT]]
        
    pod.go:72: 2026-07-28T05:02:43.204264553Z: Response expectation failed for request: [client http://echo/host-and-status --method=GET]  not ready yet: wanted status code to be one of [301 301], got 200 (after 1.184786628s)
    pod.go:70: 2026-07-28T05:02:44.258667374Z: Got resp RawContent:       [0] Url=http://echo/host-and-status
        [0] Latency=2.260227ms
        [0] ActiveRequests=1
        [0] StatusCode=200
        [0] ResponseHeader=Content-Length:248
        [0] ResponseHeader=Content-Type:text/plain; charset=utf-8
        [0] ResponseHeader=Date:Tue, 28 Jul 2026 05:02:44 GMT
        [0 body] ServiceVersion=
        [0 body] ServicePort=8080
        [0 body] Host=echo
        [0 body] URL=/host-and-status
        [0 body] Method=GET
        [0 body] Proto=HTTP/1.1
        [0 body] IP=10.244.0.1
        [0 body] RequestHeader=Accept-Encoding:gzip
        [0 body] RequestHeader=Connection:close
        [0 body] RequestHeader=User-Agent:Go-http-client/1.1
        [0 body] Hostname=echo-v1-699dd9bfc7-g5xrx
        
        2026-07-28T05:02:44.253203Z	info	All requests succeeded
        
        ID:               
        Method:           GET
        Protocol:         HTTP/1.1
        Alpn:             
        URL:              /host-and-status
        Version:          
        Port:             8080
        Code:             200
        Host:             echo
        Hostname:         echo-v1-699dd9bfc7-g5xrx
        Cluster:          
        IP:               10.244.0.1
        Request Headers:  map[Accept-Encoding:[gzip] Connection:[close] User-Agent:[Go-http-client/1.1]]
        Response Headers: map[Content-Length:[248] Content-Type:[text/plain; charset=utf-8] Date:[Tue, 28 Jul 2026 05:02:44 GMT]]
        
    pod.go:72: 2026-07-28T05:02:44.258840916Z: Response expectation failed for request: [client http://echo/host-and-status --method=GET]  not ready yet: wanted status code to be one of [301 301 301], got 200 (after 2.257466861s)
=== NAME  TestGatewayAPIConformance/MeshHTTPRouteRedirectHostAndStatus/0_request_to_'echo/hostname-redirect'_should_receive_one_of_[]
    pod.go:70: 2026-07-28T05:02:44.26024403Z: Got resp RawContent:       [0] Url=http://echo/hostname-redirect
        [0] Latency=6.486345ms
        [0] ActiveRequests=1
        [0] StatusCode=200
        [0] ResponseHeader=Content-Length:250
        [0] ResponseHeader=Content-Type:text/plain; charset=utf-8
        [0] ResponseHeader=Date:Tue, 28 Jul 2026 05:02:44 GMT
        [0 body] ServiceVersion=
        [0 body] ServicePort=8080
        [0 body] Host=echo
        [0 body] URL=/hostname-redirect
        [0 body] Method=GET
        [0 body] Proto=HTTP/1.1
        [0 body] IP=10.244.0.1
        [0 body] RequestHeader=Accept-Encoding:gzip
        [0 body] RequestHeader=Connection:close
        [0 body] RequestHeader=User-Agent:Go-http-client/1.1
        [0 body] Hostname=echo-v1-699dd9bfc7-g5xrx
        
        2026-07-28T05:02:44.255886Z	info	All requests succeeded
        
        ID:               
        Method:           GET
        Protocol:         HTTP/1.1
        Alpn:             
        URL:              /hostname-redirect
        Version:          
        Port:             8080
        Code:             200
        Host:             echo
        Hostname:         echo-v1-699dd9bfc7-g5xrx
        Cluster:          
        IP:               10.244.0.1
        Request Headers:  map[Accept-Encoding:[gzip] Connection:[close] User-Agent:[Go-http-client/1.1]]
        Response Headers: map[Content-Length:[250] Content-Type:[text/plain; charset=utf-8] Date:[Tue, 28 Jul 2026 05:02:44 GMT]]
        
    pod.go:72: 2026-07-28T05:02:44.260342533Z: Response expectation failed for request: [client http://echo/hostname-redirect --method=GET]  not ready yet: wanted status code to be one of [302 302 302], got 200 (after 2.256805286s)
    pod.go:70: 2026-07-28T05:02:45.314040063Z: Got resp RawContent:       [0] Url=http://echo/hostname-redirect
        [0] Latency=1.885179ms
        [0] ActiveRequests=1
        [0] StatusCode=200
        [0] ResponseHeader=Content-Length:250
        [0] ResponseHeader=Content-Type:text/plain; charset=utf-8
        [0] ResponseHeader=Date:Tue, 28 Jul 2026 05:02:45 GMT
        [0 body] ServiceVersion=
        [0 body] ServicePort=8080
        [0 body] Host=echo
        [0 body] URL=/hostname-redirect
        [0 body] Method=GET
        [0 body] Proto=HTTP/1.1
        [0 body] IP=10.244.0.1
        [0 body] RequestHeader=Accept-Encoding:gzip
        [0 body] RequestHeader=Connection:close
        [0 body] RequestHeader=User-Agent:Go-http-client/1.1
        [0 body] Hostname=echo-v1-699dd9bfc7-g5xrx
        
        2026-07-28T05:02:45.307972Z	info	All requests succeeded
        
        ID:               
        Method:           GET
        Protocol:         HTTP/1.1
        Alpn:             
        URL:              /hostname-redirect
        Version:          
        Port:             8080
        Code:             200
        Host:             echo
        Hostname:         echo-v1-699dd9bfc7-g5xrx
        Cluster:          
        IP:               10.244.0.1
        Request Headers:  map[Accept-Encoding:[gzip] Connection:[close] User-Agent:[Go-http-client/1.1]]
        Response Headers: map[Content-Length:[250] Content-Type:[text/plain; charset=utf-8] Date:[Tue, 28 Jul 2026 05:02:45 GMT]]
        
    pod.go:72: 2026-07-28T05:02:45.3141843Z: Response expectation failed for request: [client http://echo/hostname-redirect --method=GET]  not ready yet: wanted status code to be one of [302 302 302 302], got 200 (after 3.313872035s)
=== NAME  TestGatewayAPIConformance/MeshHTTPRouteRedirectHostAndStatus/1_request_to_'echo/host-and-status'_should_receive_one_of_[]
    pod.go:70: 2026-07-28T05:02:45.315290067Z: Got resp RawContent:       [0] Url=http://echo/host-and-status
        [0] Latency=1.424013ms
        [0] ActiveRequests=1
        [0] StatusCode=200
        [0] ResponseHeader=Content-Length:248
        [0] ResponseHeader=Content-Type:text/plain; charset=utf-8
        [0] ResponseHeader=Date:Tue, 28 Jul 2026 05:02:45 GMT
        [0 body] ServiceVersion=
        [0 body] ServicePort=8080
        [0 body] Host=echo
        [0 body] URL=/host-and-status
        [0 body] Method=GET
        [0 body] Proto=HTTP/1.1
        [0 body] IP=10.244.0.1
        [0 body] RequestHeader=Accept-Encoding:gzip
        [0 body] RequestHeader=Connection:close
        [0 body] RequestHeader=User-Agent:Go-http-client/1.1
        [0 body] Hostname=echo-v1-699dd9bfc7-g5xrx
        
        2026-07-28T05:02:45.309811Z	info	All requests succeeded
        
        ID:               
        Method:           GET
        Protocol:         HTTP/1.1
        Alpn:             
        URL:              /host-and-status
        Version:          
        Port:             8080
        Code:             200
        Host:             echo
        Hostname:         echo-v1-699dd9bfc7-g5xrx
        Cluster:          
        IP:               10.244.0.1
        Request Headers:  map[Accept-Encoding:[gzip] Connection:[close] User-Agent:[Go-http-client/1.1]]
        Response Headers: map[Content-Length:[248] Content-Type:[text/plain; charset=utf-8] Date:[Tue, 28 Jul 2026 05:02:45 GMT]]
        
    pod.go:72: 2026-07-28T05:02:45.31539407Z: Response expectation failed for request: [client http://echo/host-and-status --method=GET]  not ready yet: wanted status code to be one of [301 301 301 301], got 200 (after 3.311934574s)
    pod.go:70: 2026-07-28T05:02:46.371392918Z: Got resp RawContent:       [0] Url=http://echo/host-and-status
        [0] Latency=1.926555ms
        [0] ActiveRequests=1
        [0] StatusCode=200
        [0] ResponseHeader=Content-Length:249
        [0] ResponseHeader=Content-Type:text/plain; charset=utf-8
        [0] ResponseHeader=Date:Tue, 28 Jul 2026 05:02:46 GMT
        [0 body] ServiceVersion=
        [0 body] ServicePort=8080
        [0 body] Host=echo
        [0 body] URL=/host-and-status
        [0 body] Method=GET
        [0 body] Proto=HTTP/1.1
        [0 body] IP=10.244.0.33
        [0 body] RequestHeader=Accept-Encoding:gzip
        [0 body] RequestHeader=Connection:close
        [0 body] RequestHeader=User-Agent:Go-http-client/1.1
        [0 body] Hostname=echo-v2-7d46bf8884-7fs28
        
        2026-07-28T05:02:46.366633Z	info	All requests succeeded
        
        ID:               
        Method:           GET
        Protocol:         HTTP/1.1
        Alpn:             
        URL:              /host-and-status
        Version:          
        Port:             8080
        Code:             200
        Host:             echo
        Hostname:         echo-v2-7d46bf8884-7fs28
        Cluster:          
        IP:               10.244.0.33
        Request Headers:  map[Accept-Encoding:[gzip] Connection:[close] User-Agent:[Go-http-client/1.1]]
        Response Headers: map[Content-Length:[249] Content-Type:[text/plain; charset=utf-8] Date:[Tue, 28 Jul 2026 05:02:46 GMT]]
        
    pod.go:72: 2026-07-28T05:02:46.372113014Z: Response expectation failed for request: [client http://echo/host-and-status --method=GET]  not ready yet: wanted status code to be one of [301 301 301 301 301], got 200 (after 4.368409769s)
=== NAME  TestGatewayAPIConformance/MeshHTTPRouteRedirectHostAndStatus/0_request_to_'echo/hostname-redirect'_should_receive_one_of_[]
    pod.go:70: 2026-07-28T05:02:46.371858202Z: Got resp RawContent:       [0] Url=http://echo/hostname-redirect
        [0] Latency=3.029308ms
        [0] ActiveRequests=1
        [0] StatusCode=200
        [0] ResponseHeader=Content-Length:250
        [0] ResponseHeader=Content-Type:text/plain; charset=utf-8
        [0] ResponseHeader=Date:Tue, 28 Jul 2026 05:02:46 GMT
        [0 body] ServiceVersion=
        [0 body] ServicePort=8080
        [0 body] Host=echo
        [0 body] URL=/hostname-redirect
        [0 body] Method=GET
        [0 body] Proto=HTTP/1.1
        [0 body] IP=10.244.0.1
        [0 body] RequestHeader=Accept-Encoding:gzip
        [0 body] RequestHeader=Connection:close
        [0 body] RequestHeader=User-Agent:Go-http-client/1.1
        [0 body] Hostname=echo-v1-699dd9bfc7-g5xrx
        
        2026-07-28T05:02:46.366629Z	info	All requests succeeded
        
        ID:               
        Method:           GET
        Protocol:         HTTP/1.1
        Alpn:             
        URL:              /hostname-redirect
        Version:          
        Port:             8080
        Code:             200
        Host:             echo
        Hostname:         echo-v1-699dd9bfc7-g5xrx
        Cluster:          
        IP:               10.244.0.1
        Request Headers:  map[Accept-Encoding:[gzip] Connection:[close] User-Agent:[Go-http-client/1.1]]
        Response Headers: map[Content-Length:[250] Content-Type:[text/plain; charset=utf-8] Date:[Tue, 28 Jul 2026 05:02:46 GMT]]
        
    pod.go:72: 2026-07-28T05:02:46.372229421Z: Response expectation failed for request: [client http://echo/hostname-redirect --method=GET]  not ready yet: wanted status code to be one of [302 302 302 302 302], got 200 (after 4.367959645s)
    pod.go:70: 2026-07-28T05:02:47.433827162Z: Got resp RawContent:       [0] Url=http://echo/hostname-redirect
        [0] Latency=2.915926ms
        [0] ActiveRequests=1
        [0] StatusCode=200
        [0] ResponseHeader=Content-Length:250
        [0] ResponseHeader=Content-Type:text/plain; charset=utf-8
        [0] ResponseHeader=Date:Tue, 28 Jul 2026 05:02:47 GMT
        [0 body] ServiceVersion=
        [0 body] ServicePort=8080
        [0 body] Host=echo
        [0 body] URL=/hostname-redirect
        [0 body] Method=GET
        [0 body] Proto=HTTP/1.1
        [0 body] IP=10.244.0.1
        [0 body] RequestHeader=Accept-Encoding:gzip
        [0 body] RequestHeader=Connection:close
        [0 body] RequestHeader=User-Agent:Go-http-client/1.1
        [0 body] Hostname=echo-v1-699dd9bfc7-g5xrx
        
        2026-07-28T05:02:47.429346Z	info	All requests succeeded
        
        ID:               
        Method:           GET
        Protocol:         HTTP/1.1
        Alpn:             
        URL:              /hostname-redirect
        Version:          
        Port:             8080
        Code:             200
        Host:             echo
        Hostname:         echo-v1-699dd9bfc7-g5xrx
        Cluster:          
        IP:               10.244.0.1
        Request Headers:  map[Accept-Encoding:[gzip] Connection:[close] User-Agent:[Go-http-client/1.1]]
        Response Headers: map[Content-Length:[250] Content-Type:[text/plain; charset=utf-8] Date:[Tue, 28 Jul 2026 05:02:47 GMT]]
        
    pod.go:72: 2026-07-28T05:02:47.433958937Z: Response expectation failed for request: [client http://echo/hostname-redirect --method=GET]  not ready yet: wanted status code to be one of [302 302 302 302 302 302], got 200 (after 5.425451321s)
=== NAME  TestGatewayAPIConformance/MeshHTTPRouteRedirectHostAndStatus/1_request_to_'echo/host-and-status'_should_receive_one_of_[]
    pod.go:70: 2026-07-28T05:02:47.434852123Z: Got resp RawContent:       [0] Url=http://echo/host-and-status
        [0] Latency=4.707446ms
        [0] ActiveRequests=1
        [0] StatusCode=200
        [0] ResponseHeader=Content-Length:248
        [0] ResponseHeader=Content-Type:text/plain; charset=utf-8
        [0] ResponseHeader=Date:Tue, 28 Jul 2026 05:02:47 GMT
        [0 body] ServiceVersion=
        [0 body] ServicePort=8080
        [0 body] Host=echo
        [0 body] URL=/host-and-status
        [0 body] Method=GET
        [0 body] Proto=HTTP/1.1
        [0 body] IP=10.244.0.1
        [0 body] RequestHeader=Accept-Encoding:gzip
        [0 body] RequestHeader=Connection:close
        [0 body] RequestHeader=User-Agent:Go-http-client/1.1
        [0 body] Hostname=echo-v1-699dd9bfc7-g5xrx
        
        2026-07-28T05:02:47.430423Z	info	All requests succeeded
        
        ID:               
        Method:           GET
        Protocol:         HTTP/1.1
        Alpn:             
        URL:              /host-and-status
        Version:          
        Port:             8080
        Code:             200
        Host:             echo
        Hostname:         echo-v1-699dd9bfc7-g5xrx
        Cluster:          
        IP:               10.244.0.1
        Request Headers:  map[Accept-Encoding:[gzip] Connection:[close] User-Agent:[Go-http-client/1.1]]
        Response Headers: map[Content-Length:[248] Content-Type:[text/plain; charset=utf-8] Date:[Tue, 28 Jul 2026 05:02:47 GMT]]
        
    pod.go:72: 2026-07-28T05:02:47.435184439Z: Response expectation failed for request: [client http://echo/host-and-status --method=GET]  not ready yet: wanted status code to be one of [301 301 301 301 301 301], got 200 (after 5.425390102s)
=== NAME  TestGatewayAPIConformance/MeshHTTPRouteRedirectHostAndStatus/0_request_to_'echo/hostname-redirect'_should_receive_one_of_[]
    pod.go:70: 2026-07-28T05:02:48.488378443Z: Got resp RawContent:       [0] Url=http://echo/hostname-redirect
        [0] Latency=2.651381ms
        [0] ActiveRequests=1
        [0] StatusCode=200
        [0] ResponseHeader=Content-Length:251
        [0] ResponseHeader=Content-Type:text/plain; charset=utf-8
        [0] ResponseHeader=Date:Tue, 28 Jul 2026 05:02:48 GMT
        [0 body] ServiceVersion=
        [0 body] ServicePort=8080
        [0 body] Host=echo
        [0 body] URL=/hostname-redirect
        [0 body] Method=GET
        [0 body] Proto=HTTP/1.1
        [0 body] IP=10.244.0.33
        [0 body] RequestHeader=Accept-Encoding:gzip
        [0 body] RequestHeader=Connection:close
        [0 body] RequestHeader=User-Agent:Go-http-client/1.1
        [0 body] Hostname=echo-v2-7d46bf8884-7fs28
        
        2026-07-28T05:02:48.484429Z	info	All requests succeeded
        
        ID:               
        Method:           GET
        Protocol:         HTTP/1.1
        Alpn:             
        URL:              /hostname-redirect
        Version:          
        Port:             8080
        Code:             200
        Host:             echo
        Hostname:         echo-v2-7d46bf8884-7fs28
        Cluster:          
        IP:               10.244.0.33
        Request Headers:  map[Accept-Encoding:[gzip] Connection:[close] User-Agent:[Go-http-client/1.1]]
        Response Headers: map[Content-Length:[251] Content-Type:[text/plain; charset=utf-8] Date:[Tue, 28 Jul 2026 05:02:48 GMT]]
        
    pod.go:72: 2026-07-28T05:02:48.488546395Z: Response expectation failed for request: [client http://echo/hostname-redirect --method=GET]  not ready yet: wanted status code to be one of [302 302 302 302 302 302 302], got 200 (after 6.488035934s)
=== NAME  TestGatewayAPIConformance/MeshHTTPRouteRedirectHostAndStatus/1_request_to_'echo/host-and-status'_should_receive_one_of_[]
    pod.go:70: 2026-07-28T05:02:48.491808879Z: Got resp RawContent:       [0] Url=http://echo/host-and-status
        [0] Latency=4.120369ms
        [0] ActiveRequests=1
        [0] StatusCode=200
        [0] ResponseHeader=Content-Length:249
        [0] ResponseHeader=Content-Type:text/plain; charset=utf-8
        [0] ResponseHeader=Date:Tue, 28 Jul 2026 05:02:48 GMT
        [0 body] ServiceVersion=
        [0 body] ServicePort=8080
        [0 body] Host=echo
        [0 body] URL=/host-and-status
        [0 body] Method=GET
        [0 body] Proto=HTTP/1.1
        [0 body] IP=10.244.0.33
        [0 body] RequestHeader=Accept-Encoding:gzip
        [0 body] RequestHeader=Connection:close
        [0 body] RequestHeader=User-Agent:Go-http-client/1.1
        [0 body] Hostname=echo-v2-7d46bf8884-7fs28
        
        2026-07-28T05:02:48.485287Z	info	All requests succeeded
        
        ID:               
        Method:           GET
        Protocol:         HTTP/1.1
        Alpn:             
        URL:              /host-and-status
        Version:          
        Port:             8080
        Code:             200
        Host:             echo
        Hostname:         echo-v2-7d46bf8884-7fs28
        Cluster:          
        IP:               10.244.0.33
        Request Headers:  map[Accept-Encoding:[gzip] Connection:[close] User-Agent:[Go-http-client/1.1]]
        Response Headers: map[Content-Length:[249] Content-Type:[text/plain; charset=utf-8] Date:[Tue, 28 Jul 2026 05:02:48 GMT]]
        
    pod.go:72: 2026-07-28T05:02:48.492029078Z: Response expectation failed for request: [client http://echo/host-and-status --method=GET]  not ready yet: wanted status code to be one of [301 301 301 301 301 301 301], got 200 (after 6.488450924s)
=== NAME  TestGatewayAPIConformance/MeshHTTPRouteRedirectHostAndStatus/0_request_to_'echo/hostname-redirect'_should_receive_one_of_[]
    pod.go:70: 2026-07-28T05:02:49.546109982Z: Got resp RawContent:       [0] Url=http://echo/hostname-redirect
        [0] Latency=1.865051ms
        [0] ActiveRequests=1
        [0] StatusCode=200
        [0] ResponseHeader=Content-Length:251
        [0] ResponseHeader=Content-Type:text/plain; charset=utf-8
        [0] ResponseHeader=Date:Tue, 28 Jul 2026 05:02:49 GMT
        [0 body] ServiceVersion=
        [0 body] ServicePort=8080
        [0 body] Host=echo
        [0 body] URL=/hostname-redirect
        [0 body] Method=GET
        [0 body] Proto=HTTP/1.1
        [0 body] IP=10.244.0.33
        [0 body] RequestHeader=Accept-Encoding:gzip
        [0 body] RequestHeader=Connection:close
        [0 body] RequestHeader=User-Agent:Go-http-client/1.1
        [0 body] Hostname=echo-v2-7d46bf8884-7fs28
        
        2026-07-28T05:02:49.542011Z	info	All requests succeeded
        
        ID:               
        Method:           GET
        Protocol:         HTTP/1.1
        Alpn:             
        URL:              /hostname-redirect
        Version:          
        Port:             8080
        Code:             200
        Host:             echo
        Hostname:         echo-v2-7d46bf8884-7fs28
        Cluster:          
        IP:               10.244.0.33
        Request Headers:  map[Accept-Encoding:[gzip] Connection:[close] User-Agent:[Go-http-client/1.1]]
        Response Headers: map[Content-Length:[251] Content-Type:[text/plain; charset=utf-8] Date:[Tue, 28 Jul 2026 05:02:49 GMT]]
        
    pod.go:72: 2026-07-28T05:02:49.546229904Z: Response expectation failed for request: [client http://echo/hostname-redirect --method=GET]  not ready yet: wanted status code to be one of [302 302 302 302 302 302 302 302], got 200 (after 7.541975058s)
=== NAME  TestGatewayAPIConformance/MeshHTTPRouteRedirectHostAndStatus/1_request_to_'echo/host-and-status'_should_receive_one_of_[]
    pod.go:70: 2026-07-28T05:02:49.547064503Z: Got resp RawContent:       [0] Url=http://echo/host-and-status
        [0] Latency=3.833799ms
        [0] ActiveRequests=1
        [0] StatusCode=200
        [0] ResponseHeader=Content-Length:248
        [0] ResponseHeader=Content-Type:text/plain; charset=utf-8
        [0] ResponseHeader=Date:Tue, 28 Jul 2026 05:02:49 GMT
        [0 body] ServiceVersion=
        [0 body] ServicePort=8080
        [0 body] Host=echo
        [0 body] URL=/host-and-status
        [0 body] Method=GET
        [0 body] Proto=HTTP/1.1
        [0 body] IP=10.244.0.1
        [0 body] RequestHeader=Accept-Encoding:gzip
        [0 body] RequestHeader=Connection:close
        [0 body] RequestHeader=User-Agent:Go-http-client/1.1
        [0 body] Hostname=echo-v1-699dd9bfc7-g5xrx
        
        2026-07-28T05:02:49.541821Z	info	All requests succeeded
        
        ID:               
        Method:           GET
        Protocol:         HTTP/1.1
        Alpn:             
        URL:              /host-and-status
        Version:          
        Port:             8080
        Code:             200
        Host:             echo
        Hostname:         echo-v1-699dd9bfc7-g5xrx
        Cluster:          
        IP:               10.244.0.1
        Request Headers:  map[Accept-Encoding:[gzip] Connection:[close] User-Agent:[Go-http-client/1.1]]
        Response Headers: map[Content-Length:[248] Content-Type:[text/plain; charset=utf-8] Date:[Tue, 28 Jul 2026 05:02:49 GMT]]
        
    pod.go:72: 2026-07-28T05:02:49.547163707Z: Response expectation failed for request: [client http://echo/host-and-status --method=GET]  not ready yet: wanted status code to be one of [301 301 301 301 301 301 301 301], got 200 (after 7.545974418s)
    pod.go:70: 2026-07-28T05:02:50.601625402Z: Got resp RawContent:       [0] Url=http://echo/host-and-status
        [0] Latency=1.679084ms
        [0] ActiveRequests=1
        [0] StatusCode=200
        [0] ResponseHeader=Content-Length:248
        [0] ResponseHeader=Content-Type:text/plain; charset=utf-8
        [0] ResponseHeader=Date:Tue, 28 Jul 2026 05:02:50 GMT
        [0 body] ServiceVersion=
        [0 body] ServicePort=8080
        [0 body] Host=echo
        [0 body] URL=/host-and-status
        [0 body] Method=GET
        [0 body] Proto=HTTP/1.1
        [0 body] IP=10.244.0.1
        [0 body] RequestHeader=Accept-Encoding:gzip
        [0 body] RequestHeader=Connection:close
        [0 body] RequestHeader=User-Agent:Go-http-client/1.1
        [0 body] Hostname=echo-v1-699dd9bfc7-g5xrx
        
        2026-07-28T05:02:50.597022Z	info	All requests succeeded
        
        ID:               
        Method:           GET
        Protocol:         HTTP/1.1
        Alpn:             
        URL:              /host-and-status
        Version:          
        Port:             8080
        Code:             200
        Host:             echo
        Hostname:         echo-v1-699dd9bfc7-g5xrx
        Cluster:          
        IP:               10.244.0.1
        Request Headers:  map[Accept-Encoding:[gzip] Connection:[close] User-Agent:[Go-http-client/1.1]]
        Response Headers: map[Content-Length:[248] Content-Type:[text/plain; charset=utf-8] Date:[Tue, 28 Jul 2026 05:02:50 GMT]]
        
    pod.go:72: 2026-07-28T05:02:50.602869551Z: Response expectation failed for request: [client http://echo/host-and-status --method=GET]  not ready yet: wanted status code to be one of [301 301 301 301 301 301 301 301 301], got 200 (after 8.600445834s)
=== NAME  TestGatewayAPIConformance/MeshHTTPRouteRedirectHostAndStatus/0_request_to_'echo/hostname-redirect'_should_receive_one_of_[]
    pod.go:70: 2026-07-28T05:02:50.602566472Z: Got resp RawContent:       [0] Url=http://echo/hostname-redirect
        [0] Latency=4.118667ms
        [0] ActiveRequests=1
        [0] StatusCode=200
        [0] ResponseHeader=Content-Length:250
        [0] ResponseHeader=Content-Type:text/plain; charset=utf-8
        [0] ResponseHeader=Date:Tue, 28 Jul 2026 05:02:50 GMT
        [0 body] ServiceVersion=
        [0 body] ServicePort=8080
        [0 body] Host=echo
        [0 body] URL=/hostname-redirect
        [0 body] Method=GET
        [0 body] Proto=HTTP/1.1
        [0 body] IP=10.244.0.1
        [0 body] RequestHeader=Accept-Encoding:gzip
        [0 body] RequestHeader=Connection:close
        [0 body] RequestHeader=User-Agent:Go-http-client/1.1
        [0 body] Hostname=echo-v1-699dd9bfc7-g5xrx
        
        2026-07-28T05:02:50.598130Z	info	All requests succeeded
        
        ID:               
        Method:           GET
        Protocol:         HTTP/1.1
        Alpn:             
        URL:              /hostname-redirect
        Version:          
        Port:             8080
        Code:             200
        Host:             echo
        Hostname:         echo-v1-699dd9bfc7-g5xrx
        Cluster:          
        IP:               10.244.0.1
        Request Headers:  map[Accept-Encoding:[gzip] Connection:[close] User-Agent:[Go-http-client/1.1]]
        Response Headers: map[Content-Length:[250] Content-Type:[text/plain; charset=utf-8] Date:[Tue, 28 Jul 2026 05:02:50 GMT]]
        
    pod.go:72: 2026-07-28T05:02:50.603037583Z: Response expectation failed for request: [client http://echo/hostname-redirect --method=GET]  not ready yet: wanted status code to be one of [302 302 302 302 302 302 302 302 302], got 200 (after 8.599921141s)
    pod.go:70: 2026-07-28T05:02:51.655201656Z: Got resp RawContent:       [0] Url=http://echo/hostname-redirect
        [0] Latency=2.750415ms
        [0] ActiveRequests=1
        [0] StatusCode=200
        [0] ResponseHeader=Content-Length:251
        [0] ResponseHeader=Content-Type:text/plain; charset=utf-8
        [0] ResponseHeader=Date:Tue, 28 Jul 2026 05:02:51 GMT
        [0 body] ServiceVersion=
        [0 body] ServicePort=8080
        [0 body] Host=echo
        [0 body] URL=/hostname-redirect
        [0 body] Method=GET
        [0 body] Proto=HTTP/1.1
        [0 body] IP=10.244.0.33
        [0 body] RequestHeader=Accept-Encoding:gzip
        [0 body] RequestHeader=Connection:close
        [0 body] RequestHeader=User-Agent:Go-http-client/1.1
        [0 body] Hostname=echo-v2-7d46bf8884-7fs28
        
        2026-07-28T05:02:51.650492Z	info	All requests succeeded
        
        ID:               
        Method:           GET
        Protocol:         HTTP/1.1
        Alpn:             
        URL:              /hostname-redirect
        Version:          
        Port:             8080
        Code:             200
        Host:             echo
        Hostname:         echo-v2-7d46bf8884-7fs28
        Cluster:          
        IP:               10.244.0.33
        Request Headers:  map[Accept-Encoding:[gzip] Connection:[close] User-Agent:[Go-http-client/1.1]]
        Response Headers: map[Content-Length:[251] Content-Type:[text/plain; charset=utf-8] Date:[Tue, 28 Jul 2026 05:02:51 GMT]]
        
    pod.go:72: 2026-07-28T05:02:51.655339502Z: Response expectation failed for request: [client http://echo/hostname-redirect --method=GET]  not ready yet: wanted status code to be one of [302 302 302 302 302 302 302 302 302 302], got 200 (after 9.656159621s)
=== NAME  TestGatewayAPIConformance/MeshHTTPRouteRedirectHostAndStatus/1_request_to_'echo/host-and-status'_should_receive_one_of_[]
    pod.go:70: 2026-07-28T05:02:51.658299115Z: Got resp RawContent:       [0] Url=http://echo/host-and-status
        [0] Latency=4.652027ms
        [0] ActiveRequests=1
        [0] StatusCode=200
        [0] ResponseHeader=Content-Length:249
        [0] ResponseHeader=Content-Type:text/plain; charset=utf-8
        [0] ResponseHeader=Date:Tue, 28 Jul 2026 05:02:51 GMT
        [0 body] ServiceVersion=
        [0 body] ServicePort=8080
        [0 body] Host=echo
        [0 body] URL=/host-and-status
        [0 body] Method=GET
        [0 body] Proto=HTTP/1.1
        [0 body] IP=10.244.0.33
        [0 body] RequestHeader=Accept-Encoding:gzip
        [0 body] RequestHeader=Connection:close
        [0 body] RequestHeader=User-Agent:Go-http-client/1.1
        [0 body] Hostname=echo-v2-7d46bf8884-7fs28
        
        2026-07-28T05:02:51.652831Z	info	All requests succeeded
        
        ID:               
        Method:           GET
        Protocol:         HTTP/1.1
        Alpn:             
        URL:              /host-and-status
        Version:          
        Port:             8080
        Code:             200
        Host:             echo
        Hostname:         echo-v2-7d46bf8884-7fs28
        Cluster:          
        IP:               10.244.0.33
        Request Headers:  map[Accept-Encoding:[gzip] Connection:[close] User-Agent:[Go-http-client/1.1]]
        Response Headers: map[Content-Length:[249] Content-Type:[text/plain; charset=utf-8] Date:[Tue, 28 Jul 2026 05:02:51 GMT]]
        
    pod.go:72: 2026-07-28T05:02:51.658413147Z: Response expectation failed for request: [client http://echo/host-and-status --method=GET]  not ready yet: wanted status code to be one of [301 301 301 301 301 301 301 301 301 301], got 200 (after 9.65604103s)
=== NAME  TestGatewayAPIConformance/MeshHTTPRouteRedirectHostAndStatus/0_request_to_'echo/hostname-redirect'_should_receive_one_of_[]
    pod.go:70: 2026-07-28T05:02:52.713031253Z: Got resp RawContent:       [0] Url=http://echo/hostname-redirect
        [0] Latency=3.412451ms
        [0] ActiveRequests=1
        [0] StatusCode=200
        [0] ResponseHeader=Content-Length:250
        [0] ResponseHeader=Content-Type:text/plain; charset=utf-8
        [0] ResponseHeader=Date:Tue, 28 Jul 2026 05:02:52 GMT
        [0 body] ServiceVersion=
        [0 body] ServicePort=8080
        [0 body] Host=echo
        [0 body] URL=/hostname-redirect
        [0 body] Method=GET
        [0 body] Proto=HTTP/1.1
        [0 body] IP=10.244.0.1
        [0 body] RequestHeader=Accept-Encoding:gzip
        [0 body] RequestHeader=Connection:close
        [0 body] RequestHeader=User-Agent:Go-http-client/1.1
        [0 body] Hostname=echo-v1-699dd9bfc7-g5xrx
        
        2026-07-28T05:02:52.708475Z	info	All requests succeeded
        
        ID:               
        Method:           GET
        Protocol:         HTTP/1.1
        Alpn:             
        URL:              /hostname-redirect
        Version:          
        Port:             8080
        Code:             200
        Host:             echo
        Hostname:         echo-v1-699dd9bfc7-g5xrx
        Cluster:          
        IP:               10.244.0.1
        Request Headers:  map[Accept-Encoding:[gzip] Connection:[close] User-Agent:[Go-http-client/1.1]]
        Response Headers: map[Content-Length:[250] Content-Type:[text/plain; charset=utf-8] Date:[Tue, 28 Jul 2026 05:02:52 GMT]]
        
    pod.go:72: 2026-07-28T05:02:52.713236654Z: Response expectation failed for request: [client http://echo/hostname-redirect --method=GET]  not ready yet: wanted status code to be one of [302 302 302 302 302 302 302 302 302 302 302], got 200 (after 10.708897975s)
=== NAME  TestGatewayAPIConformance/MeshHTTPRouteRedirectHostAndStatus/1_request_to_'echo/host-and-status'_should_receive_one_of_[]
    pod.go:70: 2026-07-28T05:02:52.713089757Z: Got resp RawContent:       [0] Url=http://echo/host-and-status
        [0] Latency=2.382127ms
        [0] ActiveRequests=1
        [0] StatusCode=200
        [0] ResponseHeader=Content-Length:248
        [0] ResponseHeader=Content-Type:text/plain; charset=utf-8
        [0] ResponseHeader=Date:Tue, 28 Jul 2026 05:02:52 GMT
        [0 body] ServiceVersion=
        [0 body] ServicePort=8080
        [0 body] Host=echo
        [0 body] URL=/host-and-status
        [0 body] Method=GET
        [0 body] Proto=HTTP/1.1
        [0 body] IP=10.244.0.1
        [0 body] RequestHeader=Accept-Encoding:gzip
        [0 body] RequestHeader=Connection:close
        [0 body] RequestHeader=User-Agent:Go-http-client/1.1
        [0 body] Hostname=echo-v1-699dd9bfc7-g5xrx
        
        2026-07-28T05:02:52.709009Z	info	All requests succeeded
        
        ID:               
        Method:           GET
        Protocol:         HTTP/1.1
        Alpn:             
        URL:              /host-and-status
        Version:          
        Port:             8080
        Code:             200
        Host:             echo
        Hostname:         echo-v1-699dd9bfc7-g5xrx
        Cluster:          
        IP:               10.244.0.1
        Request Headers:  map[Accept-Encoding:[gzip] Connection:[close] User-Agent:[Go-http-client/1.1]]
        Response Headers: map[Content-Length:[248] Content-Type:[text/plain; charset=utf-8] Date:[Tue, 28 Jul 2026 05:02:52 GMT]]
        
    pod.go:72: 2026-07-28T05:02:52.713362583Z: Response expectation failed for request: [client http://echo/host-and-status --method=GET]  not ready yet: wanted status code to be one of [301 301 301 301 301 301 301 301 301 301 301], got 200 (after 10.712759024s)
=== NAME  TestGatewayAPIConformance/MeshHTTPRouteRedirectHostAndStatus/0_request_to_'echo/hostname-redirect'_should_receive_one_of_[]
    pod.go:70: 2026-07-28T05:02:53.769911937Z: Got resp RawContent:       [0] Url=http://echo/hostname-redirect
        [0] Latency=2.788613ms
        [0] ActiveRequests=1
        [0] StatusCode=200
        [0] ResponseHeader=Content-Length:251
        [0] ResponseHeader=Content-Type:text/plain; charset=utf-8
        [0] ResponseHeader=Date:Tue, 28 Jul 2026 05:02:53 GMT
        [0 body] ServiceVersion=
        [0 body] ServicePort=8080
        [0 body] Host=echo
        [0 body] URL=/hostname-redirect
        [0 body] Method=GET
        [0 body] Proto=HTTP/1.1
        [0 body] IP=10.244.0.33
        [0 body] RequestHeader=Accept-Encoding:gzip
        [0 body] RequestHeader=Connection:close
        [0 body] RequestHeader=User-Agent:Go-http-client/1.1
        [0 body] Hostname=echo-v2-7d46bf8884-7fs28
        
        2026-07-28T05:02:53.764538Z	info	All requests succeeded
        
        ID:               
        Method:           GET
        Protocol:         HTTP/1.1
        Alpn:             
        URL:              /hostname-redirect
        Version:          
        Port:             8080
        Code:             200
        Host:             echo
        Hostname:         echo-v2-7d46bf8884-7fs28
        Cluster:          
        IP:               10.244.0.33
        Request Headers:  map[Accept-Encoding:[gzip] Connection:[close] User-Agent:[Go-http-client/1.1]]
        Response Headers: map[Content-Length:[251] Content-Type:[text/plain; charset=utf-8] Date:[Tue, 28 Jul 2026 05:02:53 GMT]]
        
    pod.go:72: 2026-07-28T05:02:53.770056836Z: Response expectation failed for request: [client http://echo/hostname-redirect --method=GET]  not ready yet: wanted status code to be one of [302 302 302 302 302 302 302 302 302 302 302 302], got 200 (after 11.767007783s)
=== NAME  TestGatewayAPIConformance/MeshHTTPRouteRedirectHostAndStatus/1_request_to_'echo/host-and-status'_should_receive_one_of_[]
    pod.go:70: 2026-07-28T05:02:53.775105227Z: Got resp RawContent:       [0] Url=http://echo/host-and-status
        [0] Latency=3.522846ms
        [0] ActiveRequests=1
        [0] StatusCode=200
        [0] ResponseHeader=Content-Length:249
        [0] ResponseHeader=Content-Type:text/plain; charset=utf-8
        [0] ResponseHeader=Date:Tue, 28 Jul 2026 05:02:53 GMT
        [0 body] ServiceVersion=
        [0 body] ServicePort=8080
        [0 body] Host=echo
        [0 body] URL=/host-and-status
        [0 body] Method=GET
        [0 body] Proto=HTTP/1.1
        [0 body] IP=10.244.0.33
        [0 body] RequestHeader=Accept-Encoding:gzip
        [0 body] RequestHeader=Connection:close
        [0 body] RequestHeader=User-Agent:Go-http-client/1.1
        [0 body] Hostname=echo-v2-7d46bf8884-7fs28
        
        2026-07-28T05:02:53.771648Z	info	All requests succeeded
        
        ID:               
        Method:           GET
        Protocol:         HTTP/1.1
        Alpn:             
        URL:              /host-and-status
        Version:          
        Port:             8080
        Code:             200
        Host:             echo
        Hostname:         echo-v2-7d46bf8884-7fs28
        Cluster:          
        IP:               10.244.0.33
        Request Headers:  map[Accept-Encoding:[gzip] Connection:[close] User-Agent:[Go-http-client/1.1]]
        Response Headers: map[Content-Length:[249] Content-Type:[text/plain; charset=utf-8] Date:[Tue, 28 Jul 2026 05:02:53 GMT]]
        
    pod.go:72: 2026-07-28T05:02:53.775200835Z: Response expectation failed for request: [client http://echo/host-and-status --method=GET]  not ready yet: wanted status code to be one of [301 301 301 301 301 301 301 301 301 301 301 301], got 200 (after 11.766954201s)
=== NAME  TestGatewayAPIConformance/MeshHTTPRouteRedirectHostAndStatus/0_request_to_'echo/hostname-redirect'_should_receive_one_of_[]
    pod.go:70: 2026-07-28T05:02:54.831743754Z: Got resp RawContent:       [0] Url=http://echo/hostname-redirect
        [0] Latency=3.32922ms
        [0] ActiveRequests=1
        [0] StatusCode=200
        [0] ResponseHeader=Content-Length:250
        [0] ResponseHeader=Content-Type:text/plain; charset=utf-8
        [0] ResponseHeader=Date:Tue, 28 Jul 2026 05:02:54 GMT
        [0 body] ServiceVersion=
        [0 body] ServicePort=8080
        [0 body] Host=echo
        [0 body] URL=/hostname-redirect
        [0 body] Method=GET
        [0 body] Proto=HTTP/1.1
        [0 body] IP=10.244.0.1
        [0 body] RequestHeader=Accept-Encoding:gzip
        [0 body] RequestHeader=Connection:close
        [0 body] RequestHeader=User-Agent:Go-http-client/1.1
        [0 body] Hostname=echo-v1-699dd9bfc7-g5xrx
        
        2026-07-28T05:02:54.825442Z	info	All requests succeeded
        
        ID:               
        Method:           GET
        Protocol:         HTTP/1.1
        Alpn:             
        URL:              /hostname-redirect
        Version:          
        Port:             8080
        Code:             200
        Host:             echo
        Hostname:         echo-v1-699dd9bfc7-g5xrx
        Cluster:          
        IP:               10.244.0.1
        Request Headers:  map[Accept-Encoding:[gzip] Connection:[close] User-Agent:[Go-http-client/1.1]]
        Response Headers: map[Content-Length:[250] Content-Type:[text/plain; charset=utf-8] Date:[Tue, 28 Jul 2026 05:02:54 GMT]]
        
    pod.go:72: 2026-07-28T05:02:54.83190847Z: Response expectation failed for request: [client http://echo/hostname-redirect --method=GET]  not ready yet: wanted status code to be one of [302 302 302 302 302 302 302 302 302 302 302 302 302], got 200 (after 12.823234135s)
=== NAME  TestGatewayAPIConformance/MeshHTTPRouteRedirectHostAndStatus/1_request_to_'echo/host-and-status'_should_receive_one_of_[]
    pod.go:70: 2026-07-28T05:02:54.832980429Z: Got resp RawContent:       [0] Url=http://echo/host-and-status
        [0] Latency=2.22462ms
        [0] ActiveRequests=1
        [0] StatusCode=200
        [0] ResponseHeader=Content-Length:249
        [0] ResponseHeader=Content-Type:text/plain; charset=utf-8
        [0] ResponseHeader=Date:Tue, 28 Jul 2026 05:02:54 GMT
        [0 body] ServiceVersion=
        [0 body] ServicePort=8080
        [0 body] Host=echo
        [0 body] URL=/host-and-status
        [0 body] Method=GET
        [0 body] Proto=HTTP/1.1
        [0 body] IP=10.244.0.33
        [0 body] RequestHeader=Accept-Encoding:gzip
        [0 body] RequestHeader=Connection:close
        [0 body] RequestHeader=User-Agent:Go-http-client/1.1
        [0 body] Hostname=echo-v2-7d46bf8884-7fs28
        
        2026-07-28T05:02:54.828417Z	info	All requests succeeded
        
        ID:               
        Method:           GET
        Protocol:         HTTP/1.1
        Alpn:             
        URL:              /host-and-status
        Version:          
        Port:             8080
        Code:             200
        Host:             echo
        Hostname:         echo-v2-7d46bf8884-7fs28
        Cluster:          
        IP:               10.244.0.33
        Request Headers:  map[Accept-Encoding:[gzip] Connection:[close] User-Agent:[Go-http-client/1.1]]
        Response Headers: map[Content-Length:[249] Content-Type:[text/plain; charset=utf-8] Date:[Tue, 28 Jul 2026 05:02:54 GMT]]
        
    pod.go:72: 2026-07-28T05:02:54.83307772Z: Response expectation failed for request: [client http://echo/host-and-status --method=GET]  not ready yet: wanted status code to be one of [301 301 301 301 301 301 301 301 301 301 301 301 301], got 200 (after 12.828484485s)
=== NAME  TestGatewayAPIConformance/MeshHTTPRouteRedirectHostAndStatus/0_request_to_'echo/hostname-redirect'_should_receive_one_of_[]
    pod.go:70: 2026-07-28T05:02:55.896161994Z: Got resp RawContent:       [0] Url=http://echo/hostname-redirect
        [0] Latency=3.369425ms
        [0] ActiveRequests=1
        [0] StatusCode=200
        [0] ResponseHeader=Content-Length:251
        [0] ResponseHeader=Content-Type:text/plain; charset=utf-8
        [0] ResponseHeader=Date:Tue, 28 Jul 2026 05:02:55 GMT
        [0 body] ServiceVersion=
        [0 body] ServicePort=8080
        [0 body] Host=echo
        [0 body] URL=/hostname-redirect
        [0 body] Method=GET
        [0 body] Proto=HTTP/1.1
        [0 body] IP=10.244.0.33
        [0 body] RequestHeader=Accept-Encoding:gzip
        [0 body] RequestHeader=Connection:close
        [0 body] RequestHeader=User-Agent:Go-http-client/1.1
        [0 body] Hostname=echo-v2-7d46bf8884-7fs28
        
        2026-07-28T05:02:55.889600Z	info	All requests succeeded
        
        ID:               
        Method:           GET
        Protocol:         HTTP/1.1
        Alpn:             
        URL:              /hostname-redirect
        Version:          
        Port:             8080
        Code:             200
        Host:             echo
        Hostname:         echo-v2-7d46bf8884-7fs28
        Cluster:          
        IP:               10.244.0.33
        Request Headers:  map[Accept-Encoding:[gzip] Connection:[close] User-Agent:[Go-http-client/1.1]]
        Response Headers: map[Content-Length:[251] Content-Type:[text/plain; charset=utf-8] Date:[Tue, 28 Jul 2026 05:02:55 GMT]]
        
    pod.go:72: 2026-07-28T05:02:55.89629991Z: Response expectation failed for request: [client http://echo/hostname-redirect --method=GET]  not ready yet: wanted status code to be one of [302 302 302 302 302 302 302 302 302 302 302 302 302 302], got 200 (after 13.88513259s)
=== NAME  TestGatewayAPIConformance/MeshHTTPRouteRedirectHostAndStatus/1_request_to_'echo/host-and-status'_should_receive_one_of_[]
    pod.go:70: 2026-07-28T05:02:55.896314655Z: Got resp RawContent:       [0] Url=http://echo/host-and-status
        [0] Latency=3.712761ms
        [0] ActiveRequests=1
        [0] StatusCode=200
        [0] ResponseHeader=Content-Length:248
        [0] ResponseHeader=Content-Type:text/plain; charset=utf-8
        [0] ResponseHeader=Date:Tue, 28 Jul 2026 05:02:55 GMT
        [0 body] ServiceVersion=
        [0 body] ServicePort=8080
        [0 body] Host=echo
        [0 body] URL=/host-and-status
        [0 body] Method=GET
        [0 body] Proto=HTTP/1.1
        [0 body] IP=10.244.0.1
        [0 body] RequestHeader=Accept-Encoding:gzip
        [0 body] RequestHeader=Connection:close
        [0 body] RequestHeader=User-Agent:Go-http-client/1.1
        [0 body] Hostname=echo-v1-699dd9bfc7-g5xrx
        
        2026-07-28T05:02:55.890756Z	info	All requests succeeded
        
        ID:               
        Method:           GET
        Protocol:         HTTP/1.1
        Alpn:             
        URL:              /host-and-status
        Version:          
        Port:             8080
        Code:             200
        Host:             echo
        Hostname:         echo-v1-699dd9bfc7-g5xrx
        Cluster:          
        IP:               10.244.0.1
        Request Headers:  map[Accept-Encoding:[gzip] Connection:[close] User-Agent:[Go-http-client/1.1]]
        Response Headers: map[Content-Length:[248] Content-Type:[text/plain; charset=utf-8] Date:[Tue, 28 Jul 2026 05:02:55 GMT]]
        
    pod.go:72: 2026-07-28T05:02:55.896426593Z: Response expectation failed for request: [client http://echo/host-and-status --method=GET]  not ready yet: wanted status code to be one of [301 301 301 301 301 301 301 301 301 301 301 301 301 301], got 200 (after 13.887185382s)
=== NAME  TestGatewayAPIConformance/MeshHTTPRouteRedirectHostAndStatus/0_request_to_'echo/hostname-redirect'_should_receive_one_of_[]
    pod.go:70: 2026-07-28T05:02:56.950955771Z: Got resp RawContent:       [0] Url=http://echo/hostname-redirect
        [0] Latency=2.213503ms
        [0] ActiveRequests=1
        [0] StatusCode=200
        [0] ResponseHeader=Content-Length:250
        [0] ResponseHeader=Content-Type:text/plain; charset=utf-8
        [0] ResponseHeader=Date:Tue, 28 Jul 2026 05:02:56 GMT
        [0 body] ServiceVersion=
        [0 body] ServicePort=8080
        [0 body] Host=echo
        [0 body] URL=/hostname-redirect
        [0 body] Method=GET
        [0 body] Proto=HTTP/1.1
        [0 body] IP=10.244.0.1
        [0 body] RequestHeader=Accept-Encoding:gzip
        [0 body] RequestHeader=Connection:close
        [0 body] RequestHeader=User-Agent:Go-http-client/1.1
        [0 body] Hostname=echo-v1-699dd9bfc7-g5xrx
        
        2026-07-28T05:02:56.946145Z	info	All requests succeeded
        
        ID:               
        Method:           GET
        Protocol:         HTTP/1.1
        Alpn:             
        URL:              /hostname-redirect
        Version:          
        Port:             8080
        Code:             200
        Host:             echo
        Hostname:         echo-v1-699dd9bfc7-g5xrx
        Cluster:          
        IP:               10.244.0.1
        Request Headers:  map[Accept-Encoding:[gzip] Connection:[close] User-Agent:[Go-http-client/1.1]]
        Response Headers: map[Content-Length:[250] Content-Type:[text/plain; charset=utf-8] Date:[Tue, 28 Jul 2026 05:02:56 GMT]]
        
    pod.go:72: 2026-07-28T05:02:56.951112672Z: Response expectation failed for request: [client http://echo/hostname-redirect --method=GET]  not ready yet: wanted status code to be one of [302 302 302 302 302 302 302 302 302 302 302 302 302 302 302], got 200 (after 14.950175064s)
=== NAME  TestGatewayAPIConformance/MeshHTTPRouteRedirectHostAndStatus/1_request_to_'echo/host-and-status'_should_receive_one_of_[]
    pod.go:70: 2026-07-28T05:02:56.952085248Z: Got resp RawContent:       [0] Url=http://echo/host-and-status
        [0] Latency=3.218289ms
        [0] ActiveRequests=1
        [0] StatusCode=200
        [0] ResponseHeader=Content-Length:248
        [0] ResponseHeader=Content-Type:text/plain; charset=utf-8
        [0] ResponseHeader=Date:Tue, 28 Jul 2026 05:02:56 GMT
        [0 body] ServiceVersion=
        [0 body] ServicePort=8080
        [0 body] Host=echo
        [0 body] URL=/host-and-status
        [0 body] Method=GET
        [0 body] Proto=HTTP/1.1
        [0 body] IP=10.244.0.1
        [0 body] RequestHeader=Accept-Encoding:gzip
        [0 body] RequestHeader=Connection:close
        [0 body] RequestHeader=User-Agent:Go-http-client/1.1
        [0 body] Hostname=echo-v1-699dd9bfc7-g5xrx
        
        2026-07-28T05:02:56.946607Z	info	All requests succeeded
        
        ID:               
        Method:           GET
        Protocol:         HTTP/1.1
        Alpn:             
        URL:              /host-and-status
        Version:          
        Port:             8080
        Code:             200
        Host:             echo
        Hostname:         echo-v1-699dd9bfc7-g5xrx
        Cluster:          
        IP:               10.244.0.1
        Request Headers:  map[Accept-Encoding:[gzip] Connection:[close] User-Agent:[Go-http-client/1.1]]
        Response Headers: map[Content-Length:[248] Content-Type:[text/plain; charset=utf-8] Date:[Tue, 28 Jul 2026 05:02:56 GMT]]
        
    pod.go:72: 2026-07-28T05:02:56.952188339Z: Response expectation failed for request: [client http://echo/host-and-status --method=GET]  not ready yet: wanted status code to be one of [301 301 301 301 301 301 301 301 301 301 301 301 301 301 301], got 200 (after 14.950083475s)
    pod.go:70: 2026-07-28T05:02:59.043577905Z: Got resp RawContent:       [0] Url=http://echo/host-and-status
        [0] Latency=1.040041576s
        [0] ActiveRequests=1
        [0] StatusCode=301
        [0] ResponseHeader=Content-Length:0
        [0] ResponseHeader=Cross-Origin-Opener-Policy:same-origin
        [0] ResponseHeader=Date:Tue, 28 Jul 2026 05:02:59 GMT
        [0] ResponseHeader=Location:http://example.org:24604/host-and-status
        [0] ResponseHeader=Referrer-Policy:strict-origin-when-cross-origin
        [0] ResponseHeader=X-Content-Type-Options:nosniff
        [0] ResponseHeader=X-Frame-Options:DENY
        [0] ResponseHeader=X-Permitted-Cross-Domain-Policies:none
        
        2026-07-28T05:02:59.038976Z	info	All requests succeeded
        
        ID:               
        Method:           
        Protocol:         
        Alpn:             
        URL:              
        Version:          
        Port:             
        Code:             301
        Host:             
        Hostname:         
        Cluster:          
        IP:               
        Request Headers:  map[]
        Response Headers: map[Content-Length:[0] Cross-Origin-Opener-Policy:[same-origin] Date:[Tue, 28 Jul 2026 05:02:59 GMT] Location:[http://example.org:24604/host-and-status] Referrer-Policy:[strict-origin-when-cross-origin] X-Content-Type-Options:[nosniff] X-Frame-Options:[DENY] X-Permitted-Cross-Domain-Policies:[none]]
        
=== NAME  TestGatewayAPIConformance/MeshHTTPRouteRedirectHostAndStatus/0_request_to_'echo/hostname-redirect'_should_receive_one_of_[]
    pod.go:70: 2026-07-28T05:02:59.043863838Z: Got resp RawContent:       [0] Url=http://echo/hostname-redirect
        [0] Latency=1.03988474s
        [0] ActiveRequests=1
        [0] StatusCode=302
        [0] ResponseHeader=Content-Length:0
        [0] ResponseHeader=Cross-Origin-Opener-Policy:same-origin
        [0] ResponseHeader=Date:Tue, 28 Jul 2026 05:02:59 GMT
        [0] ResponseHeader=Location:http://example.org:24604/hostname-redirect
        [0] ResponseHeader=Referrer-Policy:strict-origin-when-cross-origin
        [0] ResponseHeader=X-Content-Type-Options:nosniff
        [0] ResponseHeader=X-Frame-Options:DENY
        [0] ResponseHeader=X-Permitted-Cross-Domain-Policies:none
        
        2026-07-28T05:02:59.038793Z	info	All requests succeeded
        
        ID:               
        Method:           
        Protocol:         
        Alpn:             
        URL:              
        Version:          
        Port:             
        Code:             302
        Host:             
        Hostname:         
        Cluster:          
        IP:               
        Request Headers:  map[]
        Response Headers: map[Content-Length:[0] Cross-Origin-Opener-Policy:[same-origin] Date:[Tue, 28 Jul 2026 05:02:59 GMT] Location:[http://example.org:24604/hostname-redirect] Referrer-Policy:[strict-origin-when-cross-origin] X-Content-Type-Options:[nosniff] X-Frame-Options:[DENY] X-Permitted-Cross-Domain-Policies:[none]]
        
    pod.go:70: 2026-07-28T05:02:59.10527792Z: Got resp RawContent:       [0] Url=http://echo/hostname-redirect
        [0] Latency=3.68773ms
        [0] ActiveRequests=1
        [0] StatusCode=302
        [0] ResponseHeader=Content-Length:0
        [0] ResponseHeader=Cross-Origin-Opener-Policy:same-origin
        [0] ResponseHeader=Date:Tue, 28 Jul 2026 05:02:59 GMT
        [0] ResponseHeader=Location:http://example.org:24604/hostname-redirect
        [0] ResponseHeader=Referrer-Policy:strict-origin-when-cross-origin
        [0] ResponseHeader=X-Content-Type-Options:nosniff
        [0] ResponseHeader=X-Frame-Options:DENY
        [0] ResponseHeader=X-Permitted-Cross-Domain-Policies:none
        
        2026-07-28T05:02:59.100854Z	info	All requests succeeded
        
        ID:               
        Method:           
        Protocol:         
        Alpn:             
        URL:              
        Version:          
        Port:             
        Code:             302
        Host:             
        Hostname:         
        Cluster:          
        IP:               
        Request Headers:  map[]
        Response Headers: map[Content-Length:[0] Cross-Origin-Opener-Policy:[same-origin] Date:[Tue, 28 Jul 2026 05:02:59 GMT] Location:[http://example.org:24604/hostname-redirect] Referrer-Policy:[strict-origin-when-cross-origin] X-Content-Type-Options:[nosniff] X-Frame-Options:[DENY] X-Permitted-Cross-Domain-Policies:[none]]
        
=== NAME  TestGatewayAPIConformance/MeshHTTPRouteRedirectHostAndStatus/1_request_to_'echo/host-and-status'_should_receive_one_of_[]
    pod.go:70: 2026-07-28T05:02:59.106254423Z: Got resp RawContent:       [0] Url=http://echo/host-and-status
        [0] Latency=3.742794ms
        [0] ActiveRequests=1
        [0] StatusCode=301
        [0] ResponseHeader=Content-Length:0
        [0] ResponseHeader=Cross-Origin-Opener-Policy:same-origin
        [0] ResponseHeader=Date:Tue, 28 Jul 2026 05:02:59 GMT
        [0] ResponseHeader=Location:http://example.org:24604/host-and-status
        [0] ResponseHeader=Referrer-Policy:strict-origin-when-cross-origin
        [0] ResponseHeader=X-Content-Type-Options:nosniff
        [0] ResponseHeader=X-Frame-Options:DENY
        [0] ResponseHeader=X-Permitted-Cross-Domain-Policies:none
        
        2026-07-28T05:02:59.101043Z	info	All requests succeeded
        
        ID:               
        Method:           
        Protocol:         
        Alpn:             
        URL:              
        Version:          
        Port:             
        Code:             301
        Host:             
        Hostname:         
        Cluster:          
        IP:               
        Request Headers:  map[]
        Response Headers: map[Content-Length:[0] Cross-Origin-Opener-Policy:[same-origin] Date:[Tue, 28 Jul 2026 05:02:59 GMT] Location:[http://example.org:24604/host-and-status] Referrer-Policy:[strict-origin-when-cross-origin] X-Content-Type-Options:[nosniff] X-Frame-Options:[DENY] X-Permitted-Cross-Domain-Policies:[none]]
        
=== NAME  TestGatewayAPIConformance/MeshHTTPRouteRedirectHostAndStatus/0_request_to_'echo/hostname-redirect'_should_receive_one_of_[]
    pod.go:70: 2026-07-28T05:02:59.164051996Z: Got resp RawContent:       [0] Url=http://echo/hostname-redirect
        [0] Latency=4.372782ms
        [0] ActiveRequests=1
        [0] StatusCode=302
        [0] ResponseHeader=Content-Length:0
        [0] ResponseHeader=Cross-Origin-Opener-Policy:same-origin
        [0] ResponseHeader=Date:Tue, 28 Jul 2026 05:02:59 GMT
        [0] ResponseHeader=Location:http://example.org:24604/hostname-redirect
        [0] ResponseHeader=Referrer-Policy:strict-origin-when-cross-origin
        [0] ResponseHeader=X-Content-Type-Options:nosniff
        [0] ResponseHeader=X-Frame-Options:DENY
        [0] ResponseHeader=X-Permitted-Cross-Domain-Policies:none
        
        2026-07-28T05:02:59.158746Z	info	All requests succeeded
        
        ID:               
        Method:           
        Protocol:         
        Alpn:             
        URL:              
        Version:          
        Port:             
        Code:             302
        Host:             
        Hostname:         
        Cluster:          
        IP:               
        Request Headers:  map[]
        Response Headers: map[Content-Length:[0] Cross-Origin-Opener-Policy:[same-origin] Date:[Tue, 28 Jul 2026 05:02:59 GMT] Location:[http://example.org:24604/hostname-redirect] Referrer-Policy:[strict-origin-when-cross-origin] X-Content-Type-Options:[nosniff] X-Frame-Options:[DENY] X-Permitted-Cross-Domain-Policies:[none]]
        
    httproute-redirect-host-and-status.go:80: 2026-07-28T05:02:59.164557432Z: Request passed
=== NAME  TestGatewayAPIConformance/MeshHTTPRouteRedirectHostAndStatus/1_request_to_'echo/host-and-status'_should_receive_one_of_[]
    pod.go:70: 2026-07-28T05:02:59.164805695Z: Got resp RawContent:       [0] Url=http://echo/host-and-status
        [0] Latency=3.959251ms
        [0] ActiveRequests=1
        [0] StatusCode=301
        [0] ResponseHeader=Content-Length:0
        [0] ResponseHeader=Cross-Origin-Opener-Policy:same-origin
        [0] ResponseHeader=Date:Tue, 28 Jul 2026 05:02:59 GMT
        [0] ResponseHeader=Location:http://example.org:24604/host-and-status
        [0] ResponseHeader=Referrer-Policy:strict-origin-when-cross-origin
        [0] ResponseHeader=X-Content-Type-Options:nosniff
        [0] ResponseHeader=X-Frame-Options:DENY
        [0] ResponseHeader=X-Permitted-Cross-Domain-Policies:none
        
        2026-07-28T05:02:59.159196Z	info	All requests succeeded
        
        ID:               
        Method:           
        Protocol:         
        Alpn:             
        URL:              
        Version:          
        Port:             
        Code:             301
        Host:             
        Hostname:         
        Cluster:          
        IP:               
        Request Headers:  map[]
        Response Headers: map[Content-Length:[0] Cross-Origin-Opener-Policy:[same-origin] Date:[Tue, 28 Jul 2026 05:02:59 GMT] Location:[http://example.org:24604/host-and-status] Referrer-Policy:[strict-origin-when-cross-origin] X-Content-Type-Options:[nosniff] X-Frame-Options:[DENY] X-Permitted-Cross-Domain-Policies:[none]]
        
    httproute-redirect-host-and-status.go:80: 2026-07-28T05:02:59.164871407Z: Request passed
=== NAME  TestGatewayAPIConformance/MeshHTTPRouteRedirectHostAndStatus
    apply.go:283: 2026-07-28T05:02:59.164895742Z: Deleting mesh-redirect-host-and-status HTTPRoute
=== NAME  TestGatewayAPIConformance
    suite.go:504: 2026-07-28T05:02:59.16876147Z: Sleeping 10s for test isolation
=== RUN   TestGatewayAPIConformance/MeshHTTPRouteRedirectPath
    conformance.go:70: 2026-07-28T05:03:09.170041649Z: Applying tests/mesh/httproute-redirect-path.yaml
    apply.go:275: 2026-07-28T05:03:09.175260603Z: Creating mesh-redirect-path HTTPRoute
    conformance.go:75: 2026-07-28T05:03:09.184299303Z: Running MeshHTTPRouteRedirectPath, relying on the following features: Mesh-standard, HTTPRoute-standard, MeshHTTPRouteRedirectPath-standard
=== RUN   TestGatewayAPIConformance/MeshHTTPRouteRedirectPath/0_request_to_'echo/original-prefix/lemon'_should_receive_one_of_[]
=== PAUSE TestGatewayAPIConformance/MeshHTTPRouteRedirectPath/0_request_to_'echo/original-prefix/lemon'_should_receive_one_of_[]
=== RUN   TestGatewayAPIConformance/MeshHTTPRouteRedirectPath/1_request_to_'echo/full/path/original'_should_receive_one_of_[]
=== PAUSE TestGatewayAPIConformance/MeshHTTPRouteRedirectPath/1_request_to_'echo/full/path/original'_should_receive_one_of_[]
=== RUN   TestGatewayAPIConformance/MeshHTTPRouteRedirectPath/2_request_to_'echo/path-and-host'_should_receive_one_of_[]
=== PAUSE TestGatewayAPIConformance/MeshHTTPRouteRedirectPath/2_request_to_'echo/path-and-host'_should_receive_one_of_[]
=== RUN   TestGatewayAPIConformance/MeshHTTPRouteRedirectPath/3_request_to_'echo/path-and-status'_should_receive_one_of_[]
=== PAUSE TestGatewayAPIConformance/MeshHTTPRouteRedirectPath/3_request_to_'echo/path-and-status'_should_receive_one_of_[]
=== RUN   TestGatewayAPIConformance/MeshHTTPRouteRedirectPath/4_request_to_'echo/full-path-and-host'_should_receive_one_of_[]
=== PAUSE TestGatewayAPIConformance/MeshHTTPRouteRedirectPath/4_request_to_'echo/full-path-and-host'_should_receive_one_of_[]
=== RUN   TestGatewayAPIConformance/MeshHTTPRouteRedirectPath/5_request_to_'echo/full-path-and-status'_should_receive_one_of_[]
=== PAUSE TestGatewayAPIConformance/MeshHTTPRouteRedirectPath/5_request_to_'echo/full-path-and-status'_should_receive_one_of_[]
=== CONT  TestGatewayAPIConformance/MeshHTTPRouteRedirectPath/0_request_to_'echo/original-prefix/lemon'_should_receive_one_of_[]
=== CONT  TestGatewayAPIConformance/MeshHTTPRouteRedirectPath/3_request_to_'echo/path-and-status'_should_receive_one_of_[]
=== CONT  TestGatewayAPIConformance/MeshHTTPRouteRedirectPath/5_request_to_'echo/full-path-and-status'_should_receive_one_of_[]
=== CONT  TestGatewayAPIConformance/MeshHTTPRouteRedirectPath/4_request_to_'echo/full-path-and-host'_should_receive_one_of_[]
=== NAME  TestGatewayAPIConformance/MeshHTTPRouteRedirectPath/0_request_to_'echo/original-prefix/lemon'_should_receive_one_of_[]
    pod.go:70: 2026-07-28T05:03:09.441307701Z: Got resp RawContent:       [0] Url=http://echo/original-prefix/lemon
        [0] Latency=12.82234ms
        [0] ActiveRequests=1
        [0] StatusCode=200
        [0] ResponseHeader=Content-Length:254
        [0] ResponseHeader=Content-Type:text/plain; charset=utf-8
        [0] ResponseHeader=Date:Tue, 28 Jul 2026 05:03:09 GMT
        [0 body] ServiceVersion=
        [0 body] ServicePort=8080
        [0 body] Host=echo
        [0 body] URL=/original-prefix/lemon
        [0 body] Method=GET
        [0 body] Proto=HTTP/1.1
        [0 body] IP=10.244.0.1
        [0 body] RequestHeader=Accept-Encoding:gzip
        [0 body] RequestHeader=Connection:close
        [0 body] RequestHeader=User-Agent:Go-http-client/1.1
        [0 body] Hostname=echo-v1-699dd9bfc7-g5xrx
        
        2026-07-28T05:03:09.436443Z	info	All requests succeeded
        
        ID:               
        Method:           GET
        Protocol:         HTTP/1.1
        Alpn:             
        URL:              /original-prefix/lemon
        Version:          
        Port:             8080
        Code:             200
        Host:             echo
        Hostname:         echo-v1-699dd9bfc7-g5xrx
        Cluster:          
        IP:               10.244.0.1
        Request Headers:  map[Accept-Encoding:[gzip] Connection:[close] User-Agent:[Go-http-client/1.1]]
        Response Headers: map[Content-Length:[254] Content-Type:[text/plain; charset=utf-8] Date:[Tue, 28 Jul 2026 05:03:09 GMT]]
        
=== NAME  TestGatewayAPIConformance/MeshHTTPRouteRedirectPath/4_request_to_'echo/full-path-and-host'_should_receive_one_of_[]
    pod.go:70: 2026-07-28T05:03:09.442218322Z: Got resp RawContent:       [0] Url=http://echo/full-path-and-host
        [0] Latency=2.94137ms
        [0] ActiveRequests=1
        [0] StatusCode=200
        [0] ResponseHeader=Content-Length:252
        [0] ResponseHeader=Content-Type:text/plain; charset=utf-8
        [0] ResponseHeader=Date:Tue, 28 Jul 2026 05:03:09 GMT
        [0 body] ServiceVersion=
        [0 body] ServicePort=8080
        [0 body] Host=echo
        [0 body] URL=/full-path-and-host
        [0 body] Method=GET
        [0 body] Proto=HTTP/1.1
        [0 body] IP=10.244.0.33
        [0 body] RequestHeader=Accept-Encoding:gzip
        [0 body] RequestHeader=Connection:close
        [0 body] RequestHeader=User-Agent:Go-http-client/1.1
        [0 body] Hostname=echo-v2-7d46bf8884-7fs28
        
        2026-07-28T05:03:09.433654Z	info	All requests succeeded
        
        ID:               
        Method:           GET
        Protocol:         HTTP/1.1
        Alpn:             
        URL:              /full-path-and-host
        Version:          
        Port:             8080
        Code:             200
        Host:             echo
        Hostname:         echo-v2-7d46bf8884-7fs28
        Cluster:          
        IP:               10.244.0.33
        Request Headers:  map[Accept-Encoding:[gzip] Connection:[close] User-Agent:[Go-http-client/1.1]]
        Response Headers: map[Content-Length:[252] Content-Type:[text/plain; charset=utf-8] Date:[Tue, 28 Jul 2026 05:03:09 GMT]]
        
    pod.go:72: 2026-07-28T05:03:09.442376537Z: Response expectation failed for request: [client http://echo/full-path-and-host]  not ready yet: wanted status code to be one of [302], got 200 (after 1.473µs)
=== NAME  TestGatewayAPIConformance/MeshHTTPRouteRedirectPath/0_request_to_'echo/original-prefix/lemon'_should_receive_one_of_[]
    pod.go:72: 2026-07-28T05:03:09.442325831Z: Response expectation failed for request: [client http://echo/original-prefix/lemon]  not ready yet: wanted status code to be one of [302], got 200 (after 2.395µs)
=== NAME  TestGatewayAPIConformance/MeshHTTPRouteRedirectPath/5_request_to_'echo/full-path-and-status'_should_receive_one_of_[]
    pod.go:70: 2026-07-28T05:03:09.449512922Z: Got resp RawContent:       [0] Url=http://echo/full-path-and-status
        [0] Latency=22.336813ms
        [0] ActiveRequests=1
        [0] StatusCode=200
        [0] ResponseHeader=Content-Length:254
        [0] ResponseHeader=Content-Type:text/plain; charset=utf-8
        [0] ResponseHeader=Date:Tue, 28 Jul 2026 05:03:09 GMT
        [0 body] ServiceVersion=
        [0 body] ServicePort=8080
        [0 body] Host=echo
        [0 body] URL=/full-path-and-status
        [0 body] Method=GET
        [0 body] Proto=HTTP/1.1
        [0 body] IP=10.244.0.33
        [0 body] RequestHeader=Accept-Encoding:gzip
        [0 body] RequestHeader=Connection:close
        [0 body] RequestHeader=User-Agent:Go-http-client/1.1
        [0 body] Hostname=echo-v2-7d46bf8884-7fs28
        
        2026-07-28T05:03:09.440288Z	info	All requests succeeded
        
        ID:               
        Method:           GET
        Protocol:         HTTP/1.1
        Alpn:             
        URL:              /full-path-and-status
        Version:          
        Port:             8080
        Code:             200
        Host:             echo
        Hostname:         echo-v2-7d46bf8884-7fs28
        Cluster:          
        IP:               10.244.0.33
        Request Headers:  map[Accept-Encoding:[gzip] Connection:[close] User-Agent:[Go-http-client/1.1]]
        Response Headers: map[Content-Length:[254] Content-Type:[text/plain; charset=utf-8] Date:[Tue, 28 Jul 2026 05:03:09 GMT]]
        
    pod.go:72: 2026-07-28T05:03:09.449783214Z: Response expectation failed for request: [client http://echo/full-path-and-status]  not ready yet: wanted status code to be one of [301], got 200 (after 1.612µs)
=== NAME  TestGatewayAPIConformance/MeshHTTPRouteRedirectPath/3_request_to_'echo/path-and-status'_should_receive_one_of_[]
    pod.go:70: 2026-07-28T05:03:09.45470017Z: Got resp RawContent:       [0] Url=http://echo/path-and-status
        [0] Latency=4.439741ms
        [0] ActiveRequests=1
        [0] StatusCode=200
        [0] ResponseHeader=Content-Length:248
        [0] ResponseHeader=Content-Type:text/plain; charset=utf-8
        [0] ResponseHeader=Date:Tue, 28 Jul 2026 05:03:09 GMT
        [0 body] ServiceVersion=
        [0 body] ServicePort=8080
        [0 body] Host=echo
        [0 body] URL=/path-and-status
        [0 body] Method=GET
        [0 body] Proto=HTTP/1.1
        [0 body] IP=10.244.0.1
        [0 body] RequestHeader=Accept-Encoding:gzip
        [0 body] RequestHeader=Connection:close
        [0 body] RequestHeader=User-Agent:Go-http-client/1.1
        [0 body] Hostname=echo-v1-699dd9bfc7-g5xrx
        
        2026-07-28T05:03:09.451398Z	info	All requests succeeded
        
        ID:               
        Method:           GET
        Protocol:         HTTP/1.1
        Alpn:             
        URL:              /path-and-status
        Version:          
        Port:             8080
        Code:             200
        Host:             echo
        Hostname:         echo-v1-699dd9bfc7-g5xrx
        Cluster:          
        IP:               10.244.0.1
        Request Headers:  map[Accept-Encoding:[gzip] Connection:[close] User-Agent:[Go-http-client/1.1]]
        Response Headers: map[Content-Length:[248] Content-Type:[text/plain; charset=utf-8] Date:[Tue, 28 Jul 2026 05:03:09 GMT]]
        
    pod.go:72: 2026-07-28T05:03:09.455059567Z: Response expectation failed for request: [client http://echo/path-and-status]  not ready yet: wanted status code to be one of [301], got 200 (after 1.243µs)
=== NAME  TestGatewayAPIConformance/MeshHTTPRouteRedirectPath/4_request_to_'echo/full-path-and-host'_should_receive_one_of_[]
    pod.go:70: 2026-07-28T05:03:10.530526513Z: Got resp RawContent:       [0] Url=http://echo/full-path-and-host
        [0] Latency=3.322838ms
        [0] ActiveRequests=1
        [0] StatusCode=302
        [0] ResponseHeader=Content-Length:0
        [0] ResponseHeader=Cross-Origin-Opener-Policy:same-origin
        [0] ResponseHeader=Date:Tue, 28 Jul 2026 05:03:10 GMT
        [0] ResponseHeader=Location:http://example.org:24604/replacement-full
        [0] ResponseHeader=Referrer-Policy:strict-origin-when-cross-origin
        [0] ResponseHeader=X-Content-Type-Options:nosniff
        [0] ResponseHeader=X-Frame-Options:DENY
        [0] ResponseHeader=X-Permitted-Cross-Domain-Policies:none
        
        2026-07-28T05:03:10.523359Z	info	All requests succeeded
        
        ID:               
        Method:           
        Protocol:         
        Alpn:             
        URL:              
        Version:          
        Port:             
        Code:             302
        Host:             
        Hostname:         
        Cluster:          
        IP:               
        Request Headers:  map[]
        Response Headers: map[Content-Length:[0] Cross-Origin-Opener-Policy:[same-origin] Date:[Tue, 28 Jul 2026 05:03:10 GMT] Location:[http://example.org:24604/replacement-full] Referrer-Policy:[strict-origin-when-cross-origin] X-Content-Type-Options:[nosniff] X-Frame-Options:[DENY] X-Permitted-Cross-Domain-Policies:[none]]
        
=== NAME  TestGatewayAPIConformance/MeshHTTPRouteRedirectPath/0_request_to_'echo/original-prefix/lemon'_should_receive_one_of_[]
    pod.go:70: 2026-07-28T05:03:10.53846599Z: Got resp RawContent:       [0] Url=http://echo/original-prefix/lemon
        [0] Latency=6.555777ms
        [0] ActiveRequests=1
        [0] StatusCode=302
        [0] ResponseHeader=Content-Length:0
        [0] ResponseHeader=Cross-Origin-Opener-Policy:same-origin
        [0] ResponseHeader=Date:Tue, 28 Jul 2026 05:03:10 GMT
        [0] ResponseHeader=Location:http://echo:24604/replacement-prefix/lemon
        [0] ResponseHeader=Referrer-Policy:strict-origin-when-cross-origin
        [0] ResponseHeader=X-Content-Type-Options:nosniff
        [0] ResponseHeader=X-Frame-Options:DENY
        [0] ResponseHeader=X-Permitted-Cross-Domain-Policies:none
        
        2026-07-28T05:03:10.530443Z	info	All requests succeeded
        
        ID:               
        Method:           
        Protocol:         
        Alpn:             
        URL:              
        Version:          
        Port:             
        Code:             302
        Host:             
        Hostname:         
        Cluster:          
        IP:               
        Request Headers:  map[]
        Response Headers: map[Content-Length:[0] Cross-Origin-Opener-Policy:[same-origin] Date:[Tue, 28 Jul 2026 05:03:10 GMT] Location:[http://echo:24604/replacement-prefix/lemon] Referrer-Policy:[strict-origin-when-cross-origin] X-Content-Type-Options:[nosniff] X-Frame-Options:[DENY] X-Permitted-Cross-Domain-Policies:[none]]
        
=== NAME  TestGatewayAPIConformance/MeshHTTPRouteRedirectPath/5_request_to_'echo/full-path-and-status'_should_receive_one_of_[]
    pod.go:70: 2026-07-28T05:03:10.54550737Z: Got resp RawContent:       [0] Url=http://echo/full-path-and-status
        [0] Latency=10.870708ms
        [0] ActiveRequests=1
        [0] StatusCode=301
        [0] ResponseHeader=Content-Length:0
        [0] ResponseHeader=Cross-Origin-Opener-Policy:same-origin
        [0] ResponseHeader=Date:Tue, 28 Jul 2026 05:03:10 GMT
        [0] ResponseHeader=Location:http://echo:24604/replacement-full
        [0] ResponseHeader=Referrer-Policy:strict-origin-when-cross-origin
        [0] ResponseHeader=X-Content-Type-Options:nosniff
        [0] ResponseHeader=X-Frame-Options:DENY
        [0] ResponseHeader=X-Permitted-Cross-Domain-Policies:none
        
        2026-07-28T05:03:10.540315Z	info	All requests succeeded
        
        ID:               
        Method:           
        Protocol:         
        Alpn:             
        URL:              
        Version:          
        Port:             
        Code:             301
        Host:             
        Hostname:         
        Cluster:          
        IP:               
        Request Headers:  map[]
        Response Headers: map[Content-Length:[0] Cross-Origin-Opener-Policy:[same-origin] Date:[Tue, 28 Jul 2026 05:03:10 GMT] Location:[http://echo:24604/replacement-full] Referrer-Policy:[strict-origin-when-cross-origin] X-Content-Type-Options:[nosniff] X-Frame-Options:[DENY] X-Permitted-Cross-Domain-Policies:[none]]
        
=== NAME  TestGatewayAPIConformance/MeshHTTPRouteRedirectPath/3_request_to_'echo/path-and-status'_should_receive_one_of_[]
    pod.go:70: 2026-07-28T05:03:10.547557427Z: Got resp RawContent:       [0] Url=http://echo/path-and-status
        [0] Latency=4.449596ms
        [0] ActiveRequests=1
        [0] StatusCode=301
        [0] ResponseHeader=Content-Length:0
        [0] ResponseHeader=Cross-Origin-Opener-Policy:same-origin
        [0] ResponseHeader=Date:Tue, 28 Jul 2026 05:03:10 GMT
        [0] ResponseHeader=Location:http://echo:24604/replacement-prefix
        [0] ResponseHeader=Referrer-Policy:strict-origin-when-cross-origin
        [0] ResponseHeader=X-Content-Type-Options:nosniff
        [0] ResponseHeader=X-Frame-Options:DENY
        [0] ResponseHeader=X-Permitted-Cross-Domain-Policies:none
        
        2026-07-28T05:03:10.542537Z	info	All requests succeeded
        
        ID:               
        Method:           
        Protocol:         
        Alpn:             
        URL:              
        Version:          
        Port:             
        Code:             301
        Host:             
        Hostname:         
        Cluster:          
        IP:               
        Request Headers:  map[]
        Response Headers: map[Content-Length:[0] Cross-Origin-Opener-Policy:[same-origin] Date:[Tue, 28 Jul 2026 05:03:10 GMT] Location:[http://echo:24604/replacement-prefix] Referrer-Policy:[strict-origin-when-cross-origin] X-Content-Type-Options:[nosniff] X-Frame-Options:[DENY] X-Permitted-Cross-Domain-Policies:[none]]
        
=== NAME  TestGatewayAPIConformance/MeshHTTPRouteRedirectPath/4_request_to_'echo/full-path-and-host'_should_receive_one_of_[]
    pod.go:70: 2026-07-28T05:03:10.619908264Z: Got resp RawContent:       [0] Url=http://echo/full-path-and-host
        [0] Latency=3.38846ms
        [0] ActiveRequests=1
        [0] StatusCode=302
        [0] ResponseHeader=Content-Length:0
        [0] ResponseHeader=Cross-Origin-Opener-Policy:same-origin
        [0] ResponseHeader=Date:Tue, 28 Jul 2026 05:03:10 GMT
        [0] ResponseHeader=Location:http://example.org:24604/replacement-full
        [0] ResponseHeader=Referrer-Policy:strict-origin-when-cross-origin
        [0] ResponseHeader=X-Content-Type-Options:nosniff
        [0] ResponseHeader=X-Frame-Options:DENY
        [0] ResponseHeader=X-Permitted-Cross-Domain-Policies:none
        
        2026-07-28T05:03:10.611319Z	info	All requests succeeded
        
        ID:               
        Method:           
        Protocol:         
        Alpn:             
        URL:              
        Version:          
        Port:             
        Code:             302
        Host:             
        Hostname:         
        Cluster:          
        IP:               
        Request Headers:  map[]
        Response Headers: map[Content-Length:[0] Cross-Origin-Opener-Policy:[same-origin] Date:[Tue, 28 Jul 2026 05:03:10 GMT] Location:[http://example.org:24604/replacement-full] Referrer-Policy:[strict-origin-when-cross-origin] X-Content-Type-Options:[nosniff] X-Frame-Options:[DENY] X-Permitted-Cross-Domain-Policies:[none]]
        
=== NAME  TestGatewayAPIConformance/MeshHTTPRouteRedirectPath/0_request_to_'echo/original-prefix/lemon'_should_receive_one_of_[]
    pod.go:70: 2026-07-28T05:03:10.640194169Z: Got resp RawContent:       [0] Url=http://echo/original-prefix/lemon
        [0] Latency=5.841893ms
        [0] ActiveRequests=1
        [0] StatusCode=302
        [0] ResponseHeader=Content-Length:0
        [0] ResponseHeader=Cross-Origin-Opener-Policy:same-origin
        [0] ResponseHeader=Date:Tue, 28 Jul 2026 05:03:10 GMT
        [0] ResponseHeader=Location:http://echo:24604/replacement-prefix/lemon
        [0] ResponseHeader=Referrer-Policy:strict-origin-when-cross-origin
        [0] ResponseHeader=X-Content-Type-Options:nosniff
        [0] ResponseHeader=X-Frame-Options:DENY
        [0] ResponseHeader=X-Permitted-Cross-Domain-Policies:none
        
        2026-07-28T05:03:10.633250Z	info	All requests succeeded
        
        ID:               
        Method:           
        Protocol:         
        Alpn:             
        URL:              
        Version:          
        Port:             
        Code:             302
        Host:             
        Hostname:         
        Cluster:          
        IP:               
        Request Headers:  map[]
        Response Headers: map[Content-Length:[0] Cross-Origin-Opener-Policy:[same-origin] Date:[Tue, 28 Jul 2026 05:03:10 GMT] Location:[http://echo:24604/replacement-prefix/lemon] Referrer-Policy:[strict-origin-when-cross-origin] X-Content-Type-Options:[nosniff] X-Frame-Options:[DENY] X-Permitted-Cross-Domain-Policies:[none]]
        
=== NAME  TestGatewayAPIConformance/MeshHTTPRouteRedirectPath/3_request_to_'echo/path-and-status'_should_receive_one_of_[]
    pod.go:70: 2026-07-28T05:03:10.643696818Z: Got resp RawContent:       [0] Url=http://echo/path-and-status
        [0] Latency=3.431591ms
        [0] ActiveRequests=1
        [0] StatusCode=301
        [0] ResponseHeader=Content-Length:0
        [0] ResponseHeader=Cross-Origin-Opener-Policy:same-origin
        [0] ResponseHeader=Date:Tue, 28 Jul 2026 05:03:10 GMT
        [0] ResponseHeader=Location:http://echo:24604/replacement-prefix
        [0] ResponseHeader=Referrer-Policy:strict-origin-when-cross-origin
        [0] ResponseHeader=X-Content-Type-Options:nosniff
        [0] ResponseHeader=X-Frame-Options:DENY
        [0] ResponseHeader=X-Permitted-Cross-Domain-Policies:none
        
        2026-07-28T05:03:10.635460Z	info	All requests succeeded
        
        ID:               
        Method:           
        Protocol:         
        Alpn:             
        URL:              
        Version:          
        Port:             
        Code:             301
        Host:             
        Hostname:         
        Cluster:          
        IP:               
        Request Headers:  map[]
        Response Headers: map[Content-Length:[0] Cross-Origin-Opener-Policy:[same-origin] Date:[Tue, 28 Jul 2026 05:03:10 GMT] Location:[http://echo:24604/replacement-prefix] Referrer-Policy:[strict-origin-when-cross-origin] X-Content-Type-Options:[nosniff] X-Frame-Options:[DENY] X-Permitted-Cross-Domain-Policies:[none]]
        
=== NAME  TestGatewayAPIConformance/MeshHTTPRouteRedirectPath/5_request_to_'echo/full-path-and-status'_should_receive_one_of_[]
    pod.go:70: 2026-07-28T05:03:10.644382401Z: Got resp RawContent:       [0] Url=http://echo/full-path-and-status
        [0] Latency=5.513382ms
        [0] ActiveRequests=1
        [0] StatusCode=301
        [0] ResponseHeader=Content-Length:0
        [0] ResponseHeader=Cross-Origin-Opener-Policy:same-origin
        [0] ResponseHeader=Date:Tue, 28 Jul 2026 05:03:10 GMT
        [0] ResponseHeader=Location:http://echo:24604/replacement-full
        [0] ResponseHeader=Referrer-Policy:strict-origin-when-cross-origin
        [0] ResponseHeader=X-Content-Type-Options:nosniff
        [0] ResponseHeader=X-Frame-Options:DENY
        [0] ResponseHeader=X-Permitted-Cross-Domain-Policies:none
        
        2026-07-28T05:03:10.633972Z	info	All requests succeeded
        
        ID:               
        Method:           
        Protocol:         
        Alpn:             
        URL:              
        Version:          
        Port:             
        Code:             301
        Host:             
        Hostname:         
        Cluster:          
        IP:               
        Request Headers:  map[]
        Response Headers: map[Content-Length:[0] Cross-Origin-Opener-Policy:[same-origin] Date:[Tue, 28 Jul 2026 05:03:10 GMT] Location:[http://echo:24604/replacement-full] Referrer-Policy:[strict-origin-when-cross-origin] X-Content-Type-Options:[nosniff] X-Frame-Options:[DENY] X-Permitted-Cross-Domain-Policies:[none]]
        
=== NAME  TestGatewayAPIConformance/MeshHTTPRouteRedirectPath/3_request_to_'echo/path-and-status'_should_receive_one_of_[]
    pod.go:70: 2026-07-28T05:03:10.758209212Z: Got resp RawContent:       [0] Url=http://echo/path-and-status
        [0] Latency=17.203513ms
        [0] ActiveRequests=1
        [0] StatusCode=301
        [0] ResponseHeader=Content-Length:0
        [0] ResponseHeader=Cross-Origin-Opener-Policy:same-origin
        [0] ResponseHeader=Date:Tue, 28 Jul 2026 05:03:10 GMT
        [0] ResponseHeader=Location:http://echo:24604/replacement-prefix
        [0] ResponseHeader=Referrer-Policy:strict-origin-when-cross-origin
        [0] ResponseHeader=X-Content-Type-Options:nosniff
        [0] ResponseHeader=X-Frame-Options:DENY
        [0] ResponseHeader=X-Permitted-Cross-Domain-Policies:none
        
        2026-07-28T05:03:10.752281Z	info	All requests succeeded
        
        ID:               
        Method:           
        Protocol:         
        Alpn:             
        URL:              
        Version:          
        Port:             
        Code:             301
        Host:             
        Hostname:         
        Cluster:          
        IP:               
        Request Headers:  map[]
        Response Headers: map[Content-Length:[0] Cross-Origin-Opener-Policy:[same-origin] Date:[Tue, 28 Jul 2026 05:03:10 GMT] Location:[http://echo:24604/replacement-prefix] Referrer-Policy:[strict-origin-when-cross-origin] X-Content-Type-Options:[nosniff] X-Frame-Options:[DENY] X-Permitted-Cross-Domain-Policies:[none]]
        
    httproute-redirect-path.go:135: 2026-07-28T05:03:10.760126651Z: Request passed
=== CONT  TestGatewayAPIConformance/MeshHTTPRouteRedirectPath/2_request_to_'echo/path-and-host'_should_receive_one_of_[]
=== NAME  TestGatewayAPIConformance/MeshHTTPRouteRedirectPath/5_request_to_'echo/full-path-and-status'_should_receive_one_of_[]
    pod.go:70: 2026-07-28T05:03:10.760457319Z: Got resp RawContent:       [0] Url=http://echo/full-path-and-status
        [0] Latency=24.3937ms
        [0] ActiveRequests=1
        [0] StatusCode=301
        [0] ResponseHeader=Content-Length:0
        [0] ResponseHeader=Cross-Origin-Opener-Policy:same-origin
        [0] ResponseHeader=Date:Tue, 28 Jul 2026 05:03:10 GMT
        [0] ResponseHeader=Location:http://echo:24604/replacement-full
        [0] ResponseHeader=Referrer-Policy:strict-origin-when-cross-origin
        [0] ResponseHeader=X-Content-Type-Options:nosniff
        [0] ResponseHeader=X-Frame-Options:DENY
        [0] ResponseHeader=X-Permitted-Cross-Domain-Policies:none
        
        2026-07-28T05:03:10.752403Z	info	All requests succeeded
        
        ID:               
        Method:           
        Protocol:         
        Alpn:             
        URL:              
        Version:          
        Port:             
        Code:             301
        Host:             
        Hostname:         
        Cluster:          
        IP:               
        Request Headers:  map[]
        Response Headers: map[Content-Length:[0] Cross-Origin-Opener-Policy:[same-origin] Date:[Tue, 28 Jul 2026 05:03:10 GMT] Location:[http://echo:24604/replacement-full] Referrer-Policy:[strict-origin-when-cross-origin] X-Content-Type-Options:[nosniff] X-Frame-Options:[DENY] X-Permitted-Cross-Domain-Policies:[none]]
        
    httproute-redirect-path.go:135: 2026-07-28T05:03:10.760547457Z: Request passed
=== CONT  TestGatewayAPIConformance/MeshHTTPRouteRedirectPath/1_request_to_'echo/full/path/original'_should_receive_one_of_[]
=== NAME  TestGatewayAPIConformance/MeshHTTPRouteRedirectPath/0_request_to_'echo/original-prefix/lemon'_should_receive_one_of_[]
    pod.go:70: 2026-07-28T05:03:10.759147223Z: Got resp RawContent:       [0] Url=http://echo/original-prefix/lemon
        [0] Latency=25.210245ms
        [0] ActiveRequests=1
        [0] StatusCode=302
        [0] ResponseHeader=Content-Length:0
        [0] ResponseHeader=Cross-Origin-Opener-Policy:same-origin
        [0] ResponseHeader=Date:Tue, 28 Jul 2026 05:03:10 GMT
        [0] ResponseHeader=Location:http://echo:24604/replacement-prefix/lemon
        [0] ResponseHeader=Referrer-Policy:strict-origin-when-cross-origin
        [0] ResponseHeader=X-Content-Type-Options:nosniff
        [0] ResponseHeader=X-Frame-Options:DENY
        [0] ResponseHeader=X-Permitted-Cross-Domain-Policies:none
        
        2026-07-28T05:03:10.751332Z	info	All requests succeeded
        
        ID:               
        Method:           
        Protocol:         
        Alpn:             
        URL:              
        Version:          
        Port:             
        Code:             302
        Host:             
        Hostname:         
        Cluster:          
        IP:               
        Request Headers:  map[]
        Response Headers: map[Content-Length:[0] Cross-Origin-Opener-Policy:[same-origin] Date:[Tue, 28 Jul 2026 05:03:10 GMT] Location:[http://echo:24604/replacement-prefix/lemon] Referrer-Policy:[strict-origin-when-cross-origin] X-Content-Type-Options:[nosniff] X-Frame-Options:[DENY] X-Permitted-Cross-Domain-Policies:[none]]
        
    httproute-redirect-path.go:135: 2026-07-28T05:03:10.760755188Z: Request passed
=== NAME  TestGatewayAPIConformance/MeshHTTPRouteRedirectPath/4_request_to_'echo/full-path-and-host'_should_receive_one_of_[]
    pod.go:70: 2026-07-28T05:03:10.763075885Z: Got resp RawContent:       [0] Url=http://echo/full-path-and-host
        [0] Latency=32.385203ms
        [0] ActiveRequests=1
        [0] StatusCode=302
        [0] ResponseHeader=Content-Length:0
        [0] ResponseHeader=Cross-Origin-Opener-Policy:same-origin
        [0] ResponseHeader=Date:Tue, 28 Jul 2026 05:03:10 GMT
        [0] ResponseHeader=Location:http://example.org:24604/replacement-full
        [0] ResponseHeader=Referrer-Policy:strict-origin-when-cross-origin
        [0] ResponseHeader=X-Content-Type-Options:nosniff
        [0] ResponseHeader=X-Frame-Options:DENY
        [0] ResponseHeader=X-Permitted-Cross-Domain-Policies:none
        
        2026-07-28T05:03:10.751310Z	info	All requests succeeded
        
        ID:               
        Method:           
        Protocol:         
        Alpn:             
        URL:              
        Version:          
        Port:             
        Code:             302
        Host:             
        Hostname:         
        Cluster:          
        IP:               
        Request Headers:  map[]
        Response Headers: map[Content-Length:[0] Cross-Origin-Opener-Policy:[same-origin] Date:[Tue, 28 Jul 2026 05:03:10 GMT] Location:[http://example.org:24604/replacement-full] Referrer-Policy:[strict-origin-when-cross-origin] X-Content-Type-Options:[nosniff] X-Frame-Options:[DENY] X-Permitted-Cross-Domain-Policies:[none]]
        
    httproute-redirect-path.go:135: 2026-07-28T05:03:10.763808545Z: Request passed
=== NAME  TestGatewayAPIConformance/MeshHTTPRouteRedirectPath/1_request_to_'echo/full/path/original'_should_receive_one_of_[]
    pod.go:70: 2026-07-28T05:03:10.824084849Z: Got resp RawContent:       [0] Url=http://echo/full/path/original
        [0] Latency=1.889836ms
        [0] ActiveRequests=1
        [0] StatusCode=302
        [0] ResponseHeader=Content-Length:0
        [0] ResponseHeader=Cross-Origin-Opener-Policy:same-origin
        [0] ResponseHeader=Date:Tue, 28 Jul 2026 05:03:10 GMT
        [0] ResponseHeader=Location:http://echo:24604/full-path-replacement
        [0] ResponseHeader=Referrer-Policy:strict-origin-when-cross-origin
        [0] ResponseHeader=X-Content-Type-Options:nosniff
        [0] ResponseHeader=X-Frame-Options:DENY
        [0] ResponseHeader=X-Permitted-Cross-Domain-Policies:none
        
        2026-07-28T05:03:10.818273Z	info	All requests succeeded
        
        ID:               
        Method:           
        Protocol:         
        Alpn:             
        URL:              
        Version:          
        Port:             
        Code:             302
        Host:             
        Hostname:         
        Cluster:          
        IP:               
        Request Headers:  map[]
        Response Headers: map[Content-Length:[0] Cross-Origin-Opener-Policy:[same-origin] Date:[Tue, 28 Jul 2026 05:03:10 GMT] Location:[http://echo:24604/full-path-replacement] Referrer-Policy:[strict-origin-when-cross-origin] X-Content-Type-Options:[nosniff] X-Frame-Options:[DENY] X-Permitted-Cross-Domain-Policies:[none]]
        
=== NAME  TestGatewayAPIConformance/MeshHTTPRouteRedirectPath/2_request_to_'echo/path-and-host'_should_receive_one_of_[]
    pod.go:70: 2026-07-28T05:03:10.824995174Z: Got resp RawContent:       [0] Url=http://echo/path-and-host
        [0] Latency=3.513592ms
        [0] ActiveRequests=1
        [0] StatusCode=302
        [0] ResponseHeader=Content-Length:0
        [0] ResponseHeader=Cross-Origin-Opener-Policy:same-origin
        [0] ResponseHeader=Date:Tue, 28 Jul 2026 05:03:10 GMT
        [0] ResponseHeader=Location:http://example.org:24604/replacement-prefix
        [0] ResponseHeader=Referrer-Policy:strict-origin-when-cross-origin
        [0] ResponseHeader=X-Content-Type-Options:nosniff
        [0] ResponseHeader=X-Frame-Options:DENY
        [0] ResponseHeader=X-Permitted-Cross-Domain-Policies:none
        
        2026-07-28T05:03:10.818685Z	info	All requests succeeded
        
        ID:               
        Method:           
        Protocol:         
        Alpn:             
        URL:              
        Version:          
        Port:             
        Code:             302
        Host:             
        Hostname:         
        Cluster:          
        IP:               
        Request Headers:  map[]
        Response Headers: map[Content-Length:[0] Cross-Origin-Opener-Policy:[same-origin] Date:[Tue, 28 Jul 2026 05:03:10 GMT] Location:[http://example.org:24604/replacement-prefix] Referrer-Policy:[strict-origin-when-cross-origin] X-Content-Type-Options:[nosniff] X-Frame-Options:[DENY] X-Permitted-Cross-Domain-Policies:[none]]
        
=== NAME  TestGatewayAPIConformance/MeshHTTPRouteRedirectPath/1_request_to_'echo/full/path/original'_should_receive_one_of_[]
    pod.go:70: 2026-07-28T05:03:10.880624908Z: Got resp RawContent:       [0] Url=http://echo/full/path/original
        [0] Latency=4.571425ms
        [0] ActiveRequests=1
        [0] StatusCode=302
        [0] ResponseHeader=Content-Length:0
        [0] ResponseHeader=Cross-Origin-Opener-Policy:same-origin
        [0] ResponseHeader=Date:Tue, 28 Jul 2026 05:03:10 GMT
        [0] ResponseHeader=Location:http://echo:24604/full-path-replacement
        [0] ResponseHeader=Referrer-Policy:strict-origin-when-cross-origin
        [0] ResponseHeader=X-Content-Type-Options:nosniff
        [0] ResponseHeader=X-Frame-Options:DENY
        [0] ResponseHeader=X-Permitted-Cross-Domain-Policies:none
        
        2026-07-28T05:03:10.875668Z	info	All requests succeeded
        
        ID:               
        Method:           
        Protocol:         
        Alpn:             
        URL:              
        Version:          
        Port:             
        Code:             302
        Host:             
        Hostname:         
        Cluster:          
        IP:               
        Request Headers:  map[]
        Response Headers: map[Content-Length:[0] Cross-Origin-Opener-Policy:[same-origin] Date:[Tue, 28 Jul 2026 05:03:10 GMT] Location:[http://echo:24604/full-path-replacement] Referrer-Policy:[strict-origin-when-cross-origin] X-Content-Type-Options:[nosniff] X-Frame-Options:[DENY] X-Permitted-Cross-Domain-Policies:[none]]
        
=== NAME  TestGatewayAPIConformance/MeshHTTPRouteRedirectPath/2_request_to_'echo/path-and-host'_should_receive_one_of_[]
    pod.go:70: 2026-07-28T05:03:10.881100964Z: Got resp RawContent:       [0] Url=http://echo/path-and-host
        [0] Latency=2.248554ms
        [0] ActiveRequests=1
        [0] StatusCode=302
        [0] ResponseHeader=Content-Length:0
        [0] ResponseHeader=Cross-Origin-Opener-Policy:same-origin
        [0] ResponseHeader=Date:Tue, 28 Jul 2026 05:03:10 GMT
        [0] ResponseHeader=Location:http://example.org:24604/replacement-prefix
        [0] ResponseHeader=Referrer-Policy:strict-origin-when-cross-origin
        [0] ResponseHeader=X-Content-Type-Options:nosniff
        [0] ResponseHeader=X-Frame-Options:DENY
        [0] ResponseHeader=X-Permitted-Cross-Domain-Policies:none
        
        2026-07-28T05:03:10.874585Z	info	All requests succeeded
        
        ID:               
        Method:           
        Protocol:         
        Alpn:             
        URL:              
        Version:          
        Port:             
        Code:             302
        Host:             
        Hostname:         
        Cluster:          
        IP:               
        Request Headers:  map[]
        Response Headers: map[Content-Length:[0] Cross-Origin-Opener-Policy:[same-origin] Date:[Tue, 28 Jul 2026 05:03:10 GMT] Location:[http://example.org:24604/replacement-prefix] Referrer-Policy:[strict-origin-when-cross-origin] X-Content-Type-Options:[nosniff] X-Frame-Options:[DENY] X-Permitted-Cross-Domain-Policies:[none]]
        
=== NAME  TestGatewayAPIConformance/MeshHTTPRouteRedirectPath/1_request_to_'echo/full/path/original'_should_receive_one_of_[]
    pod.go:70: 2026-07-28T05:03:10.935801383Z: Got resp RawContent:       [0] Url=http://echo/full/path/original
        [0] Latency=4.161535ms
        [0] ActiveRequests=1
        [0] StatusCode=302
        [0] ResponseHeader=Content-Length:0
        [0] ResponseHeader=Cross-Origin-Opener-Policy:same-origin
        [0] ResponseHeader=Date:Tue, 28 Jul 2026 05:03:10 GMT
        [0] ResponseHeader=Location:http://echo:24604/full-path-replacement
        [0] ResponseHeader=Referrer-Policy:strict-origin-when-cross-origin
        [0] ResponseHeader=X-Content-Type-Options:nosniff
        [0] ResponseHeader=X-Frame-Options:DENY
        [0] ResponseHeader=X-Permitted-Cross-Domain-Policies:none
        
        2026-07-28T05:03:10.931589Z	info	All requests succeeded
        
        ID:               
        Method:           
        Protocol:         
        Alpn:             
        URL:              
        Version:          
        Port:             
        Code:             302
        Host:             
        Hostname:         
        Cluster:          
        IP:               
        Request Headers:  map[]
        Response Headers: map[Content-Length:[0] Cross-Origin-Opener-Policy:[same-origin] Date:[Tue, 28 Jul 2026 05:03:10 GMT] Location:[http://echo:24604/full-path-replacement] Referrer-Policy:[strict-origin-when-cross-origin] X-Content-Type-Options:[nosniff] X-Frame-Options:[DENY] X-Permitted-Cross-Domain-Policies:[none]]
        
    httproute-redirect-path.go:135: 2026-07-28T05:03:10.936293066Z: Request passed
=== NAME  TestGatewayAPIConformance/MeshHTTPRouteRedirectPath/2_request_to_'echo/path-and-host'_should_receive_one_of_[]
    pod.go:70: 2026-07-28T05:03:10.937063251Z: Got resp RawContent:       [0] Url=http://echo/path-and-host
        [0] Latency=3.040572ms
        [0] ActiveRequests=1
        [0] StatusCode=302
        [0] ResponseHeader=Content-Length:0
        [0] ResponseHeader=Cross-Origin-Opener-Policy:same-origin
        [0] ResponseHeader=Date:Tue, 28 Jul 2026 05:03:10 GMT
        [0] ResponseHeader=Location:http://example.org:24604/replacement-prefix
        [0] ResponseHeader=Referrer-Policy:strict-origin-when-cross-origin
        [0] ResponseHeader=X-Content-Type-Options:nosniff
        [0] ResponseHeader=X-Frame-Options:DENY
        [0] ResponseHeader=X-Permitted-Cross-Domain-Policies:none
        
        2026-07-28T05:03:10.932198Z	info	All requests succeeded
        
        ID:               
        Method:           
        Protocol:         
        Alpn:             
        URL:              
        Version:          
        Port:             
        Code:             302
        Host:             
        Hostname:         
        Cluster:          
        IP:               
        Request Headers:  map[]
        Response Headers: map[Content-Length:[0] Cross-Origin-Opener-Policy:[same-origin] Date:[Tue, 28 Jul 2026 05:03:10 GMT] Location:[http://example.org:24604/replacement-prefix] Referrer-Policy:[strict-origin-when-cross-origin] X-Content-Type-Options:[nosniff] X-Frame-Options:[DENY] X-Permitted-Cross-Domain-Policies:[none]]
        
    httproute-redirect-path.go:135: 2026-07-28T05:03:10.937158407Z: Request passed
=== NAME  TestGatewayAPIConformance/MeshHTTPRouteRedirectPath
    apply.go:283: 2026-07-28T05:03:10.937187822Z: Deleting mesh-redirect-path HTTPRoute
=== NAME  TestGatewayAPIConformance
    suite.go:504: 2026-07-28T05:03:10.941541395Z: Sleeping 10s for test isolation
=== RUN   TestGatewayAPIConformance/MeshHTTPRouteRedirectPort
    conformance.go:70: 2026-07-28T05:03:20.944401923Z: Applying tests/mesh/httproute-redirect-port.yaml
    apply.go:275: 2026-07-28T05:03:20.951254891Z: Creating mesh-redirect-port HTTPRoute
    conformance.go:75: 2026-07-28T05:03:20.959270627Z: Running MeshHTTPRouteRedirectPort, relying on the following features: Mesh-standard, HTTPRoute-standard, MeshHTTPRouteRedirectPort-standard
=== RUN   TestGatewayAPIConformance/MeshHTTPRouteRedirectPort/0_request_to_'echo/port'_should_receive_one_of_[]
=== PAUSE TestGatewayAPIConformance/MeshHTTPRouteRedirectPort/0_request_to_'echo/port'_should_receive_one_of_[]
=== RUN   TestGatewayAPIConformance/MeshHTTPRouteRedirectPort/1_request_to_'echo/port-and-host'_should_receive_one_of_[]
=== PAUSE TestGatewayAPIConformance/MeshHTTPRouteRedirectPort/1_request_to_'echo/port-and-host'_should_receive_one_of_[]
=== RUN   TestGatewayAPIConformance/MeshHTTPRouteRedirectPort/2_request_to_'echo/port-and-status'_should_receive_one_of_[]
=== PAUSE TestGatewayAPIConformance/MeshHTTPRouteRedirectPort/2_request_to_'echo/port-and-status'_should_receive_one_of_[]
=== RUN   TestGatewayAPIConformance/MeshHTTPRouteRedirectPort/3_request_to_'echo/port-and-host-and-status'_should_receive_one_of_[]
=== PAUSE TestGatewayAPIConformance/MeshHTTPRouteRedirectPort/3_request_to_'echo/port-and-host-and-status'_should_receive_one_of_[]
=== CONT  TestGatewayAPIConformance/MeshHTTPRouteRedirectPort/0_request_to_'echo/port'_should_receive_one_of_[]
=== CONT  TestGatewayAPIConformance/MeshHTTPRouteRedirectPort/2_request_to_'echo/port-and-status'_should_receive_one_of_[]
=== CONT  TestGatewayAPIConformance/MeshHTTPRouteRedirectPort/1_request_to_'echo/port-and-host'_should_receive_one_of_[]
=== CONT  TestGatewayAPIConformance/MeshHTTPRouteRedirectPort/3_request_to_'echo/port-and-host-and-status'_should_receive_one_of_[]
=== NAME  TestGatewayAPIConformance/MeshHTTPRouteRedirectPort/2_request_to_'echo/port-and-status'_should_receive_one_of_[]
    pod.go:70: 2026-07-28T05:03:21.218146732Z: Got resp RawContent:       [0] Url=http://echo/port-and-status
        [0] Latency=25.483924ms
        [0] ActiveRequests=1
        [0] StatusCode=200
        [0] ResponseHeader=Content-Length:248
        [0] ResponseHeader=Content-Type:text/plain; charset=utf-8
        [0] ResponseHeader=Date:Tue, 28 Jul 2026 05:03:21 GMT
        [0 body] ServiceVersion=
        [0 body] ServicePort=8080
        [0 body] Host=echo
        [0 body] URL=/port-and-status
        [0 body] Method=GET
        [0 body] Proto=HTTP/1.1
        [0 body] IP=10.244.0.1
        [0 body] RequestHeader=Accept-Encoding:gzip
        [0 body] RequestHeader=Connection:close
        [0 body] RequestHeader=User-Agent:Go-http-client/1.1
        [0 body] Hostname=echo-v1-699dd9bfc7-g5xrx
        
        2026-07-28T05:03:21.189317Z	info	All requests succeeded
        
        ID:               
        Method:           GET
        Protocol:         HTTP/1.1
        Alpn:             
        URL:              /port-and-status
        Version:          
        Port:             8080
        Code:             200
        Host:             echo
        Hostname:         echo-v1-699dd9bfc7-g5xrx
        Cluster:          
        IP:               10.244.0.1
        Request Headers:  map[Accept-Encoding:[gzip] Connection:[close] User-Agent:[Go-http-client/1.1]]
        Response Headers: map[Content-Length:[248] Content-Type:[text/plain; charset=utf-8] Date:[Tue, 28 Jul 2026 05:03:21 GMT]]
        
    pod.go:72: 2026-07-28T05:03:21.21827494Z: Response expectation failed for request: [client http://echo/port-and-status]  not ready yet: wanted status code to be one of [301], got 200 (after 1.643µs)
=== NAME  TestGatewayAPIConformance/MeshHTTPRouteRedirectPort/3_request_to_'echo/port-and-host-and-status'_should_receive_one_of_[]
    pod.go:70: 2026-07-28T05:03:21.228010056Z: Got resp RawContent:       [0] Url=http://echo/port-and-host-and-status
        [0] Latency=9.947144ms
        [0] ActiveRequests=1
        [0] StatusCode=200
        [0] ResponseHeader=Content-Length:258
        [0] ResponseHeader=Content-Type:text/plain; charset=utf-8
        [0] ResponseHeader=Date:Tue, 28 Jul 2026 05:03:21 GMT
        [0 body] ServiceVersion=
        [0 body] ServicePort=8080
        [0 body] Host=echo
        [0 body] URL=/port-and-host-and-status
        [0 body] Method=GET
        [0 body] Proto=HTTP/1.1
        [0 body] IP=10.244.0.33
        [0 body] RequestHeader=Accept-Encoding:gzip
        [0 body] RequestHeader=Connection:close
        [0 body] RequestHeader=User-Agent:Go-http-client/1.1
        [0 body] Hostname=echo-v2-7d46bf8884-7fs28
        
        2026-07-28T05:03:21.220768Z	info	All requests succeeded
        
        ID:               
        Method:           GET
        Protocol:         HTTP/1.1
        Alpn:             
        URL:              /port-and-host-and-status
        Version:          
        Port:             8080
        Code:             200
        Host:             echo
        Hostname:         echo-v2-7d46bf8884-7fs28
        Cluster:          
        IP:               10.244.0.33
        Request Headers:  map[Accept-Encoding:[gzip] Connection:[close] User-Agent:[Go-http-client/1.1]]
        Response Headers: map[Content-Length:[258] Content-Type:[text/plain; charset=utf-8] Date:[Tue, 28 Jul 2026 05:03:21 GMT]]
        
    pod.go:72: 2026-07-28T05:03:21.228210668Z: Response expectation failed for request: [client http://echo/port-and-host-and-status]  not ready yet: wanted status code to be one of [302], got 200 (after 1.303µs)
=== NAME  TestGatewayAPIConformance/MeshHTTPRouteRedirectPort/0_request_to_'echo/port'_should_receive_one_of_[]
    pod.go:70: 2026-07-28T05:03:21.240828269Z: Got resp RawContent:       [0] Url=http://echo/port
        [0] Latency=5.703427ms
        [0] ActiveRequests=1
        [0] StatusCode=200
        [0] ResponseHeader=Content-Length:238
        [0] ResponseHeader=Content-Type:text/plain; charset=utf-8
        [0] ResponseHeader=Date:Tue, 28 Jul 2026 05:03:21 GMT
        [0 body] ServiceVersion=
        [0 body] ServicePort=8080
        [0 body] Host=echo
        [0 body] URL=/port
        [0 body] Method=GET
        [0 body] Proto=HTTP/1.1
        [0 body] IP=10.244.0.33
        [0 body] RequestHeader=Accept-Encoding:gzip
        [0 body] RequestHeader=Connection:close
        [0 body] RequestHeader=User-Agent:Go-http-client/1.1
        [0 body] Hostname=echo-v2-7d46bf8884-7fs28
        
        2026-07-28T05:03:21.236021Z	info	All requests succeeded
        
        ID:               
        Method:           GET
        Protocol:         HTTP/1.1
        Alpn:             
        URL:              /port
        Version:          
        Port:             8080
        Code:             200
        Host:             echo
        Hostname:         echo-v2-7d46bf8884-7fs28
        Cluster:          
        IP:               10.244.0.33
        Request Headers:  map[Accept-Encoding:[gzip] Connection:[close] User-Agent:[Go-http-client/1.1]]
        Response Headers: map[Content-Length:[238] Content-Type:[text/plain; charset=utf-8] Date:[Tue, 28 Jul 2026 05:03:21 GMT]]
        
    pod.go:72: 2026-07-28T05:03:21.241293984Z: Response expectation failed for request: [client http://echo/port]  not ready yet: wanted status code to be one of [302], got 200 (after 2.565µs)
=== NAME  TestGatewayAPIConformance/MeshHTTPRouteRedirectPort/1_request_to_'echo/port-and-host'_should_receive_one_of_[]
    pod.go:70: 2026-07-28T05:03:21.242905572Z: Got resp RawContent:       [0] Url=http://echo/port-and-host
        [0] Latency=2.852896ms
        [0] ActiveRequests=1
        [0] StatusCode=200
        [0] ResponseHeader=Content-Length:246
        [0] ResponseHeader=Content-Type:text/plain; charset=utf-8
        [0] ResponseHeader=Date:Tue, 28 Jul 2026 05:03:21 GMT
        [0 body] ServiceVersion=
        [0 body] ServicePort=8080
        [0 body] Host=echo
        [0 body] URL=/port-and-host
        [0 body] Method=GET
        [0 body] Proto=HTTP/1.1
        [0 body] IP=10.244.0.1
        [0 body] RequestHeader=Accept-Encoding:gzip
        [0 body] RequestHeader=Connection:close
        [0 body] RequestHeader=User-Agent:Go-http-client/1.1
        [0 body] Hostname=echo-v1-699dd9bfc7-g5xrx
        
        2026-07-28T05:03:21.237497Z	info	All requests succeeded
        
        ID:               
        Method:           GET
        Protocol:         HTTP/1.1
        Alpn:             
        URL:              /port-and-host
        Version:          
        Port:             8080
        Code:             200
        Host:             echo
        Hostname:         echo-v1-699dd9bfc7-g5xrx
        Cluster:          
        IP:               10.244.0.1
        Request Headers:  map[Accept-Encoding:[gzip] Connection:[close] User-Agent:[Go-http-client/1.1]]
        Response Headers: map[Content-Length:[246] Content-Type:[text/plain; charset=utf-8] Date:[Tue, 28 Jul 2026 05:03:21 GMT]]
        
    pod.go:72: 2026-07-28T05:03:21.243393318Z: Response expectation failed for request: [client http://echo/port-and-host]  not ready yet: wanted status code to be one of [302], got 200 (after 2.344µs)
=== NAME  TestGatewayAPIConformance/MeshHTTPRouteRedirectPort/3_request_to_'echo/port-and-host-and-status'_should_receive_one_of_[]
    pod.go:70: 2026-07-28T05:03:22.319797665Z: Got resp RawContent:       [0] Url=http://echo/port-and-host-and-status
        [0] Latency=5.225052ms
        [0] ActiveRequests=1
        [0] StatusCode=302
        [0] ResponseHeader=Content-Length:0
        [0] ResponseHeader=Cross-Origin-Opener-Policy:same-origin
        [0] ResponseHeader=Date:Tue, 28 Jul 2026 05:03:22 GMT
        [0] ResponseHeader=Location:http://example.org:8083/port-and-host-and-status
        [0] ResponseHeader=Referrer-Policy:strict-origin-when-cross-origin
        [0] ResponseHeader=X-Content-Type-Options:nosniff
        [0] ResponseHeader=X-Frame-Options:DENY
        [0] ResponseHeader=X-Permitted-Cross-Domain-Policies:none
        
        2026-07-28T05:03:22.313731Z	info	All requests succeeded
        
        ID:               
        Method:           
        Protocol:         
        Alpn:             
        URL:              
        Version:          
        Port:             
        Code:             302
        Host:             
        Hostname:         
        Cluster:          
        IP:               
        Request Headers:  map[]
        Response Headers: map[Content-Length:[0] Cross-Origin-Opener-Policy:[same-origin] Date:[Tue, 28 Jul 2026 05:03:22 GMT] Location:[http://example.org:8083/port-and-host-and-status] Referrer-Policy:[strict-origin-when-cross-origin] X-Content-Type-Options:[nosniff] X-Frame-Options:[DENY] X-Permitted-Cross-Domain-Policies:[none]]
        
=== NAME  TestGatewayAPIConformance/MeshHTTPRouteRedirectPort/0_request_to_'echo/port'_should_receive_one_of_[]
    pod.go:70: 2026-07-28T05:03:22.32853953Z: Got resp RawContent:       [0] Url=http://echo/port
        [0] Latency=12.992022ms
        [0] ActiveRequests=1
        [0] StatusCode=302
        [0] ResponseHeader=Content-Length:0
        [0] ResponseHeader=Cross-Origin-Opener-Policy:same-origin
        [0] ResponseHeader=Date:Tue, 28 Jul 2026 05:03:22 GMT
        [0] ResponseHeader=Location:http://echo:8083/port
        [0] ResponseHeader=Referrer-Policy:strict-origin-when-cross-origin
        [0] ResponseHeader=X-Content-Type-Options:nosniff
        [0] ResponseHeader=X-Frame-Options:DENY
        [0] ResponseHeader=X-Permitted-Cross-Domain-Policies:none
        
        2026-07-28T05:03:22.321884Z	info	All requests succeeded
        
        ID:               
        Method:           
        Protocol:         
        Alpn:             
        URL:              
        Version:          
        Port:             
        Code:             302
        Host:             
        Hostname:         
        Cluster:          
        IP:               
        Request Headers:  map[]
        Response Headers: map[Content-Length:[0] Cross-Origin-Opener-Policy:[same-origin] Date:[Tue, 28 Jul 2026 05:03:22 GMT] Location:[http://echo:8083/port] Referrer-Policy:[strict-origin-when-cross-origin] X-Content-Type-Options:[nosniff] X-Frame-Options:[DENY] X-Permitted-Cross-Domain-Policies:[none]]
        
=== NAME  TestGatewayAPIConformance/MeshHTTPRouteRedirectPort/1_request_to_'echo/port-and-host'_should_receive_one_of_[]
    pod.go:70: 2026-07-28T05:03:22.338861389Z: Got resp RawContent:       [0] Url=http://echo/port-and-host
        [0] Latency=6.785415ms
        [0] ActiveRequests=1
        [0] StatusCode=302
        [0] ResponseHeader=Content-Length:0
        [0] ResponseHeader=Cross-Origin-Opener-Policy:same-origin
        [0] ResponseHeader=Date:Tue, 28 Jul 2026 05:03:22 GMT
        [0] ResponseHeader=Location:http://example.org:8083/port-and-host
        [0] ResponseHeader=Referrer-Policy:strict-origin-when-cross-origin
        [0] ResponseHeader=X-Content-Type-Options:nosniff
        [0] ResponseHeader=X-Frame-Options:DENY
        [0] ResponseHeader=X-Permitted-Cross-Domain-Policies:none
        
        2026-07-28T05:03:22.330686Z	info	All requests succeeded
        
        ID:               
        Method:           
        Protocol:         
        Alpn:             
        URL:              
        Version:          
        Port:             
        Code:             302
        Host:             
        Hostname:         
        Cluster:          
        IP:               
        Request Headers:  map[]
        Response Headers: map[Content-Length:[0] Cross-Origin-Opener-Policy:[same-origin] Date:[Tue, 28 Jul 2026 05:03:22 GMT] Location:[http://example.org:8083/port-and-host] Referrer-Policy:[strict-origin-when-cross-origin] X-Content-Type-Options:[nosniff] X-Frame-Options:[DENY] X-Permitted-Cross-Domain-Policies:[none]]
        
=== NAME  TestGatewayAPIConformance/MeshHTTPRouteRedirectPort/3_request_to_'echo/port-and-host-and-status'_should_receive_one_of_[]
    pod.go:70: 2026-07-28T05:03:22.393983081Z: Got resp RawContent:       [0] Url=http://echo/port-and-host-and-status
        [0] Latency=2.949257ms
        [0] ActiveRequests=1
        [0] StatusCode=302
        [0] ResponseHeader=Content-Length:0
        [0] ResponseHeader=Cross-Origin-Opener-Policy:same-origin
        [0] ResponseHeader=Date:Tue, 28 Jul 2026 05:03:22 GMT
        [0] ResponseHeader=Location:http://example.org:8083/port-and-host-and-status
        [0] ResponseHeader=Referrer-Policy:strict-origin-when-cross-origin
        [0] ResponseHeader=X-Content-Type-Options:nosniff
        [0] ResponseHeader=X-Frame-Options:DENY
        [0] ResponseHeader=X-Permitted-Cross-Domain-Policies:none
        
        2026-07-28T05:03:22.389317Z	info	All requests succeeded
        
        ID:               
        Method:           
        Protocol:         
        Alpn:             
        URL:              
        Version:          
        Port:             
        Code:             302
        Host:             
        Hostname:         
        Cluster:          
        IP:               
        Request Headers:  map[]
        Response Headers: map[Content-Length:[0] Cross-Origin-Opener-Policy:[same-origin] Date:[Tue, 28 Jul 2026 05:03:22 GMT] Location:[http://example.org:8083/port-and-host-and-status] Referrer-Policy:[strict-origin-when-cross-origin] X-Content-Type-Options:[nosniff] X-Frame-Options:[DENY] X-Permitted-Cross-Domain-Policies:[none]]
        
=== NAME  TestGatewayAPIConformance/MeshHTTPRouteRedirectPort/0_request_to_'echo/port'_should_receive_one_of_[]
    pod.go:70: 2026-07-28T05:03:22.404450534Z: Got resp RawContent:       [0] Url=http://echo/port
        [0] Latency=3.83876ms
        [0] ActiveRequests=1
        [0] StatusCode=302
        [0] ResponseHeader=Content-Length:0
        [0] ResponseHeader=Cross-Origin-Opener-Policy:same-origin
        [0] ResponseHeader=Date:Tue, 28 Jul 2026 05:03:22 GMT
        [0] ResponseHeader=Location:http://echo:8083/port
        [0] ResponseHeader=Referrer-Policy:strict-origin-when-cross-origin
        [0] ResponseHeader=X-Content-Type-Options:nosniff
        [0] ResponseHeader=X-Frame-Options:DENY
        [0] ResponseHeader=X-Permitted-Cross-Domain-Policies:none
        
        2026-07-28T05:03:22.398065Z	info	All requests succeeded
        
        ID:               
        Method:           
        Protocol:         
        Alpn:             
        URL:              
        Version:          
        Port:             
        Code:             302
        Host:             
        Hostname:         
        Cluster:          
        IP:               
        Request Headers:  map[]
        Response Headers: map[Content-Length:[0] Cross-Origin-Opener-Policy:[same-origin] Date:[Tue, 28 Jul 2026 05:03:22 GMT] Location:[http://echo:8083/port] Referrer-Policy:[strict-origin-when-cross-origin] X-Content-Type-Options:[nosniff] X-Frame-Options:[DENY] X-Permitted-Cross-Domain-Policies:[none]]
        
=== NAME  TestGatewayAPIConformance/MeshHTTPRouteRedirectPort/1_request_to_'echo/port-and-host'_should_receive_one_of_[]
    pod.go:70: 2026-07-28T05:03:22.416920307Z: Got resp RawContent:       [0] Url=http://echo/port-and-host
        [0] Latency=5.593976ms
        [0] ActiveRequests=1
        [0] StatusCode=302
        [0] ResponseHeader=Content-Length:0
        [0] ResponseHeader=Cross-Origin-Opener-Policy:same-origin
        [0] ResponseHeader=Date:Tue, 28 Jul 2026 05:03:22 GMT
        [0] ResponseHeader=Location:http://example.org:8083/port-and-host
        [0] ResponseHeader=Referrer-Policy:strict-origin-when-cross-origin
        [0] ResponseHeader=X-Content-Type-Options:nosniff
        [0] ResponseHeader=X-Frame-Options:DENY
        [0] ResponseHeader=X-Permitted-Cross-Domain-Policies:none
        
        2026-07-28T05:03:22.412687Z	info	All requests succeeded
        
        ID:               
        Method:           
        Protocol:         
        Alpn:             
        URL:              
        Version:          
        Port:             
        Code:             302
        Host:             
        Hostname:         
        Cluster:          
        IP:               
        Request Headers:  map[]
        Response Headers: map[Content-Length:[0] Cross-Origin-Opener-Policy:[same-origin] Date:[Tue, 28 Jul 2026 05:03:22 GMT] Location:[http://example.org:8083/port-and-host] Referrer-Policy:[strict-origin-when-cross-origin] X-Content-Type-Options:[nosniff] X-Frame-Options:[DENY] X-Permitted-Cross-Domain-Policies:[none]]
        
=== NAME  TestGatewayAPIConformance/MeshHTTPRouteRedirectPort/0_request_to_'echo/port'_should_receive_one_of_[]
    pod.go:70: 2026-07-28T05:03:22.483460793Z: Got resp RawContent:       [0] Url=http://echo/port
        [0] Latency=3.787423ms
        [0] ActiveRequests=1
        [0] StatusCode=302
        [0] ResponseHeader=Content-Length:0
        [0] ResponseHeader=Cross-Origin-Opener-Policy:same-origin
        [0] ResponseHeader=Date:Tue, 28 Jul 2026 05:03:22 GMT
        [0] ResponseHeader=Location:http://echo:8083/port
        [0] ResponseHeader=Referrer-Policy:strict-origin-when-cross-origin
        [0] ResponseHeader=X-Content-Type-Options:nosniff
        [0] ResponseHeader=X-Frame-Options:DENY
        [0] ResponseHeader=X-Permitted-Cross-Domain-Policies:none
        
        2026-07-28T05:03:22.474236Z	info	All requests succeeded
        
        ID:               
        Method:           
        Protocol:         
        Alpn:             
        URL:              
        Version:          
        Port:             
        Code:             302
        Host:             
        Hostname:         
        Cluster:          
        IP:               
        Request Headers:  map[]
        Response Headers: map[Content-Length:[0] Cross-Origin-Opener-Policy:[same-origin] Date:[Tue, 28 Jul 2026 05:03:22 GMT] Location:[http://echo:8083/port] Referrer-Policy:[strict-origin-when-cross-origin] X-Content-Type-Options:[nosniff] X-Frame-Options:[DENY] X-Permitted-Cross-Domain-Policies:[none]]
        
    httproute-redirect-port.go:109: 2026-07-28T05:03:22.483802818Z: Request passed
=== NAME  TestGatewayAPIConformance/MeshHTTPRouteRedirectPort/3_request_to_'echo/port-and-host-and-status'_should_receive_one_of_[]
    pod.go:70: 2026-07-28T05:03:22.483779579Z: Got resp RawContent:       [0] Url=http://echo/port-and-host-and-status
        [0] Latency=5.427855ms
        [0] ActiveRequests=1
        [0] StatusCode=302
        [0] ResponseHeader=Content-Length:0
        [0] ResponseHeader=Cross-Origin-Opener-Policy:same-origin
        [0] ResponseHeader=Date:Tue, 28 Jul 2026 05:03:22 GMT
        [0] ResponseHeader=Location:http://example.org:8083/port-and-host-and-status
        [0] ResponseHeader=Referrer-Policy:strict-origin-when-cross-origin
        [0] ResponseHeader=X-Content-Type-Options:nosniff
        [0] ResponseHeader=X-Frame-Options:DENY
        [0] ResponseHeader=X-Permitted-Cross-Domain-Policies:none
        
        2026-07-28T05:03:22.478093Z	info	All requests succeeded
        
        ID:               
        Method:           
        Protocol:         
        Alpn:             
        URL:              
        Version:          
        Port:             
        Code:             302
        Host:             
        Hostname:         
        Cluster:          
        IP:               
        Request Headers:  map[]
        Response Headers: map[Content-Length:[0] Cross-Origin-Opener-Policy:[same-origin] Date:[Tue, 28 Jul 2026 05:03:22 GMT] Location:[http://example.org:8083/port-and-host-and-status] Referrer-Policy:[strict-origin-when-cross-origin] X-Content-Type-Options:[nosniff] X-Frame-Options:[DENY] X-Permitted-Cross-Domain-Policies:[none]]
        
    httproute-redirect-port.go:109: 2026-07-28T05:03:22.483899752Z: Request passed
=== NAME  TestGatewayAPIConformance/MeshHTTPRouteRedirectPort/1_request_to_'echo/port-and-host'_should_receive_one_of_[]
    pod.go:70: 2026-07-28T05:03:22.484388985Z: Got resp RawContent:       [0] Url=http://echo/port-and-host
        [0] Latency=3.356556ms
        [0] ActiveRequests=1
        [0] StatusCode=302
        [0] ResponseHeader=Content-Length:0
        [0] ResponseHeader=Cross-Origin-Opener-Policy:same-origin
        [0] ResponseHeader=Date:Tue, 28 Jul 2026 05:03:22 GMT
        [0] ResponseHeader=Location:http://example.org:8083/port-and-host
        [0] ResponseHeader=Referrer-Policy:strict-origin-when-cross-origin
        [0] ResponseHeader=X-Content-Type-Options:nosniff
        [0] ResponseHeader=X-Frame-Options:DENY
        [0] ResponseHeader=X-Permitted-Cross-Domain-Policies:none
        
        2026-07-28T05:03:22.477192Z	info	All requests succeeded
        
        ID:               
        Method:           
        Protocol:         
        Alpn:             
        URL:              
        Version:          
        Port:             
        Code:             302
        Host:             
        Hostname:         
        Cluster:          
        IP:               
        Request Headers:  map[]
        Response Headers: map[Content-Length:[0] Cross-Origin-Opener-Policy:[same-origin] Date:[Tue, 28 Jul 2026 05:03:22 GMT] Location:[http://example.org:8083/port-and-host] Referrer-Policy:[strict-origin-when-cross-origin] X-Content-Type-Options:[nosniff] X-Frame-Options:[DENY] X-Permitted-Cross-Domain-Policies:[none]]
        
    httproute-redirect-port.go:109: 2026-07-28T05:03:22.484571013Z: Request passed
=== NAME  TestGatewayAPIConformance/MeshHTTPRouteRedirectPort/2_request_to_'echo/port-and-status'_should_receive_one_of_[]
    pod.go:70: 2026-07-28T05:03:23.298060828Z: Got resp RawContent:       [0] Url=http://echo/port-and-status
        [0] Latency=1.013777841s
        [0] ActiveRequests=1
        [0] StatusCode=301
        [0] ResponseHeader=Content-Length:0
        [0] ResponseHeader=Cross-Origin-Opener-Policy:same-origin
        [0] ResponseHeader=Date:Tue, 28 Jul 2026 05:03:23 GMT
        [0] ResponseHeader=Location:http://echo:8083/port-and-status
        [0] ResponseHeader=Referrer-Policy:strict-origin-when-cross-origin
        [0] ResponseHeader=X-Content-Type-Options:nosniff
        [0] ResponseHeader=X-Frame-Options:DENY
        [0] ResponseHeader=X-Permitted-Cross-Domain-Policies:none
        
        2026-07-28T05:03:23.294636Z	info	All requests succeeded
        
        ID:               
        Method:           
        Protocol:         
        Alpn:             
        URL:              
        Version:          
        Port:             
        Code:             301
        Host:             
        Hostname:         
        Cluster:          
        IP:               
        Request Headers:  map[]
        Response Headers: map[Content-Length:[0] Cross-Origin-Opener-Policy:[same-origin] Date:[Tue, 28 Jul 2026 05:03:23 GMT] Location:[http://echo:8083/port-and-status] Referrer-Policy:[strict-origin-when-cross-origin] X-Content-Type-Options:[nosniff] X-Frame-Options:[DENY] X-Permitted-Cross-Domain-Policies:[none]]
        
    pod.go:70: 2026-07-28T05:03:23.344447453Z: Got resp RawContent:       [0] Url=http://echo/port-and-status
        [0] Latency=2.203061ms
        [0] ActiveRequests=1
        [0] StatusCode=301
        [0] ResponseHeader=Content-Length:0
        [0] ResponseHeader=Cross-Origin-Opener-Policy:same-origin
        [0] ResponseHeader=Date:Tue, 28 Jul 2026 05:03:23 GMT
        [0] ResponseHeader=Location:http://echo:8083/port-and-status
        [0] ResponseHeader=Referrer-Policy:strict-origin-when-cross-origin
        [0] ResponseHeader=X-Content-Type-Options:nosniff
        [0] ResponseHeader=X-Frame-Options:DENY
        [0] ResponseHeader=X-Permitted-Cross-Domain-Policies:none
        
        2026-07-28T05:03:23.341394Z	info	All requests succeeded
        
        ID:               
        Method:           
        Protocol:         
        Alpn:             
        URL:              
        Version:          
        Port:             
        Code:             301
        Host:             
        Hostname:         
        Cluster:          
        IP:               
        Request Headers:  map[]
        Response Headers: map[Content-Length:[0] Cross-Origin-Opener-Policy:[same-origin] Date:[Tue, 28 Jul 2026 05:03:23 GMT] Location:[http://echo:8083/port-and-status] Referrer-Policy:[strict-origin-when-cross-origin] X-Content-Type-Options:[nosniff] X-Frame-Options:[DENY] X-Permitted-Cross-Domain-Policies:[none]]
        
    pod.go:70: 2026-07-28T05:03:23.39033764Z: Got resp RawContent:       [0] Url=http://echo/port-and-status
        [0] Latency=2.225793ms
        [0] ActiveRequests=1
        [0] StatusCode=301
        [0] ResponseHeader=Content-Length:0
        [0] ResponseHeader=Cross-Origin-Opener-Policy:same-origin
        [0] ResponseHeader=Date:Tue, 28 Jul 2026 05:03:23 GMT
        [0] ResponseHeader=Location:http://echo:8083/port-and-status
        [0] ResponseHeader=Referrer-Policy:strict-origin-when-cross-origin
        [0] ResponseHeader=X-Content-Type-Options:nosniff
        [0] ResponseHeader=X-Frame-Options:DENY
        [0] ResponseHeader=X-Permitted-Cross-Domain-Policies:none
        
        2026-07-28T05:03:23.386790Z	info	All requests succeeded
        
        ID:               
        Method:           
        Protocol:         
        Alpn:             
        URL:              
        Version:          
        Port:             
        Code:             301
        Host:             
        Hostname:         
        Cluster:          
        IP:               
        Request Headers:  map[]
        Response Headers: map[Content-Length:[0] Cross-Origin-Opener-Policy:[same-origin] Date:[Tue, 28 Jul 2026 05:03:23 GMT] Location:[http://echo:8083/port-and-status] Referrer-Policy:[strict-origin-when-cross-origin] X-Content-Type-Options:[nosniff] X-Frame-Options:[DENY] X-Permitted-Cross-Domain-Policies:[none]]
        
    httproute-redirect-port.go:109: 2026-07-28T05:03:23.390451771Z: Request passed
=== NAME  TestGatewayAPIConformance/MeshHTTPRouteRedirectPort
    apply.go:283: 2026-07-28T05:03:23.39051593Z: Deleting mesh-redirect-port HTTPRoute
=== NAME  TestGatewayAPIConformance
    suite.go:504: 2026-07-28T05:03:23.395632711Z: Sleeping 10s for test isolation
=== RUN   TestGatewayAPIConformance/MeshHTTPRouteSchemeRedirect
    conformance.go:70: 2026-07-28T05:03:33.396210801Z: Applying tests/mesh/httproute-redirect-scheme.yaml
    apply.go:275: 2026-07-28T05:03:33.401218871Z: Creating mesh-redirect-scheme HTTPRoute
    conformance.go:75: 2026-07-28T05:03:33.41072298Z: Running MeshHTTPRouteSchemeRedirect, relying on the following features: Mesh-standard, HTTPRoute-standard, MeshHTTPRouteSchemeRedirect-standard
=== RUN   TestGatewayAPIConformance/MeshHTTPRouteSchemeRedirect/0_request_to_'echo/scheme'_should_receive_one_of_[]
=== PAUSE TestGatewayAPIConformance/MeshHTTPRouteSchemeRedirect/0_request_to_'echo/scheme'_should_receive_one_of_[]
=== RUN   TestGatewayAPIConformance/MeshHTTPRouteSchemeRedirect/1_request_to_'echo/scheme-and-host'_should_receive_one_of_[]
=== PAUSE TestGatewayAPIConformance/MeshHTTPRouteSchemeRedirect/1_request_to_'echo/scheme-and-host'_should_receive_one_of_[]
=== RUN   TestGatewayAPIConformance/MeshHTTPRouteSchemeRedirect/2_request_to_'echo/scheme-and-status'_should_receive_one_of_[]
=== PAUSE TestGatewayAPIConformance/MeshHTTPRouteSchemeRedirect/2_request_to_'echo/scheme-and-status'_should_receive_one_of_[]
=== RUN   TestGatewayAPIConformance/MeshHTTPRouteSchemeRedirect/3_request_to_'echo/scheme-and-host-and-status'_should_receive_one_of_[]
=== PAUSE TestGatewayAPIConformance/MeshHTTPRouteSchemeRedirect/3_request_to_'echo/scheme-and-host-and-status'_should_receive_one_of_[]
=== CONT  TestGatewayAPIConformance/MeshHTTPRouteSchemeRedirect/0_request_to_'echo/scheme'_should_receive_one_of_[]
=== CONT  TestGatewayAPIConformance/MeshHTTPRouteSchemeRedirect/3_request_to_'echo/scheme-and-host-and-status'_should_receive_one_of_[]
=== CONT  TestGatewayAPIConformance/MeshHTTPRouteSchemeRedirect/2_request_to_'echo/scheme-and-status'_should_receive_one_of_[]
=== CONT  TestGatewayAPIConformance/MeshHTTPRouteSchemeRedirect/1_request_to_'echo/scheme-and-host'_should_receive_one_of_[]
=== NAME  TestGatewayAPIConformance/MeshHTTPRouteSchemeRedirect/2_request_to_'echo/scheme-and-status'_should_receive_one_of_[]
    pod.go:70: 2026-07-28T05:03:33.70035893Z: Got resp RawContent:       [0] Url=http://echo/scheme-and-status
        [0] Latency=5.084863ms
        [0] ActiveRequests=1
        [0] StatusCode=200
        [0] ResponseHeader=Content-Length:251
        [0] ResponseHeader=Content-Type:text/plain; charset=utf-8
        [0] ResponseHeader=Date:Tue, 28 Jul 2026 05:03:33 GMT
        [0 body] ServiceVersion=
        [0 body] ServicePort=8080
        [0 body] Host=echo
        [0 body] URL=/scheme-and-status
        [0 body] Method=GET
        [0 body] Proto=HTTP/1.1
        [0 body] IP=10.244.0.33
        [0 body] RequestHeader=Accept-Encoding:gzip
        [0 body] RequestHeader=Connection:close
        [0 body] RequestHeader=User-Agent:Go-http-client/1.1
        [0 body] Hostname=echo-v2-7d46bf8884-7fs28
        
        2026-07-28T05:03:33.692821Z	info	All requests succeeded
        
        ID:               
        Method:           GET
        Protocol:         HTTP/1.1
        Alpn:             
        URL:              /scheme-and-status
        Version:          
        Port:             8080
        Code:             200
        Host:             echo
        Hostname:         echo-v2-7d46bf8884-7fs28
        Cluster:          
        IP:               10.244.0.33
        Request Headers:  map[Accept-Encoding:[gzip] Connection:[close] User-Agent:[Go-http-client/1.1]]
        Response Headers: map[Content-Length:[251] Content-Type:[text/plain; charset=utf-8] Date:[Tue, 28 Jul 2026 05:03:33 GMT]]
        
    pod.go:72: 2026-07-28T05:03:33.700592002Z: Response expectation failed for request: [client http://echo/scheme-and-status]  not ready yet: wanted status code to be one of [301], got 200 (after 1.383µs)
=== NAME  TestGatewayAPIConformance/MeshHTTPRouteSchemeRedirect/0_request_to_'echo/scheme'_should_receive_one_of_[]
    pod.go:70: 2026-07-28T05:03:33.701160979Z: Got resp RawContent:       [0] Url=http://echo/scheme
        [0] Latency=3.686303ms
        [0] ActiveRequests=1
        [0] StatusCode=200
        [0] ResponseHeader=Content-Length:239
        [0] ResponseHeader=Content-Type:text/plain; charset=utf-8
        [0] ResponseHeader=Date:Tue, 28 Jul 2026 05:03:33 GMT
        [0 body] ServiceVersion=
        [0 body] ServicePort=8080
        [0 body] Host=echo
        [0 body] URL=/scheme
        [0 body] Method=GET
        [0 body] Proto=HTTP/1.1
        [0 body] IP=10.244.0.1
        [0 body] RequestHeader=Accept-Encoding:gzip
        [0 body] RequestHeader=Connection:close
        [0 body] RequestHeader=User-Agent:Go-http-client/1.1
        [0 body] Hostname=echo-v1-699dd9bfc7-g5xrx
        
        2026-07-28T05:03:33.692979Z	info	All requests succeeded
        
        ID:               
        Method:           GET
        Protocol:         HTTP/1.1
        Alpn:             
        URL:              /scheme
        Version:          
        Port:             8080
        Code:             200
        Host:             echo
        Hostname:         echo-v1-699dd9bfc7-g5xrx
        Cluster:          
        IP:               10.244.0.1
        Request Headers:  map[Accept-Encoding:[gzip] Connection:[close] User-Agent:[Go-http-client/1.1]]
        Response Headers: map[Content-Length:[239] Content-Type:[text/plain; charset=utf-8] Date:[Tue, 28 Jul 2026 05:03:33 GMT]]
        
    pod.go:72: 2026-07-28T05:03:33.701274619Z: Response expectation failed for request: [client http://echo/scheme]  not ready yet: wanted status code to be one of [302], got 200 (after 2.375µs)
=== NAME  TestGatewayAPIConformance/MeshHTTPRouteSchemeRedirect/3_request_to_'echo/scheme-and-host-and-status'_should_receive_one_of_[]
    pod.go:70: 2026-07-28T05:03:33.702050134Z: Got resp RawContent:       [0] Url=http://echo/scheme-and-host-and-status
        [0] Latency=3.611964ms
        [0] ActiveRequests=1
        [0] StatusCode=200
        [0] ResponseHeader=Content-Length:260
        [0] ResponseHeader=Content-Type:text/plain; charset=utf-8
        [0] ResponseHeader=Date:Tue, 28 Jul 2026 05:03:33 GMT
        [0 body] ServiceVersion=
        [0 body] ServicePort=8080
        [0 body] Host=echo
        [0 body] URL=/scheme-and-host-and-status
        [0 body] Method=GET
        [0 body] Proto=HTTP/1.1
        [0 body] IP=10.244.0.33
        [0 body] RequestHeader=Accept-Encoding:gzip
        [0 body] RequestHeader=Connection:close
        [0 body] RequestHeader=User-Agent:Go-http-client/1.1
        [0 body] Hostname=echo-v2-7d46bf8884-7fs28
        
        2026-07-28T05:03:33.691331Z	info	All requests succeeded
        
        ID:               
        Method:           GET
        Protocol:         HTTP/1.1
        Alpn:             
        URL:              /scheme-and-host-and-status
        Version:          
        Port:             8080
        Code:             200
        Host:             echo
        Hostname:         echo-v2-7d46bf8884-7fs28
        Cluster:          
        IP:               10.244.0.33
        Request Headers:  map[Accept-Encoding:[gzip] Connection:[close] User-Agent:[Go-http-client/1.1]]
        Response Headers: map[Content-Length:[260] Content-Type:[text/plain; charset=utf-8] Date:[Tue, 28 Jul 2026 05:03:33 GMT]]
        
    pod.go:72: 2026-07-28T05:03:33.702364147Z: Response expectation failed for request: [client http://echo/scheme-and-host-and-status]  not ready yet: wanted status code to be one of [302], got 200 (after 1.433µs)
=== NAME  TestGatewayAPIConformance/MeshHTTPRouteSchemeRedirect/1_request_to_'echo/scheme-and-host'_should_receive_one_of_[]
    pod.go:70: 2026-07-28T05:03:33.707854267Z: Got resp RawContent:       [0] Url=http://echo/scheme-and-host
        [0] Latency=4.793818ms
        [0] ActiveRequests=1
        [0] StatusCode=200
        [0] ResponseHeader=Content-Length:248
        [0] ResponseHeader=Content-Type:text/plain; charset=utf-8
        [0] ResponseHeader=Date:Tue, 28 Jul 2026 05:03:33 GMT
        [0 body] ServiceVersion=
        [0 body] ServicePort=8080
        [0 body] Host=echo
        [0 body] URL=/scheme-and-host
        [0 body] Method=GET
        [0 body] Proto=HTTP/1.1
        [0 body] IP=10.244.0.1
        [0 body] RequestHeader=Accept-Encoding:gzip
        [0 body] RequestHeader=Connection:close
        [0 body] RequestHeader=User-Agent:Go-http-client/1.1
        [0 body] Hostname=echo-v1-699dd9bfc7-g5xrx
        
        2026-07-28T05:03:33.701089Z	info	All requests succeeded
        
        ID:               
        Method:           GET
        Protocol:         HTTP/1.1
        Alpn:             
        URL:              /scheme-and-host
        Version:          
        Port:             8080
        Code:             200
        Host:             echo
        Hostname:         echo-v1-699dd9bfc7-g5xrx
        Cluster:          
        IP:               10.244.0.1
        Request Headers:  map[Accept-Encoding:[gzip] Connection:[close] User-Agent:[Go-http-client/1.1]]
        Response Headers: map[Content-Length:[248] Content-Type:[text/plain; charset=utf-8] Date:[Tue, 28 Jul 2026 05:03:33 GMT]]
        
    pod.go:72: 2026-07-28T05:03:33.707954573Z: Response expectation failed for request: [client http://echo/scheme-and-host]  not ready yet: wanted status code to be one of [302], got 200 (after 1.182µs)
=== NAME  TestGatewayAPIConformance/MeshHTTPRouteSchemeRedirect/0_request_to_'echo/scheme'_should_receive_one_of_[]
    pod.go:70: 2026-07-28T05:03:34.780188347Z: Got resp RawContent:       [0] Url=http://echo/scheme
        [0] Latency=3.389642ms
        [0] ActiveRequests=1
        [0] StatusCode=302
        [0] ResponseHeader=Content-Length:0
        [0] ResponseHeader=Cross-Origin-Opener-Policy:same-origin
        [0] ResponseHeader=Date:Tue, 28 Jul 2026 05:03:34 GMT
        [0] ResponseHeader=Location:https://echo/scheme
        [0] ResponseHeader=Referrer-Policy:strict-origin-when-cross-origin
        [0] ResponseHeader=X-Content-Type-Options:nosniff
        [0] ResponseHeader=X-Frame-Options:DENY
        [0] ResponseHeader=X-Permitted-Cross-Domain-Policies:none
        
        2026-07-28T05:03:34.774627Z	info	All requests succeeded
        
        ID:               
        Method:           
        Protocol:         
        Alpn:             
        URL:              
        Version:          
        Port:             
        Code:             302
        Host:             
        Hostname:         
        Cluster:          
        IP:               
        Request Headers:  map[]
        Response Headers: map[Content-Length:[0] Cross-Origin-Opener-Policy:[same-origin] Date:[Tue, 28 Jul 2026 05:03:34 GMT] Location:[https://echo/scheme] Referrer-Policy:[strict-origin-when-cross-origin] X-Content-Type-Options:[nosniff] X-Frame-Options:[DENY] X-Permitted-Cross-Domain-Policies:[none]]
        
=== NAME  TestGatewayAPIConformance/MeshHTTPRouteSchemeRedirect/2_request_to_'echo/scheme-and-status'_should_receive_one_of_[]
    pod.go:70: 2026-07-28T05:03:34.782861609Z: Got resp RawContent:       [0] Url=http://echo/scheme-and-status
        [0] Latency=4.141277ms
        [0] ActiveRequests=1
        [0] StatusCode=301
        [0] ResponseHeader=Content-Length:0
        [0] ResponseHeader=Cross-Origin-Opener-Policy:same-origin
        [0] ResponseHeader=Date:Tue, 28 Jul 2026 05:03:34 GMT
        [0] ResponseHeader=Location:https://echo/scheme-and-status
        [0] ResponseHeader=Referrer-Policy:strict-origin-when-cross-origin
        [0] ResponseHeader=X-Content-Type-Options:nosniff
        [0] ResponseHeader=X-Frame-Options:DENY
        [0] ResponseHeader=X-Permitted-Cross-Domain-Policies:none
        
        2026-07-28T05:03:34.774466Z	info	All requests succeeded
        
        ID:               
        Method:           
        Protocol:         
        Alpn:             
        URL:              
        Version:          
        Port:             
        Code:             301
        Host:             
        Hostname:         
        Cluster:          
        IP:               
        Request Headers:  map[]
        Response Headers: map[Content-Length:[0] Cross-Origin-Opener-Policy:[same-origin] Date:[Tue, 28 Jul 2026 05:03:34 GMT] Location:[https://echo/scheme-and-status] Referrer-Policy:[strict-origin-when-cross-origin] X-Content-Type-Options:[nosniff] X-Frame-Options:[DENY] X-Permitted-Cross-Domain-Policies:[none]]
        
=== NAME  TestGatewayAPIConformance/MeshHTTPRouteSchemeRedirect/1_request_to_'echo/scheme-and-host'_should_receive_one_of_[]
    pod.go:70: 2026-07-28T05:03:34.790372806Z: Got resp RawContent:       [0] Url=http://echo/scheme-and-host
        [0] Latency=6.066701ms
        [0] ActiveRequests=1
        [0] StatusCode=302
        [0] ResponseHeader=Content-Length:0
        [0] ResponseHeader=Cross-Origin-Opener-Policy:same-origin
        [0] ResponseHeader=Date:Tue, 28 Jul 2026 05:03:34 GMT
        [0] ResponseHeader=Location:https://example.org/scheme-and-host
        [0] ResponseHeader=Referrer-Policy:strict-origin-when-cross-origin
        [0] ResponseHeader=X-Content-Type-Options:nosniff
        [0] ResponseHeader=X-Frame-Options:DENY
        [0] ResponseHeader=X-Permitted-Cross-Domain-Policies:none
        
        2026-07-28T05:03:34.780119Z	info	All requests succeeded
        
        ID:               
        Method:           
        Protocol:         
        Alpn:             
        URL:              
        Version:          
        Port:             
        Code:             302
        Host:             
        Hostname:         
        Cluster:          
        IP:               
        Request Headers:  map[]
        Response Headers: map[Content-Length:[0] Cross-Origin-Opener-Policy:[same-origin] Date:[Tue, 28 Jul 2026 05:03:34 GMT] Location:[https://example.org/scheme-and-host] Referrer-Policy:[strict-origin-when-cross-origin] X-Content-Type-Options:[nosniff] X-Frame-Options:[DENY] X-Permitted-Cross-Domain-Policies:[none]]
        
=== NAME  TestGatewayAPIConformance/MeshHTTPRouteSchemeRedirect/3_request_to_'echo/scheme-and-host-and-status'_should_receive_one_of_[]
    pod.go:70: 2026-07-28T05:03:34.79894249Z: Got resp RawContent:       [0] Url=http://echo/scheme-and-host-and-status
        [0] Latency=16.052511ms
        [0] ActiveRequests=1
        [0] StatusCode=302
        [0] ResponseHeader=Content-Length:0
        [0] ResponseHeader=Cross-Origin-Opener-Policy:same-origin
        [0] ResponseHeader=Date:Tue, 28 Jul 2026 05:03:34 GMT
        [0] ResponseHeader=Location:https://example.org/scheme-and-host-and-status
        [0] ResponseHeader=Referrer-Policy:strict-origin-when-cross-origin
        [0] ResponseHeader=X-Content-Type-Options:nosniff
        [0] ResponseHeader=X-Frame-Options:DENY
        [0] ResponseHeader=X-Permitted-Cross-Domain-Policies:none
        
        2026-07-28T05:03:34.792837Z	info	All requests succeeded
        
        ID:               
        Method:           
        Protocol:         
        Alpn:             
        URL:              
        Version:          
        Port:             
        Code:             302
        Host:             
        Hostname:         
        Cluster:          
        IP:               
        Request Headers:  map[]
        Response Headers: map[Content-Length:[0] Cross-Origin-Opener-Policy:[same-origin] Date:[Tue, 28 Jul 2026 05:03:34 GMT] Location:[https://example.org/scheme-and-host-and-status] Referrer-Policy:[strict-origin-when-cross-origin] X-Content-Type-Options:[nosniff] X-Frame-Options:[DENY] X-Permitted-Cross-Domain-Policies:[none]]
        
    pod.go:70: 2026-07-28T05:03:34.89592112Z: Got resp RawContent:       [0] Url=http://echo/scheme-and-host-and-status
        [0] Latency=11.182186ms
        [0] ActiveRequests=1
        [0] StatusCode=302
        [0] ResponseHeader=Content-Length:0
        [0] ResponseHeader=Cross-Origin-Opener-Policy:same-origin
        [0] ResponseHeader=Date:Tue, 28 Jul 2026 05:03:34 GMT
        [0] ResponseHeader=Location:https://example.org/scheme-and-host-and-status
        [0] ResponseHeader=Referrer-Policy:strict-origin-when-cross-origin
        [0] ResponseHeader=X-Content-Type-Options:nosniff
        [0] ResponseHeader=X-Frame-Options:DENY
        [0] ResponseHeader=X-Permitted-Cross-Domain-Policies:none
        
        2026-07-28T05:03:34.885516Z	info	All requests succeeded
        
        ID:               
        Method:           
        Protocol:         
        Alpn:             
        URL:              
        Version:          
        Port:             
        Code:             302
        Host:             
        Hostname:         
        Cluster:          
        IP:               
        Request Headers:  map[]
        Response Headers: map[Content-Length:[0] Cross-Origin-Opener-Policy:[same-origin] Date:[Tue, 28 Jul 2026 05:03:34 GMT] Location:[https://example.org/scheme-and-host-and-status] Referrer-Policy:[strict-origin-when-cross-origin] X-Content-Type-Options:[nosniff] X-Frame-Options:[DENY] X-Permitted-Cross-Domain-Policies:[none]]
        
=== NAME  TestGatewayAPIConformance/MeshHTTPRouteSchemeRedirect/1_request_to_'echo/scheme-and-host'_should_receive_one_of_[]
    pod.go:70: 2026-07-28T05:03:34.899900226Z: Got resp RawContent:       [0] Url=http://echo/scheme-and-host
        [0] Latency=12.864508ms
        [0] ActiveRequests=1
        [0] StatusCode=302
        [0] ResponseHeader=Content-Length:0
        [0] ResponseHeader=Cross-Origin-Opener-Policy:same-origin
        [0] ResponseHeader=Date:Tue, 28 Jul 2026 05:03:34 GMT
        [0] ResponseHeader=Location:https://example.org/scheme-and-host
        [0] ResponseHeader=Referrer-Policy:strict-origin-when-cross-origin
        [0] ResponseHeader=X-Content-Type-Options:nosniff
        [0] ResponseHeader=X-Frame-Options:DENY
        [0] ResponseHeader=X-Permitted-Cross-Domain-Policies:none
        
        2026-07-28T05:03:34.889909Z	info	All requests succeeded
        
        ID:               
        Method:           
        Protocol:         
        Alpn:             
        URL:              
        Version:          
        Port:             
        Code:             302
        Host:             
        Hostname:         
        Cluster:          
        IP:               
        Request Headers:  map[]
        Response Headers: map[Content-Length:[0] Cross-Origin-Opener-Policy:[same-origin] Date:[Tue, 28 Jul 2026 05:03:34 GMT] Location:[https://example.org/scheme-and-host] Referrer-Policy:[strict-origin-when-cross-origin] X-Content-Type-Options:[nosniff] X-Frame-Options:[DENY] X-Permitted-Cross-Domain-Policies:[none]]
        
=== NAME  TestGatewayAPIConformance/MeshHTTPRouteSchemeRedirect/0_request_to_'echo/scheme'_should_receive_one_of_[]
    pod.go:70: 2026-07-28T05:03:34.904546846Z: Got resp RawContent:       [0] Url=http://echo/scheme
        [0] Latency=10.138409ms
        [0] ActiveRequests=1
        [0] StatusCode=302
        [0] ResponseHeader=Content-Length:0
        [0] ResponseHeader=Cross-Origin-Opener-Policy:same-origin
        [0] ResponseHeader=Date:Tue, 28 Jul 2026 05:03:34 GMT
        [0] ResponseHeader=Location:https://echo/scheme
        [0] ResponseHeader=Referrer-Policy:strict-origin-when-cross-origin
        [0] ResponseHeader=X-Content-Type-Options:nosniff
        [0] ResponseHeader=X-Frame-Options:DENY
        [0] ResponseHeader=X-Permitted-Cross-Domain-Policies:none
        
        2026-07-28T05:03:34.889177Z	info	All requests succeeded
        
        ID:               
        Method:           
        Protocol:         
        Alpn:             
        URL:              
        Version:          
        Port:             
        Code:             302
        Host:             
        Hostname:         
        Cluster:          
        IP:               
        Request Headers:  map[]
        Response Headers: map[Content-Length:[0] Cross-Origin-Opener-Policy:[same-origin] Date:[Tue, 28 Jul 2026 05:03:34 GMT] Location:[https://echo/scheme] Referrer-Policy:[strict-origin-when-cross-origin] X-Content-Type-Options:[nosniff] X-Frame-Options:[DENY] X-Permitted-Cross-Domain-Policies:[none]]
        
=== NAME  TestGatewayAPIConformance/MeshHTTPRouteSchemeRedirect/2_request_to_'echo/scheme-and-status'_should_receive_one_of_[]
    pod.go:70: 2026-07-28T05:03:34.904949348Z: Got resp RawContent:       [0] Url=http://echo/scheme-and-status
        [0] Latency=18.212788ms
        [0] ActiveRequests=1
        [0] StatusCode=301
        [0] ResponseHeader=Content-Length:0
        [0] ResponseHeader=Cross-Origin-Opener-Policy:same-origin
        [0] ResponseHeader=Date:Tue, 28 Jul 2026 05:03:34 GMT
        [0] ResponseHeader=Location:https://echo/scheme-and-status
        [0] ResponseHeader=Referrer-Policy:strict-origin-when-cross-origin
        [0] ResponseHeader=X-Content-Type-Options:nosniff
        [0] ResponseHeader=X-Frame-Options:DENY
        [0] ResponseHeader=X-Permitted-Cross-Domain-Policies:none
        
        2026-07-28T05:03:34.890321Z	info	All requests succeeded
        
        ID:               
        Method:           
        Protocol:         
        Alpn:             
        URL:              
        Version:          
        Port:             
        Code:             301
        Host:             
        Hostname:         
        Cluster:          
        IP:               
        Request Headers:  map[]
        Response Headers: map[Content-Length:[0] Cross-Origin-Opener-Policy:[same-origin] Date:[Tue, 28 Jul 2026 05:03:34 GMT] Location:[https://echo/scheme-and-status] Referrer-Policy:[strict-origin-when-cross-origin] X-Content-Type-Options:[nosniff] X-Frame-Options:[DENY] X-Permitted-Cross-Domain-Policies:[none]]
        
=== NAME  TestGatewayAPIConformance/MeshHTTPRouteSchemeRedirect/3_request_to_'echo/scheme-and-host-and-status'_should_receive_one_of_[]
    pod.go:70: 2026-07-28T05:03:35.010498268Z: Got resp RawContent:       [0] Url=http://echo/scheme-and-host-and-status
        [0] Latency=19.020866ms
        [0] ActiveRequests=1
        [0] StatusCode=302
        [0] ResponseHeader=Content-Length:0
        [0] ResponseHeader=Cross-Origin-Opener-Policy:same-origin
        [0] ResponseHeader=Date:Tue, 28 Jul 2026 05:03:35 GMT
        [0] ResponseHeader=Location:https://example.org/scheme-and-host-and-status
        [0] ResponseHeader=Referrer-Policy:strict-origin-when-cross-origin
        [0] ResponseHeader=X-Content-Type-Options:nosniff
        [0] ResponseHeader=X-Frame-Options:DENY
        [0] ResponseHeader=X-Permitted-Cross-Domain-Policies:none
        
        2026-07-28T05:03:35.005301Z	info	All requests succeeded
        
        ID:               
        Method:           
        Protocol:         
        Alpn:             
        URL:              
        Version:          
        Port:             
        Code:             302
        Host:             
        Hostname:         
        Cluster:          
        IP:               
        Request Headers:  map[]
        Response Headers: map[Content-Length:[0] Cross-Origin-Opener-Policy:[same-origin] Date:[Tue, 28 Jul 2026 05:03:35 GMT] Location:[https://example.org/scheme-and-host-and-status] Referrer-Policy:[strict-origin-when-cross-origin] X-Content-Type-Options:[nosniff] X-Frame-Options:[DENY] X-Permitted-Cross-Domain-Policies:[none]]
        
    httproute-redirect-scheme.go:112: 2026-07-28T05:03:35.010615886Z: Request passed
=== NAME  TestGatewayAPIConformance/MeshHTTPRouteSchemeRedirect/2_request_to_'echo/scheme-and-status'_should_receive_one_of_[]
    pod.go:70: 2026-07-28T05:03:35.015386153Z: Got resp RawContent:       [0] Url=http://echo/scheme-and-status
        [0] Latency=4.277489ms
        [0] ActiveRequests=1
        [0] StatusCode=301
        [0] ResponseHeader=Content-Length:0
        [0] ResponseHeader=Cross-Origin-Opener-Policy:same-origin
        [0] ResponseHeader=Date:Tue, 28 Jul 2026 05:03:35 GMT
        [0] ResponseHeader=Location:https://echo/scheme-and-status
        [0] ResponseHeader=Referrer-Policy:strict-origin-when-cross-origin
        [0] ResponseHeader=X-Content-Type-Options:nosniff
        [0] ResponseHeader=X-Frame-Options:DENY
        [0] ResponseHeader=X-Permitted-Cross-Domain-Policies:none
        
        2026-07-28T05:03:35.009678Z	info	All requests succeeded
        
        ID:               
        Method:           
        Protocol:         
        Alpn:             
        URL:              
        Version:          
        Port:             
        Code:             301
        Host:             
        Hostname:         
        Cluster:          
        IP:               
        Request Headers:  map[]
        Response Headers: map[Content-Length:[0] Cross-Origin-Opener-Policy:[same-origin] Date:[Tue, 28 Jul 2026 05:03:35 GMT] Location:[https://echo/scheme-and-status] Referrer-Policy:[strict-origin-when-cross-origin] X-Content-Type-Options:[nosniff] X-Frame-Options:[DENY] X-Permitted-Cross-Domain-Policies:[none]]
        
    httproute-redirect-scheme.go:112: 2026-07-28T05:03:35.01552463Z: Request passed
=== NAME  TestGatewayAPIConformance/MeshHTTPRouteSchemeRedirect/1_request_to_'echo/scheme-and-host'_should_receive_one_of_[]
    pod.go:70: 2026-07-28T05:03:35.017362038Z: Got resp RawContent:       [0] Url=http://echo/scheme-and-host
        [0] Latency=5.242646ms
        [0] ActiveRequests=1
        [0] StatusCode=302
        [0] ResponseHeader=Content-Length:0
        [0] ResponseHeader=Cross-Origin-Opener-Policy:same-origin
        [0] ResponseHeader=Date:Tue, 28 Jul 2026 05:03:35 GMT
        [0] ResponseHeader=Location:https://example.org/scheme-and-host
        [0] ResponseHeader=Referrer-Policy:strict-origin-when-cross-origin
        [0] ResponseHeader=X-Content-Type-Options:nosniff
        [0] ResponseHeader=X-Frame-Options:DENY
        [0] ResponseHeader=X-Permitted-Cross-Domain-Policies:none
        
        2026-07-28T05:03:35.006186Z	info	All requests succeeded
        
        ID:               
        Method:           
        Protocol:         
        Alpn:             
        URL:              
        Version:          
        Port:             
        Code:             302
        Host:             
        Hostname:         
        Cluster:          
        IP:               
        Request Headers:  map[]
        Response Headers: map[Content-Length:[0] Cross-Origin-Opener-Policy:[same-origin] Date:[Tue, 28 Jul 2026 05:03:35 GMT] Location:[https://example.org/scheme-and-host] Referrer-Policy:[strict-origin-when-cross-origin] X-Content-Type-Options:[nosniff] X-Frame-Options:[DENY] X-Permitted-Cross-Domain-Policies:[none]]
        
    httproute-redirect-scheme.go:112: 2026-07-28T05:03:35.01744915Z: Request passed
=== NAME  TestGatewayAPIConformance/MeshHTTPRouteSchemeRedirect/0_request_to_'echo/scheme'_should_receive_one_of_[]
    pod.go:70: 2026-07-28T05:03:35.018436014Z: Got resp RawContent:       [0] Url=http://echo/scheme
        [0] Latency=11.990066ms
        [0] ActiveRequests=1
        [0] StatusCode=302
        [0] ResponseHeader=Content-Length:0
        [0] ResponseHeader=Cross-Origin-Opener-Policy:same-origin
        [0] ResponseHeader=Date:Tue, 28 Jul 2026 05:03:35 GMT
        [0] ResponseHeader=Location:https://echo/scheme
        [0] ResponseHeader=Referrer-Policy:strict-origin-when-cross-origin
        [0] ResponseHeader=X-Content-Type-Options:nosniff
        [0] ResponseHeader=X-Frame-Options:DENY
        [0] ResponseHeader=X-Permitted-Cross-Domain-Policies:none
        
        2026-07-28T05:03:35.009405Z	info	All requests succeeded
        
        ID:               
        Method:           
        Protocol:         
        Alpn:             
        URL:              
        Version:          
        Port:             
        Code:             302
        Host:             
        Hostname:         
        Cluster:          
        IP:               
        Request Headers:  map[]
        Response Headers: map[Content-Length:[0] Cross-Origin-Opener-Policy:[same-origin] Date:[Tue, 28 Jul 2026 05:03:35 GMT] Location:[https://echo/scheme] Referrer-Policy:[strict-origin-when-cross-origin] X-Content-Type-Options:[nosniff] X-Frame-Options:[DENY] X-Permitted-Cross-Domain-Policies:[none]]
        
    httproute-redirect-scheme.go:112: 2026-07-28T05:03:35.01856321Z: Request passed
=== NAME  TestGatewayAPIConformance/MeshHTTPRouteSchemeRedirect
    apply.go:283: 2026-07-28T05:03:35.018597374Z: Deleting mesh-redirect-scheme HTTPRoute
=== NAME  TestGatewayAPIConformance
    suite.go:504: 2026-07-28T05:03:35.024356621Z: Sleeping 10s for test isolation
=== RUN   TestGatewayAPIConformance/MeshHTTPRouteRequestHeaderModifier
    conformance.go:70: 2026-07-28T05:03:45.028778452Z: Applying tests/mesh/httproute-request-header-modifier.yaml
    apply.go:275: 2026-07-28T05:03:45.038936595Z: Creating mesh-request-header-modifier HTTPRoute
    conformance.go:75: 2026-07-28T05:03:45.050545433Z: Running MeshHTTPRouteRequestHeaderModifier, relying on the following features: Mesh-standard, HTTPRoute-standard
=== RUN   TestGatewayAPIConformance/MeshHTTPRouteRequestHeaderModifier/0_request_to_'/set'_with_headers_should_go_to_echo-v1
=== PAUSE TestGatewayAPIConformance/MeshHTTPRouteRequestHeaderModifier/0_request_to_'/set'_with_headers_should_go_to_echo-v1
=== RUN   TestGatewayAPIConformance/MeshHTTPRouteRequestHeaderModifier/1_request_to_'/set'_with_headers_should_go_to_echo-v1
=== PAUSE TestGatewayAPIConformance/MeshHTTPRouteRequestHeaderModifier/1_request_to_'/set'_with_headers_should_go_to_echo-v1
=== RUN   TestGatewayAPIConformance/MeshHTTPRouteRequestHeaderModifier/2_request_to_'/add'_with_headers_should_go_to_echo-v1
=== PAUSE TestGatewayAPIConformance/MeshHTTPRouteRequestHeaderModifier/2_request_to_'/add'_with_headers_should_go_to_echo-v1
=== RUN   TestGatewayAPIConformance/MeshHTTPRouteRequestHeaderModifier/3_request_to_'/add'_with_headers_should_go_to_echo-v1
=== PAUSE TestGatewayAPIConformance/MeshHTTPRouteRequestHeaderModifier/3_request_to_'/add'_with_headers_should_go_to_echo-v1
=== RUN   TestGatewayAPIConformance/MeshHTTPRouteRequestHeaderModifier/4_request_to_'/remove'_with_headers_should_go_to_echo-v1
=== PAUSE TestGatewayAPIConformance/MeshHTTPRouteRequestHeaderModifier/4_request_to_'/remove'_with_headers_should_go_to_echo-v1
=== RUN   TestGatewayAPIConformance/MeshHTTPRouteRequestHeaderModifier/5_request_to_'/multiple'_with_headers_should_go_to_echo-v1
=== PAUSE TestGatewayAPIConformance/MeshHTTPRouteRequestHeaderModifier/5_request_to_'/multiple'_with_headers_should_go_to_echo-v1
=== RUN   TestGatewayAPIConformance/MeshHTTPRouteRequestHeaderModifier/6_request_to_'/case-insensitivity'_with_headers_should_go_to_echo-v1
=== PAUSE TestGatewayAPIConformance/MeshHTTPRouteRequestHeaderModifier/6_request_to_'/case-insensitivity'_with_headers_should_go_to_echo-v1
=== CONT  TestGatewayAPIConformance/MeshHTTPRouteRequestHeaderModifier/0_request_to_'/set'_with_headers_should_go_to_echo-v1
=== CONT  TestGatewayAPIConformance/MeshHTTPRouteRequestHeaderModifier/4_request_to_'/remove'_with_headers_should_go_to_echo-v1
=== CONT  TestGatewayAPIConformance/MeshHTTPRouteRequestHeaderModifier/2_request_to_'/add'_with_headers_should_go_to_echo-v1
=== CONT  TestGatewayAPIConformance/MeshHTTPRouteRequestHeaderModifier/3_request_to_'/add'_with_headers_should_go_to_echo-v1
=== NAME  TestGatewayAPIConformance/MeshHTTPRouteRequestHeaderModifier/2_request_to_'/add'_with_headers_should_go_to_echo-v1
    pod.go:70: 2026-07-28T05:03:45.316749397Z: Got resp RawContent:       [0] Url=http://echo/add
        [0] Header=Some-Other-Header:val
        [0] Latency=3.202945ms
        [0] ActiveRequests=1
        [0] StatusCode=200
        [0] ResponseHeader=Content-Length:272
        [0] ResponseHeader=Content-Type:text/plain; charset=utf-8
        [0] ResponseHeader=Date:Tue, 28 Jul 2026 05:03:45 GMT
        [0 body] ServiceVersion=
        [0 body] ServicePort=8080
        [0 body] Host=echo
        [0 body] URL=/add
        [0 body] Method=GET
        [0 body] Proto=HTTP/1.1
        [0 body] IP=10.244.0.1
        [0 body] RequestHeader=Accept-Encoding:gzip
        [0 body] RequestHeader=Connection:close
        [0 body] RequestHeader=Some-Other-Header:val
        [0 body] RequestHeader=User-Agent:Go-http-client/1.1
        [0 body] Hostname=echo-v1-699dd9bfc7-g5xrx
        
        2026-07-28T05:03:45.310470Z	info	All requests succeeded
        
        ID:               
        Method:           GET
        Protocol:         HTTP/1.1
        Alpn:             
        URL:              /add
        Version:          
        Port:             8080
        Code:             200
        Host:             echo
        Hostname:         echo-v1-699dd9bfc7-g5xrx
        Cluster:          
        IP:               10.244.0.1
        Request Headers:  map[Accept-Encoding:[gzip] Connection:[close] Some-Other-Header:[val] User-Agent:[Go-http-client/1.1]]
        Response Headers: map[Content-Length:[272] Content-Type:[text/plain; charset=utf-8] Date:[Tue, 28 Jul 2026 05:03:45 GMT]]
        
    pod.go:72: 2026-07-28T05:03:45.317189053Z: Response expectation failed for request: [client http://echo/add -H Some-Other-Header:val]  not ready yet: expected X-Header-Add header to be set, actual headers: map[Accept-Encoding:[gzip] Connection:[close] Some-Other-Header:[val] User-Agent:[Go-http-client/1.1] accept-encoding:[gzip] connection:[close] some-other-header:[val] user-agent:[Go-http-client/1.1]] (after 1.974µs)
=== NAME  TestGatewayAPIConformance/MeshHTTPRouteRequestHeaderModifier/3_request_to_'/add'_with_headers_should_go_to_echo-v1
    pod.go:70: 2026-07-28T05:03:45.319635209Z: Got resp RawContent:       [0] Url=http://echo/add
        [0] Header=X-Header-Add:some-other-value
        [0] Header=Some-Other-Header:val
        [0] Latency=4.047753ms
        [0] ActiveRequests=1
        [0] StatusCode=200
        [0] ResponseHeader=Content-Length:316
        [0] ResponseHeader=Content-Type:text/plain; charset=utf-8
        [0] ResponseHeader=Date:Tue, 28 Jul 2026 05:03:45 GMT
        [0 body] ServiceVersion=
        [0 body] ServicePort=8080
        [0 body] Host=echo
        [0 body] URL=/add
        [0 body] Method=GET
        [0 body] Proto=HTTP/1.1
        [0 body] IP=10.244.0.1
        [0 body] RequestHeader=Accept-Encoding:gzip
        [0 body] RequestHeader=Connection:close
        [0 body] RequestHeader=Some-Other-Header:val
        [0 body] RequestHeader=User-Agent:Go-http-client/1.1
        [0 body] RequestHeader=X-Header-Add:some-other-value
        [0 body] Hostname=echo-v1-699dd9bfc7-g5xrx
        
        2026-07-28T05:03:45.308694Z	info	All requests succeeded
        
        ID:               
        Method:           GET
        Protocol:         HTTP/1.1
        Alpn:             
        URL:              /add
        Version:          
        Port:             8080
        Code:             200
        Host:             echo
        Hostname:         echo-v1-699dd9bfc7-g5xrx
        Cluster:          
        IP:               10.244.0.1
        Request Headers:  map[Accept-Encoding:[gzip] Connection:[close] Some-Other-Header:[val] User-Agent:[Go-http-client/1.1] X-Header-Add:[some-other-value]]
        Response Headers: map[Content-Length:[316] Content-Type:[text/plain; charset=utf-8] Date:[Tue, 28 Jul 2026 05:03:45 GMT]]
        
    pod.go:72: 2026-07-28T05:03:45.320109762Z: Response expectation failed for request: [client http://echo/add -H Some-Other-Header:val -H X-Header-Add:some-other-value]  not ready yet: expected X-Header-Add header to be set to some-other-value,add-appends-values, got some-other-value (after 1.423µs)
=== NAME  TestGatewayAPIConformance/MeshHTTPRouteRequestHeaderModifier/4_request_to_'/remove'_with_headers_should_go_to_echo-v1
    pod.go:70: 2026-07-28T05:03:45.330115422Z: Got resp RawContent:       [0] Url=http://echo/remove
        [0] Header=X-Header-Remove:val
        [0] Latency=6.845759ms
        [0] ActiveRequests=1
        [0] StatusCode=200
        [0] ResponseHeader=Content-Length:273
        [0] ResponseHeader=Content-Type:text/plain; charset=utf-8
        [0] ResponseHeader=Date:Tue, 28 Jul 2026 05:03:45 GMT
        [0 body] ServiceVersion=
        [0 body] ServicePort=8080
        [0 body] Host=echo
        [0 body] URL=/remove
        [0 body] Method=GET
        [0 body] Proto=HTTP/1.1
        [0 body] IP=10.244.0.1
        [0 body] RequestHeader=Accept-Encoding:gzip
        [0 body] RequestHeader=Connection:close
        [0 body] RequestHeader=User-Agent:Go-http-client/1.1
        [0 body] RequestHeader=X-Header-Remove:val
        [0 body] Hostname=echo-v1-699dd9bfc7-g5xrx
        
        2026-07-28T05:03:45.319650Z	info	All requests succeeded
        
        ID:               
        Method:           GET
        Protocol:         HTTP/1.1
        Alpn:             
        URL:              /remove
        Version:          
        Port:             8080
        Code:             200
        Host:             echo
        Hostname:         echo-v1-699dd9bfc7-g5xrx
        Cluster:          
        IP:               10.244.0.1
        Request Headers:  map[Accept-Encoding:[gzip] Connection:[close] User-Agent:[Go-http-client/1.1] X-Header-Remove:[val]]
        Response Headers: map[Content-Length:[273] Content-Type:[text/plain; charset=utf-8] Date:[Tue, 28 Jul 2026 05:03:45 GMT]]
        
    pod.go:72: 2026-07-28T05:03:45.330426542Z: Response expectation failed for request: [client http://echo/remove -H X-Header-Remove:val]  not ready yet: expected X-Header-Remove header to not be set, got [val] (after 2.344µs)
=== NAME  TestGatewayAPIConformance/MeshHTTPRouteRequestHeaderModifier/0_request_to_'/set'_with_headers_should_go_to_echo-v1
    pod.go:70: 2026-07-28T05:03:45.34128134Z: Got resp RawContent:       [0] Url=http://echo/set
        [0] Header=Some-Other-Header:val
        [0] Latency=5.79186ms
        [0] ActiveRequests=1
        [0] StatusCode=200
        [0] ResponseHeader=Content-Length:273
        [0] ResponseHeader=Content-Type:text/plain; charset=utf-8
        [0] ResponseHeader=Date:Tue, 28 Jul 2026 05:03:45 GMT
        [0 body] ServiceVersion=
        [0 body] ServicePort=8080
        [0 body] Host=echo
        [0 body] URL=/set
        [0 body] Method=GET
        [0 body] Proto=HTTP/1.1
        [0 body] IP=10.244.0.33
        [0 body] RequestHeader=Accept-Encoding:gzip
        [0 body] RequestHeader=Connection:close
        [0 body] RequestHeader=Some-Other-Header:val
        [0 body] RequestHeader=User-Agent:Go-http-client/1.1
        [0 body] Hostname=echo-v2-7d46bf8884-7fs28
        
        2026-07-28T05:03:45.337347Z	info	All requests succeeded
        
        ID:               
        Method:           GET
        Protocol:         HTTP/1.1
        Alpn:             
        URL:              /set
        Version:          
        Port:             8080
        Code:             200
        Host:             echo
        Hostname:         echo-v2-7d46bf8884-7fs28
        Cluster:          
        IP:               10.244.0.33
        Request Headers:  map[Accept-Encoding:[gzip] Connection:[close] Some-Other-Header:[val] User-Agent:[Go-http-client/1.1]]
        Response Headers: map[Content-Length:[273] Content-Type:[text/plain; charset=utf-8] Date:[Tue, 28 Jul 2026 05:03:45 GMT]]
        
    pod.go:72: 2026-07-28T05:03:45.341509543Z: Response expectation failed for request: [client http://echo/set -H Some-Other-Header:val]  not ready yet: expected X-Header-Set header to be set, actual headers: map[Accept-Encoding:[gzip] Connection:[close] Some-Other-Header:[val] User-Agent:[Go-http-client/1.1] accept-encoding:[gzip] connection:[close] some-other-header:[val] user-agent:[Go-http-client/1.1]] (after 792.141µs)
=== NAME  TestGatewayAPIConformance/MeshHTTPRouteRequestHeaderModifier/2_request_to_'/add'_with_headers_should_go_to_echo-v1
    pod.go:70: 2026-07-28T05:03:46.41061563Z: Got resp RawContent:       [0] Url=http://echo/add
        [0] Header=Some-Other-Header:val
        [0] Latency=4.301595ms
        [0] ActiveRequests=1
        [0] StatusCode=200
        [0] ResponseHeader=Content-Length:287
        [0] ResponseHeader=Content-Type:text/plain; charset=utf-8
        [0] ResponseHeader=Cross-Origin-Opener-Policy:same-origin
        [0] ResponseHeader=Date:Tue, 28 Jul 2026 05:03:46 GMT
        [0] ResponseHeader=Referrer-Policy:strict-origin-when-cross-origin
        [0] ResponseHeader=X-Content-Type-Options:nosniff
        [0] ResponseHeader=X-Frame-Options:DENY
        [0] ResponseHeader=X-Permitted-Cross-Domain-Policies:none
        [0 body] ServiceVersion=
        [0 body] ServicePort=8080
        [0 body] Host=echo
        [0 body] URL=/add
        [0 body] Method=GET
        [0 body] Proto=HTTP/1.1
        [0 body] IP=10.244.0.8
        [0 body] RequestHeader=Accept-Encoding:gzip
        [0 body] RequestHeader=Some-Other-Header:val
        [0 body] RequestHeader=User-Agent:Go-http-client/1.1
        [0 body] RequestHeader=X-Header-Add:add-appends-values
        [0 body] Hostname=echo-v1-699dd9bfc7-g5xrx
        
        2026-07-28T05:03:46.402638Z	info	All requests succeeded
        
        ID:               
        Method:           GET
        Protocol:         HTTP/1.1
        Alpn:             
        URL:              /add
        Version:          
        Port:             8080
        Code:             200
        Host:             echo
        Hostname:         echo-v1-699dd9bfc7-g5xrx
        Cluster:          
        IP:               10.244.0.8
        Request Headers:  map[Accept-Encoding:[gzip] Some-Other-Header:[val] User-Agent:[Go-http-client/1.1] X-Header-Add:[add-appends-values]]
        Response Headers: map[Content-Length:[287] Content-Type:[text/plain; charset=utf-8] Cross-Origin-Opener-Policy:[same-origin] Date:[Tue, 28 Jul 2026 05:03:46 GMT] Referrer-Policy:[strict-origin-when-cross-origin] X-Content-Type-Options:[nosniff] X-Frame-Options:[DENY] X-Permitted-Cross-Domain-Policies:[none]]
        
=== NAME  TestGatewayAPIConformance/MeshHTTPRouteRequestHeaderModifier/3_request_to_'/add'_with_headers_should_go_to_echo-v1
    pod.go:70: 2026-07-28T05:03:46.426642149Z: Got resp RawContent:       [0] Url=http://echo/add
        [0] Header=Some-Other-Header:val
        [0] Header=X-Header-Add:some-other-value
        [0] Latency=9.036696ms
        [0] ActiveRequests=1
        [0] StatusCode=200
        [0] ResponseHeader=Content-Length:331
        [0] ResponseHeader=Content-Type:text/plain; charset=utf-8
        [0] ResponseHeader=Cross-Origin-Opener-Policy:same-origin
        [0] ResponseHeader=Date:Tue, 28 Jul 2026 05:03:46 GMT
        [0] ResponseHeader=Referrer-Policy:strict-origin-when-cross-origin
        [0] ResponseHeader=X-Content-Type-Options:nosniff
        [0] ResponseHeader=X-Frame-Options:DENY
        [0] ResponseHeader=X-Permitted-Cross-Domain-Policies:none
        [0 body] ServiceVersion=
        [0 body] ServicePort=8080
        [0 body] Host=echo
        [0 body] URL=/add
        [0 body] Method=GET
        [0 body] Proto=HTTP/1.1
        [0 body] IP=10.244.0.8
        [0 body] RequestHeader=Accept-Encoding:gzip
        [0 body] RequestHeader=Some-Other-Header:val
        [0 body] RequestHeader=User-Agent:Go-http-client/1.1
        [0 body] RequestHeader=X-Header-Add:some-other-value
        [0 body] RequestHeader=X-Header-Add:add-appends-values
        [0 body] Hostname=echo-v1-699dd9bfc7-g5xrx
        
        2026-07-28T05:03:46.419327Z	info	All requests succeeded
        
        ID:               
        Method:           GET
        Protocol:         HTTP/1.1
        Alpn:             
        URL:              /add
        Version:          
        Port:             8080
        Code:             200
        Host:             echo
        Hostname:         echo-v1-699dd9bfc7-g5xrx
        Cluster:          
        IP:               10.244.0.8
        Request Headers:  map[Accept-Encoding:[gzip] Some-Other-Header:[val] User-Agent:[Go-http-client/1.1] X-Header-Add:[some-other-value add-appends-values]]
        Response Headers: map[Content-Length:[331] Content-Type:[text/plain; charset=utf-8] Cross-Origin-Opener-Policy:[same-origin] Date:[Tue, 28 Jul 2026 05:03:46 GMT] Referrer-Policy:[strict-origin-when-cross-origin] X-Content-Type-Options:[nosniff] X-Frame-Options:[DENY] X-Permitted-Cross-Domain-Policies:[none]]
        
=== NAME  TestGatewayAPIConformance/MeshHTTPRouteRequestHeaderModifier/0_request_to_'/set'_with_headers_should_go_to_echo-v1
    pod.go:70: 2026-07-28T05:03:46.439592988Z: Got resp RawContent:       [0] Url=http://echo/set
        [0] Header=Some-Other-Header:val
        [0] Latency=8.386938ms
        [0] ActiveRequests=1
        [0] StatusCode=200
        [0] ResponseHeader=Content-Length:290
        [0] ResponseHeader=Content-Type:text/plain; charset=utf-8
        [0] ResponseHeader=Cross-Origin-Opener-Policy:same-origin
        [0] ResponseHeader=Date:Tue, 28 Jul 2026 05:03:46 GMT
        [0] ResponseHeader=Referrer-Policy:strict-origin-when-cross-origin
        [0] ResponseHeader=X-Content-Type-Options:nosniff
        [0] ResponseHeader=X-Frame-Options:DENY
        [0] ResponseHeader=X-Permitted-Cross-Domain-Policies:none
        [0 body] ServiceVersion=
        [0 body] ServicePort=8080
        [0 body] Host=echo
        [0 body] URL=/set
        [0 body] Method=GET
        [0 body] Proto=HTTP/1.1
        [0 body] IP=10.244.0.8
        [0 body] RequestHeader=Accept-Encoding:gzip
        [0 body] RequestHeader=Some-Other-Header:val
        [0 body] RequestHeader=User-Agent:Go-http-client/1.1
        [0 body] RequestHeader=X-Header-Set:set-overwrites-values
        [0 body] Hostname=echo-v1-699dd9bfc7-g5xrx
        
        2026-07-28T05:03:46.435506Z	info	All requests succeeded
        
        ID:               
        Method:           GET
        Protocol:         HTTP/1.1
        Alpn:             
        URL:              /set
        Version:          
        Port:             8080
        Code:             200
        Host:             echo
        Hostname:         echo-v1-699dd9bfc7-g5xrx
        Cluster:          
        IP:               10.244.0.8
        Request Headers:  map[Accept-Encoding:[gzip] Some-Other-Header:[val] User-Agent:[Go-http-client/1.1] X-Header-Set:[set-overwrites-values]]
        Response Headers: map[Content-Length:[290] Content-Type:[text/plain; charset=utf-8] Cross-Origin-Opener-Policy:[same-origin] Date:[Tue, 28 Jul 2026 05:03:46 GMT] Referrer-Policy:[strict-origin-when-cross-origin] X-Content-Type-Options:[nosniff] X-Frame-Options:[DENY] X-Permitted-Cross-Domain-Policies:[none]]
        
=== NAME  TestGatewayAPIConformance/MeshHTTPRouteRequestHeaderModifier/4_request_to_'/remove'_with_headers_should_go_to_echo-v1
    pod.go:70: 2026-07-28T05:03:46.444336392Z: Got resp RawContent:       [0] Url=http://echo/remove
        [0] Header=X-Header-Remove:val
        [0] Latency=13.558845ms
        [0] ActiveRequests=1
        [0] StatusCode=200
        [0] ResponseHeader=Content-Length:208
        [0] ResponseHeader=Content-Type:text/plain; charset=utf-8
        [0] ResponseHeader=Cross-Origin-Opener-Policy:same-origin
        [0] ResponseHeader=Date:Tue, 28 Jul 2026 05:03:46 GMT
        [0] ResponseHeader=Referrer-Policy:strict-origin-when-cross-origin
        [0] ResponseHeader=X-Content-Type-Options:nosniff
        [0] ResponseHeader=X-Frame-Options:DENY
        [0] ResponseHeader=X-Permitted-Cross-Domain-Policies:none
        [0 body] ServiceVersion=
        [0 body] ServicePort=8080
        [0 body] Host=echo
        [0 body] URL=/remove
        [0 body] Method=GET
        [0 body] Proto=HTTP/1.1
        [0 body] IP=10.244.0.8
        [0 body] RequestHeader=Accept-Encoding:gzip
        [0 body] RequestHeader=User-Agent:Go-http-client/1.1
        [0 body] Hostname=echo-v1-699dd9bfc7-g5xrx
        
        2026-07-28T05:03:46.436532Z	info	All requests succeeded
        
        ID:               
        Method:           GET
        Protocol:         HTTP/1.1
        Alpn:             
        URL:              /remove
        Version:          
        Port:             8080
        Code:             200
        Host:             echo
        Hostname:         echo-v1-699dd9bfc7-g5xrx
        Cluster:          
        IP:               10.244.0.8
        Request Headers:  map[Accept-Encoding:[gzip] User-Agent:[Go-http-client/1.1]]
        Response Headers: map[Content-Length:[208] Content-Type:[text/plain; charset=utf-8] Cross-Origin-Opener-Policy:[same-origin] Date:[Tue, 28 Jul 2026 05:03:46 GMT] Referrer-Policy:[strict-origin-when-cross-origin] X-Content-Type-Options:[nosniff] X-Frame-Options:[DENY] X-Permitted-Cross-Domain-Policies:[none]]
        
=== NAME  TestGatewayAPIConformance/MeshHTTPRouteRequestHeaderModifier/2_request_to_'/add'_with_headers_should_go_to_echo-v1
    pod.go:70: 2026-07-28T05:03:46.496557439Z: Got resp RawContent:       [0] Url=http://echo/add
        [0] Header=Some-Other-Header:val
        [0] Latency=4.787476ms
        [0] ActiveRequests=1
        [0] StatusCode=200
        [0] ResponseHeader=Content-Length:287
        [0] ResponseHeader=Content-Type:text/plain; charset=utf-8
        [0] ResponseHeader=Cross-Origin-Opener-Policy:same-origin
        [0] ResponseHeader=Date:Tue, 28 Jul 2026 05:03:46 GMT
        [0] ResponseHeader=Referrer-Policy:strict-origin-when-cross-origin
        [0] ResponseHeader=X-Content-Type-Options:nosniff
        [0] ResponseHeader=X-Frame-Options:DENY
        [0] ResponseHeader=X-Permitted-Cross-Domain-Policies:none
        [0 body] ServiceVersion=
        [0 body] ServicePort=8080
        [0 body] Host=echo
        [0 body] URL=/add
        [0 body] Method=GET
        [0 body] Proto=HTTP/1.1
        [0 body] IP=10.244.0.8
        [0 body] RequestHeader=Accept-Encoding:gzip
        [0 body] RequestHeader=Some-Other-Header:val
        [0 body] RequestHeader=User-Agent:Go-http-client/1.1
        [0 body] RequestHeader=X-Header-Add:add-appends-values
        [0 body] Hostname=echo-v1-699dd9bfc7-g5xrx
        
        2026-07-28T05:03:46.489409Z	info	All requests succeeded
        
        ID:               
        Method:           GET
        Protocol:         HTTP/1.1
        Alpn:             
        URL:              /add
        Version:          
        Port:             8080
        Code:             200
        Host:             echo
        Hostname:         echo-v1-699dd9bfc7-g5xrx
        Cluster:          
        IP:               10.244.0.8
        Request Headers:  map[Accept-Encoding:[gzip] Some-Other-Header:[val] User-Agent:[Go-http-client/1.1] X-Header-Add:[add-appends-values]]
        Response Headers: map[Content-Length:[287] Content-Type:[text/plain; charset=utf-8] Cross-Origin-Opener-Policy:[same-origin] Date:[Tue, 28 Jul 2026 05:03:46 GMT] Referrer-Policy:[strict-origin-when-cross-origin] X-Content-Type-Options:[nosniff] X-Frame-Options:[DENY] X-Permitted-Cross-Domain-Policies:[none]]
        
=== NAME  TestGatewayAPIConformance/MeshHTTPRouteRequestHeaderModifier/0_request_to_'/set'_with_headers_should_go_to_echo-v1
    pod.go:70: 2026-07-28T05:03:46.526570255Z: Got resp RawContent:       [0] Url=http://echo/set
        [0] Header=Some-Other-Header:val
        [0] Latency=4.256802ms
        [0] ActiveRequests=1
        [0] StatusCode=200
        [0] ResponseHeader=Content-Length:290
        [0] ResponseHeader=Content-Type:text/plain; charset=utf-8
        [0] ResponseHeader=Cross-Origin-Opener-Policy:same-origin
        [0] ResponseHeader=Date:Tue, 28 Jul 2026 05:03:46 GMT
        [0] ResponseHeader=Referrer-Policy:strict-origin-when-cross-origin
        [0] ResponseHeader=X-Content-Type-Options:nosniff
        [0] ResponseHeader=X-Frame-Options:DENY
        [0] ResponseHeader=X-Permitted-Cross-Domain-Policies:none
        [0 body] ServiceVersion=
        [0 body] ServicePort=8080
        [0 body] Host=echo
        [0 body] URL=/set
        [0 body] Method=GET
        [0 body] Proto=HTTP/1.1
        [0 body] IP=10.244.0.8
        [0 body] RequestHeader=Accept-Encoding:gzip
        [0 body] RequestHeader=Some-Other-Header:val
        [0 body] RequestHeader=User-Agent:Go-http-client/1.1
        [0 body] RequestHeader=X-Header-Set:set-overwrites-values
        [0 body] Hostname=echo-v1-699dd9bfc7-g5xrx
        
        2026-07-28T05:03:46.518577Z	info	All requests succeeded
        
        ID:               
        Method:           GET
        Protocol:         HTTP/1.1
        Alpn:             
        URL:              /set
        Version:          
        Port:             8080
        Code:             200
        Host:             echo
        Hostname:         echo-v1-699dd9bfc7-g5xrx
        Cluster:          
        IP:               10.244.0.8
        Request Headers:  map[Accept-Encoding:[gzip] Some-Other-Header:[val] User-Agent:[Go-http-client/1.1] X-Header-Set:[set-overwrites-values]]
        Response Headers: map[Content-Length:[290] Content-Type:[text/plain; charset=utf-8] Cross-Origin-Opener-Policy:[same-origin] Date:[Tue, 28 Jul 2026 05:03:46 GMT] Referrer-Policy:[strict-origin-when-cross-origin] X-Content-Type-Options:[nosniff] X-Frame-Options:[DENY] X-Permitted-Cross-Domain-Policies:[none]]
        
=== NAME  TestGatewayAPIConformance/MeshHTTPRouteRequestHeaderModifier/3_request_to_'/add'_with_headers_should_go_to_echo-v1
    pod.go:70: 2026-07-28T05:03:46.52679355Z: Got resp RawContent:       [0] Url=http://echo/add
        [0] Header=X-Header-Add:some-other-value
        [0] Header=Some-Other-Header:val
        [0] Latency=4.524323ms
        [0] ActiveRequests=1
        [0] StatusCode=200
        [0] ResponseHeader=Content-Length:331
        [0] ResponseHeader=Content-Type:text/plain; charset=utf-8
        [0] ResponseHeader=Cross-Origin-Opener-Policy:same-origin
        [0] ResponseHeader=Date:Tue, 28 Jul 2026 05:03:46 GMT
        [0] ResponseHeader=Referrer-Policy:strict-origin-when-cross-origin
        [0] ResponseHeader=X-Content-Type-Options:nosniff
        [0] ResponseHeader=X-Frame-Options:DENY
        [0] ResponseHeader=X-Permitted-Cross-Domain-Policies:none
        [0 body] ServiceVersion=
        [0 body] ServicePort=8080
        [0 body] Host=echo
        [0 body] URL=/add
        [0 body] Method=GET
        [0 body] Proto=HTTP/1.1
        [0 body] IP=10.244.0.8
        [0 body] RequestHeader=Accept-Encoding:gzip
        [0 body] RequestHeader=Some-Other-Header:val
        [0 body] RequestHeader=User-Agent:Go-http-client/1.1
        [0 body] RequestHeader=X-Header-Add:some-other-value
        [0 body] RequestHeader=X-Header-Add:add-appends-values
        [0 body] Hostname=echo-v1-699dd9bfc7-g5xrx
        
        2026-07-28T05:03:46.517933Z	info	All requests succeeded
        
        ID:               
        Method:           GET
        Protocol:         HTTP/1.1
        Alpn:             
        URL:              /add
        Version:          
        Port:             8080
        Code:             200
        Host:             echo
        Hostname:         echo-v1-699dd9bfc7-g5xrx
        Cluster:          
        IP:               10.244.0.8
        Request Headers:  map[Accept-Encoding:[gzip] Some-Other-Header:[val] User-Agent:[Go-http-client/1.1] X-Header-Add:[some-other-value add-appends-values]]
        Response Headers: map[Content-Length:[331] Content-Type:[text/plain; charset=utf-8] Cross-Origin-Opener-Policy:[same-origin] Date:[Tue, 28 Jul 2026 05:03:46 GMT] Referrer-Policy:[strict-origin-when-cross-origin] X-Content-Type-Options:[nosniff] X-Frame-Options:[DENY] X-Permitted-Cross-Domain-Policies:[none]]
        
=== NAME  TestGatewayAPIConformance/MeshHTTPRouteRequestHeaderModifier/4_request_to_'/remove'_with_headers_should_go_to_echo-v1
    pod.go:70: 2026-07-28T05:03:46.54234467Z: Got resp RawContent:       [0] Url=http://echo/remove
        [0] Header=X-Header-Remove:val
        [0] Latency=3.296185ms
        [0] ActiveRequests=1
        [0] StatusCode=200
        [0] ResponseHeader=Content-Length:208
        [0] ResponseHeader=Content-Type:text/plain; charset=utf-8
        [0] ResponseHeader=Cross-Origin-Opener-Policy:same-origin
        [0] ResponseHeader=Date:Tue, 28 Jul 2026 05:03:46 GMT
        [0] ResponseHeader=Referrer-Policy:strict-origin-when-cross-origin
        [0] ResponseHeader=X-Content-Type-Options:nosniff
        [0] ResponseHeader=X-Frame-Options:DENY
        [0] ResponseHeader=X-Permitted-Cross-Domain-Policies:none
        [0 body] ServiceVersion=
        [0 body] ServicePort=8080
        [0 body] Host=echo
        [0 body] URL=/remove
        [0 body] Method=GET
        [0 body] Proto=HTTP/1.1
        [0 body] IP=10.244.0.8
        [0 body] RequestHeader=Accept-Encoding:gzip
        [0 body] RequestHeader=User-Agent:Go-http-client/1.1
        [0 body] Hostname=echo-v1-699dd9bfc7-g5xrx
        
        2026-07-28T05:03:46.524921Z	info	All requests succeeded
        
        ID:               
        Method:           GET
        Protocol:         HTTP/1.1
        Alpn:             
        URL:              /remove
        Version:          
        Port:             8080
        Code:             200
        Host:             echo
        Hostname:         echo-v1-699dd9bfc7-g5xrx
        Cluster:          
        IP:               10.244.0.8
        Request Headers:  map[Accept-Encoding:[gzip] User-Agent:[Go-http-client/1.1]]
        Response Headers: map[Content-Length:[208] Content-Type:[text/plain; charset=utf-8] Cross-Origin-Opener-Policy:[same-origin] Date:[Tue, 28 Jul 2026 05:03:46 GMT] Referrer-Policy:[strict-origin-when-cross-origin] X-Content-Type-Options:[nosniff] X-Frame-Options:[DENY] X-Permitted-Cross-Domain-Policies:[none]]
        
=== NAME  TestGatewayAPIConformance/MeshHTTPRouteRequestHeaderModifier/2_request_to_'/add'_with_headers_should_go_to_echo-v1
    pod.go:70: 2026-07-28T05:03:46.585467769Z: Got resp RawContent:       [0] Url=http://echo/add
        [0] Header=Some-Other-Header:val
        [0] Latency=7.765013ms
        [0] ActiveRequests=1
        [0] StatusCode=200
        [0] ResponseHeader=Content-Length:287
        [0] ResponseHeader=Content-Type:text/plain; charset=utf-8
        [0] ResponseHeader=Cross-Origin-Opener-Policy:same-origin
        [0] ResponseHeader=Date:Tue, 28 Jul 2026 05:03:46 GMT
        [0] ResponseHeader=Referrer-Policy:strict-origin-when-cross-origin
        [0] ResponseHeader=X-Content-Type-Options:nosniff
        [0] ResponseHeader=X-Frame-Options:DENY
        [0] ResponseHeader=X-Permitted-Cross-Domain-Policies:none
        [0 body] ServiceVersion=
        [0 body] ServicePort=8080
        [0 body] Host=echo
        [0 body] URL=/add
        [0 body] Method=GET
        [0 body] Proto=HTTP/1.1
        [0 body] IP=10.244.0.8
        [0 body] RequestHeader=Accept-Encoding:gzip
        [0 body] RequestHeader=Some-Other-Header:val
        [0 body] RequestHeader=User-Agent:Go-http-client/1.1
        [0 body] RequestHeader=X-Header-Add:add-appends-values
        [0 body] Hostname=echo-v1-699dd9bfc7-g5xrx
        
        2026-07-28T05:03:46.575542Z	info	All requests succeeded
        
        ID:               
        Method:           GET
        Protocol:         HTTP/1.1
        Alpn:             
        URL:              /add
        Version:          
        Port:             8080
        Code:             200
        Host:             echo
        Hostname:         echo-v1-699dd9bfc7-g5xrx
        Cluster:          
        IP:               10.244.0.8
        Request Headers:  map[Accept-Encoding:[gzip] Some-Other-Header:[val] User-Agent:[Go-http-client/1.1] X-Header-Add:[add-appends-values]]
        Response Headers: map[Content-Length:[287] Content-Type:[text/plain; charset=utf-8] Cross-Origin-Opener-Policy:[same-origin] Date:[Tue, 28 Jul 2026 05:03:46 GMT] Referrer-Policy:[strict-origin-when-cross-origin] X-Content-Type-Options:[nosniff] X-Frame-Options:[DENY] X-Permitted-Cross-Domain-Policies:[none]]
        
    httproute-request-header-modifier.go:209: 2026-07-28T05:03:46.58576432Z: Request passed
=== CONT  TestGatewayAPIConformance/MeshHTTPRouteRequestHeaderModifier/6_request_to_'/case-insensitivity'_with_headers_should_go_to_echo-v1
=== NAME  TestGatewayAPIConformance/MeshHTTPRouteRequestHeaderModifier/0_request_to_'/set'_with_headers_should_go_to_echo-v1
    pod.go:70: 2026-07-28T05:03:46.63766659Z: Got resp RawContent:       [0] Url=http://echo/set
        [0] Header=Some-Other-Header:val
        [0] Latency=6.185677ms
        [0] ActiveRequests=1
        [0] StatusCode=200
        [0] ResponseHeader=Content-Length:290
        [0] ResponseHeader=Content-Type:text/plain; charset=utf-8
        [0] ResponseHeader=Cross-Origin-Opener-Policy:same-origin
        [0] ResponseHeader=Date:Tue, 28 Jul 2026 05:03:46 GMT
        [0] ResponseHeader=Referrer-Policy:strict-origin-when-cross-origin
        [0] ResponseHeader=X-Content-Type-Options:nosniff
        [0] ResponseHeader=X-Frame-Options:DENY
        [0] ResponseHeader=X-Permitted-Cross-Domain-Policies:none
        [0 body] ServiceVersion=
        [0 body] ServicePort=8080
        [0 body] Host=echo
        [0 body] URL=/set
        [0 body] Method=GET
        [0 body] Proto=HTTP/1.1
        [0 body] IP=10.244.0.8
        [0 body] RequestHeader=Accept-Encoding:gzip
        [0 body] RequestHeader=Some-Other-Header:val
        [0 body] RequestHeader=User-Agent:Go-http-client/1.1
        [0 body] RequestHeader=X-Header-Set:set-overwrites-values
        [0 body] Hostname=echo-v1-699dd9bfc7-g5xrx
        
        2026-07-28T05:03:46.629078Z	info	All requests succeeded
        
        ID:               
        Method:           GET
        Protocol:         HTTP/1.1
        Alpn:             
        URL:              /set
        Version:          
        Port:             8080
        Code:             200
        Host:             echo
        Hostname:         echo-v1-699dd9bfc7-g5xrx
        Cluster:          
        IP:               10.244.0.8
        Request Headers:  map[Accept-Encoding:[gzip] Some-Other-Header:[val] User-Agent:[Go-http-client/1.1] X-Header-Set:[set-overwrites-values]]
        Response Headers: map[Content-Length:[290] Content-Type:[text/plain; charset=utf-8] Cross-Origin-Opener-Policy:[same-origin] Date:[Tue, 28 Jul 2026 05:03:46 GMT] Referrer-Policy:[strict-origin-when-cross-origin] X-Content-Type-Options:[nosniff] X-Frame-Options:[DENY] X-Permitted-Cross-Domain-Policies:[none]]
        
    httproute-request-header-modifier.go:209: 2026-07-28T05:03:46.638100956Z: Request passed
=== CONT  TestGatewayAPIConformance/MeshHTTPRouteRequestHeaderModifier/1_request_to_'/set'_with_headers_should_go_to_echo-v1
=== NAME  TestGatewayAPIConformance/MeshHTTPRouteRequestHeaderModifier/3_request_to_'/add'_with_headers_should_go_to_echo-v1
    pod.go:70: 2026-07-28T05:03:46.63919836Z: Got resp RawContent:       [0] Url=http://echo/add
        [0] Header=Some-Other-Header:val
        [0] Header=X-Header-Add:some-other-value
        [0] Latency=10.811771ms
        [0] ActiveRequests=1
        [0] StatusCode=200
        [0] ResponseHeader=Content-Length:331
        [0] ResponseHeader=Content-Type:text/plain; charset=utf-8
        [0] ResponseHeader=Cross-Origin-Opener-Policy:same-origin
        [0] ResponseHeader=Date:Tue, 28 Jul 2026 05:03:46 GMT
        [0] ResponseHeader=Referrer-Policy:strict-origin-when-cross-origin
        [0] ResponseHeader=X-Content-Type-Options:nosniff
        [0] ResponseHeader=X-Frame-Options:DENY
        [0] ResponseHeader=X-Permitted-Cross-Domain-Policies:none
        [0 body] ServiceVersion=
        [0 body] ServicePort=8080
        [0 body] Host=echo
        [0 body] URL=/add
        [0 body] Method=GET
        [0 body] Proto=HTTP/1.1
        [0 body] IP=10.244.0.8
        [0 body] RequestHeader=Accept-Encoding:gzip
        [0 body] RequestHeader=Some-Other-Header:val
        [0 body] RequestHeader=User-Agent:Go-http-client/1.1
        [0 body] RequestHeader=X-Header-Add:some-other-value
        [0 body] RequestHeader=X-Header-Add:add-appends-values
        [0 body] Hostname=echo-v1-699dd9bfc7-g5xrx
        
        2026-07-28T05:03:46.628411Z	info	All requests succeeded
        
        ID:               
        Method:           GET
        Protocol:         HTTP/1.1
        Alpn:             
        URL:              /add
        Version:          
        Port:             8080
        Code:             200
        Host:             echo
        Hostname:         echo-v1-699dd9bfc7-g5xrx
        Cluster:          
        IP:               10.244.0.8
        Request Headers:  map[Accept-Encoding:[gzip] Some-Other-Header:[val] User-Agent:[Go-http-client/1.1] X-Header-Add:[some-other-value add-appends-values]]
        Response Headers: map[Content-Length:[331] Content-Type:[text/plain; charset=utf-8] Cross-Origin-Opener-Policy:[same-origin] Date:[Tue, 28 Jul 2026 05:03:46 GMT] Referrer-Policy:[strict-origin-when-cross-origin] X-Content-Type-Options:[nosniff] X-Frame-Options:[DENY] X-Permitted-Cross-Domain-Policies:[none]]
        
    httproute-request-header-modifier.go:209: 2026-07-28T05:03:46.639531398Z: Request passed
=== CONT  TestGatewayAPIConformance/MeshHTTPRouteRequestHeaderModifier/5_request_to_'/multiple'_with_headers_should_go_to_echo-v1
=== NAME  TestGatewayAPIConformance/MeshHTTPRouteRequestHeaderModifier/6_request_to_'/case-insensitivity'_with_headers_should_go_to_echo-v1
    pod.go:70: 2026-07-28T05:03:46.758700134Z: Got resp RawContent:       [0] Url=http://echo/case-insensitivity
        [0] Header=x-header-set:original-val-set
        [0] Header=x-header-add:original-val-add
        [0] Header=x-header-remove:original-val-remove
        [0] Header=Another-Header:another-header-val
        [0] Latency=95.089505ms
        [0] ActiveRequests=1
        [0] StatusCode=200
        [0] ResponseHeader=Content-Length:388
        [0] ResponseHeader=Content-Type:text/plain; charset=utf-8
        [0] ResponseHeader=Cross-Origin-Opener-Policy:same-origin
        [0] ResponseHeader=Date:Tue, 28 Jul 2026 05:03:46 GMT
        [0] ResponseHeader=Referrer-Policy:strict-origin-when-cross-origin
        [0] ResponseHeader=X-Content-Type-Options:nosniff
        [0] ResponseHeader=X-Frame-Options:DENY
        [0] ResponseHeader=X-Permitted-Cross-Domain-Policies:none
        [0 body] ServiceVersion=
        [0 body] ServicePort=8080
        [0 body] Host=echo
        [0 body] URL=/case-insensitivity
        [0 body] Method=GET
        [0 body] Proto=HTTP/1.1
        [0 body] IP=10.244.0.8
        [0 body] RequestHeader=Accept-Encoding:gzip
        [0 body] RequestHeader=Another-Header:another-header-val
        [0 body] RequestHeader=User-Agent:Go-http-client/1.1
        [0 body] RequestHeader=X-Header-Add:original-val-add
        [0 body] RequestHeader=X-Header-Add:header-add
        [0 body] RequestHeader=X-Header-Set:header-set
        [0 body] Hostname=echo-v1-699dd9bfc7-g5xrx
        
        2026-07-28T05:03:46.752066Z	info	All requests succeeded
        
        ID:               
        Method:           GET
        Protocol:         HTTP/1.1
        Alpn:             
        URL:              /case-insensitivity
        Version:          
        Port:             8080
        Code:             200
        Host:             echo
        Hostname:         echo-v1-699dd9bfc7-g5xrx
        Cluster:          
        IP:               10.244.0.8
        Request Headers:  map[Accept-Encoding:[gzip] Another-Header:[another-header-val] User-Agent:[Go-http-client/1.1] X-Header-Add:[original-val-add header-add] X-Header-Set:[header-set]]
        Response Headers: map[Content-Length:[388] Content-Type:[text/plain; charset=utf-8] Cross-Origin-Opener-Policy:[same-origin] Date:[Tue, 28 Jul 2026 05:03:46 GMT] Referrer-Policy:[strict-origin-when-cross-origin] X-Content-Type-Options:[nosniff] X-Frame-Options:[DENY] X-Permitted-Cross-Domain-Policies:[none]]
        
=== NAME  TestGatewayAPIConformance/MeshHTTPRouteRequestHeaderModifier/5_request_to_'/multiple'_with_headers_should_go_to_echo-v1
    pod.go:70: 2026-07-28T05:03:46.758700162Z: Got resp RawContent:       [0] Url=http://echo/multiple
        [0] Header=X-Header-Add-2:add-val-2
        [0] Header=X-Header-Remove-2:remove-val-2
        [0] Header=Another-Header:another-header-val
        [0] Header=X-Header-Set-2:set-val-2
        [0] Latency=43.640728ms
        [0] ActiveRequests=1
        [0] StatusCode=200
        [0] ResponseHeader=Content-Length:507
        [0] ResponseHeader=Content-Type:text/plain; charset=utf-8
        [0] ResponseHeader=Cross-Origin-Opener-Policy:same-origin
        [0] ResponseHeader=Date:Tue, 28 Jul 2026 05:03:46 GMT
        [0] ResponseHeader=Referrer-Policy:strict-origin-when-cross-origin
        [0] ResponseHeader=X-Content-Type-Options:nosniff
        [0] ResponseHeader=X-Frame-Options:DENY
        [0] ResponseHeader=X-Permitted-Cross-Domain-Policies:none
        [0 body] ServiceVersion=
        [0 body] ServicePort=8080
        [0 body] Host=echo
        [0 body] URL=/multiple
        [0 body] Method=GET
        [0 body] Proto=HTTP/1.1
        [0 body] IP=10.244.0.8
        [0 body] RequestHeader=Accept-Encoding:gzip
        [0 body] RequestHeader=Another-Header:another-header-val
        [0 body] RequestHeader=User-Agent:Go-http-client/1.1
        [0 body] RequestHeader=X-Header-Add-1:header-add-1
        [0 body] RequestHeader=X-Header-Add-2:add-val-2
        [0 body] RequestHeader=X-Header-Add-2:header-add-2
        [0 body] RequestHeader=X-Header-Add-3:header-add-3
        [0 body] RequestHeader=X-Header-Set-1:header-set-1
        [0 body] RequestHeader=X-Header-Set-2:header-set-2
        [0 body] Hostname=echo-v1-699dd9bfc7-g5xrx
        
        2026-07-28T05:03:46.752526Z	info	All requests succeeded
        
        ID:               
        Method:           GET
        Protocol:         HTTP/1.1
        Alpn:             
        URL:              /multiple
        Version:          
        Port:             8080
        Code:             200
        Host:             echo
        Hostname:         echo-v1-699dd9bfc7-g5xrx
        Cluster:          
        IP:               10.244.0.8
        Request Headers:  map[Accept-Encoding:[gzip] Another-Header:[another-header-val] User-Agent:[Go-http-client/1.1] X-Header-Add-1:[header-add-1] X-Header-Add-2:[add-val-2 header-add-2] X-Header-Add-3:[header-add-3] X-Header-Set-1:[header-set-1] X-Header-Set-2:[header-set-2]]
        Response Headers: map[Content-Length:[507] Content-Type:[text/plain; charset=utf-8] Cross-Origin-Opener-Policy:[same-origin] Date:[Tue, 28 Jul 2026 05:03:46 GMT] Referrer-Policy:[strict-origin-when-cross-origin] X-Content-Type-Options:[nosniff] X-Frame-Options:[DENY] X-Permitted-Cross-Domain-Policies:[none]]
        
=== NAME  TestGatewayAPIConformance/MeshHTTPRouteRequestHeaderModifier/1_request_to_'/set'_with_headers_should_go_to_echo-v1
    pod.go:70: 2026-07-28T05:03:46.76045664Z: Got resp RawContent:       [0] Url=http://echo/set
        [0] Header=X-Header-Set:some-other-value
        [0] Header=Some-Other-Header:val
        [0] Latency=41.540785ms
        [0] ActiveRequests=1
        [0] StatusCode=200
        [0] ResponseHeader=Content-Length:290
        [0] ResponseHeader=Content-Type:text/plain; charset=utf-8
        [0] ResponseHeader=Cross-Origin-Opener-Policy:same-origin
        [0] ResponseHeader=Date:Tue, 28 Jul 2026 05:03:46 GMT
        [0] ResponseHeader=Referrer-Policy:strict-origin-when-cross-origin
        [0] ResponseHeader=X-Content-Type-Options:nosniff
        [0] ResponseHeader=X-Frame-Options:DENY
        [0] ResponseHeader=X-Permitted-Cross-Domain-Policies:none
        [0 body] ServiceVersion=
        [0 body] ServicePort=8080
        [0 body] Host=echo
        [0 body] URL=/set
        [0 body] Method=GET
        [0 body] Proto=HTTP/1.1
        [0 body] IP=10.244.0.8
        [0 body] RequestHeader=Accept-Encoding:gzip
        [0 body] RequestHeader=Some-Other-Header:val
        [0 body] RequestHeader=User-Agent:Go-http-client/1.1
        [0 body] RequestHeader=X-Header-Set:set-overwrites-values
        [0 body] Hostname=echo-v1-699dd9bfc7-g5xrx
        
        2026-07-28T05:03:46.753123Z	info	All requests succeeded
        
        ID:               
        Method:           GET
        Protocol:         HTTP/1.1
        Alpn:             
        URL:              /set
        Version:          
        Port:             8080
        Code:             200
        Host:             echo
        Hostname:         echo-v1-699dd9bfc7-g5xrx
        Cluster:          
        IP:               10.244.0.8
        Request Headers:  map[Accept-Encoding:[gzip] Some-Other-Header:[val] User-Agent:[Go-http-client/1.1] X-Header-Set:[set-overwrites-values]]
        Response Headers: map[Content-Length:[290] Content-Type:[text/plain; charset=utf-8] Cross-Origin-Opener-Policy:[same-origin] Date:[Tue, 28 Jul 2026 05:03:46 GMT] Referrer-Policy:[strict-origin-when-cross-origin] X-Content-Type-Options:[nosniff] X-Frame-Options:[DENY] X-Permitted-Cross-Domain-Policies:[none]]
        
=== NAME  TestGatewayAPIConformance/MeshHTTPRouteRequestHeaderModifier/4_request_to_'/remove'_with_headers_should_go_to_echo-v1
    pod.go:70: 2026-07-28T05:03:46.76293806Z: Got resp RawContent:       [0] Url=http://echo/remove
        [0] Header=X-Header-Remove:val
        [0] Latency=104.975986ms
        [0] ActiveRequests=1
        [0] StatusCode=200
        [0] ResponseHeader=Content-Length:208
        [0] ResponseHeader=Content-Type:text/plain; charset=utf-8
        [0] ResponseHeader=Cross-Origin-Opener-Policy:same-origin
        [0] ResponseHeader=Date:Tue, 28 Jul 2026 05:03:46 GMT
        [0] ResponseHeader=Referrer-Policy:strict-origin-when-cross-origin
        [0] ResponseHeader=X-Content-Type-Options:nosniff
        [0] ResponseHeader=X-Frame-Options:DENY
        [0] ResponseHeader=X-Permitted-Cross-Domain-Policies:none
        [0 body] ServiceVersion=
        [0 body] ServicePort=8080
        [0 body] Host=echo
        [0 body] URL=/remove
        [0 body] Method=GET
        [0 body] Proto=HTTP/1.1
        [0 body] IP=10.244.0.8
        [0 body] RequestHeader=Accept-Encoding:gzip
        [0 body] RequestHeader=User-Agent:Go-http-client/1.1
        [0 body] Hostname=echo-v1-699dd9bfc7-g5xrx
        
        2026-07-28T05:03:46.753726Z	info	All requests succeeded
        
        ID:               
        Method:           GET
        Protocol:         HTTP/1.1
        Alpn:             
        URL:              /remove
        Version:          
        Port:             8080
        Code:             200
        Host:             echo
        Hostname:         echo-v1-699dd9bfc7-g5xrx
        Cluster:          
        IP:               10.244.0.8
        Request Headers:  map[Accept-Encoding:[gzip] User-Agent:[Go-http-client/1.1]]
        Response Headers: map[Content-Length:[208] Content-Type:[text/plain; charset=utf-8] Cross-Origin-Opener-Policy:[same-origin] Date:[Tue, 28 Jul 2026 05:03:46 GMT] Referrer-Policy:[strict-origin-when-cross-origin] X-Content-Type-Options:[nosniff] X-Frame-Options:[DENY] X-Permitted-Cross-Domain-Policies:[none]]
        
    httproute-request-header-modifier.go:209: 2026-07-28T05:03:46.764126616Z: Request passed
=== NAME  TestGatewayAPIConformance/MeshHTTPRouteRequestHeaderModifier/1_request_to_'/set'_with_headers_should_go_to_echo-v1
    pod.go:70: 2026-07-28T05:03:46.832383118Z: Got resp RawContent:       [0] Url=http://echo/set
        [0] Header=Some-Other-Header:val
        [0] Header=X-Header-Set:some-other-value
        [0] Latency=3.902581ms
        [0] ActiveRequests=1
        [0] StatusCode=200
        [0] ResponseHeader=Content-Length:290
        [0] ResponseHeader=Content-Type:text/plain; charset=utf-8
        [0] ResponseHeader=Cross-Origin-Opener-Policy:same-origin
        [0] ResponseHeader=Date:Tue, 28 Jul 2026 05:03:46 GMT
        [0] ResponseHeader=Referrer-Policy:strict-origin-when-cross-origin
        [0] ResponseHeader=X-Content-Type-Options:nosniff
        [0] ResponseHeader=X-Frame-Options:DENY
        [0] ResponseHeader=X-Permitted-Cross-Domain-Policies:none
        [0 body] ServiceVersion=
        [0 body] ServicePort=8080
        [0 body] Host=echo
        [0 body] URL=/set
        [0 body] Method=GET
        [0 body] Proto=HTTP/1.1
        [0 body] IP=10.244.0.8
        [0 body] RequestHeader=Accept-Encoding:gzip
        [0 body] RequestHeader=Some-Other-Header:val
        [0 body] RequestHeader=User-Agent:Go-http-client/1.1
        [0 body] RequestHeader=X-Header-Set:set-overwrites-values
        [0 body] Hostname=echo-v1-699dd9bfc7-g5xrx
        
        2026-07-28T05:03:46.826627Z	info	All requests succeeded
        
        ID:               
        Method:           GET
        Protocol:         HTTP/1.1
        Alpn:             
        URL:              /set
        Version:          
        Port:             8080
        Code:             200
        Host:             echo
        Hostname:         echo-v1-699dd9bfc7-g5xrx
        Cluster:          
        IP:               10.244.0.8
        Request Headers:  map[Accept-Encoding:[gzip] Some-Other-Header:[val] User-Agent:[Go-http-client/1.1] X-Header-Set:[set-overwrites-values]]
        Response Headers: map[Content-Length:[290] Content-Type:[text/plain; charset=utf-8] Cross-Origin-Opener-Policy:[same-origin] Date:[Tue, 28 Jul 2026 05:03:46 GMT] Referrer-Policy:[strict-origin-when-cross-origin] X-Content-Type-Options:[nosniff] X-Frame-Options:[DENY] X-Permitted-Cross-Domain-Policies:[none]]
        
=== NAME  TestGatewayAPIConformance/MeshHTTPRouteRequestHeaderModifier/5_request_to_'/multiple'_with_headers_should_go_to_echo-v1
    pod.go:70: 2026-07-28T05:03:46.838395378Z: Got resp RawContent:       [0] Url=http://echo/multiple
        [0] Header=X-Header-Set-2:set-val-2
        [0] Header=X-Header-Add-2:add-val-2
        [0] Header=X-Header-Remove-2:remove-val-2
        [0] Header=Another-Header:another-header-val
        [0] Latency=5.70152ms
        [0] ActiveRequests=1
        [0] StatusCode=200
        [0] ResponseHeader=Content-Length:507
        [0] ResponseHeader=Content-Type:text/plain; charset=utf-8
        [0] ResponseHeader=Cross-Origin-Opener-Policy:same-origin
        [0] ResponseHeader=Date:Tue, 28 Jul 2026 05:03:46 GMT
        [0] ResponseHeader=Referrer-Policy:strict-origin-when-cross-origin
        [0] ResponseHeader=X-Content-Type-Options:nosniff
        [0] ResponseHeader=X-Frame-Options:DENY
        [0] ResponseHeader=X-Permitted-Cross-Domain-Policies:none
        [0 body] ServiceVersion=
        [0 body] ServicePort=8080
        [0 body] Host=echo
        [0 body] URL=/multiple
        [0 body] Method=GET
        [0 body] Proto=HTTP/1.1
        [0 body] IP=10.244.0.8
        [0 body] RequestHeader=Accept-Encoding:gzip
        [0 body] RequestHeader=Another-Header:another-header-val
        [0 body] RequestHeader=User-Agent:Go-http-client/1.1
        [0 body] RequestHeader=X-Header-Add-1:header-add-1
        [0 body] RequestHeader=X-Header-Add-2:add-val-2
        [0 body] RequestHeader=X-Header-Add-2:header-add-2
        [0 body] RequestHeader=X-Header-Add-3:header-add-3
        [0 body] RequestHeader=X-Header-Set-1:header-set-1
        [0 body] RequestHeader=X-Header-Set-2:header-set-2
        [0 body] Hostname=echo-v1-699dd9bfc7-g5xrx
        
        2026-07-28T05:03:46.832081Z	info	All requests succeeded
        
        ID:               
        Method:           GET
        Protocol:         HTTP/1.1
        Alpn:             
        URL:              /multiple
        Version:          
        Port:             8080
        Code:             200
        Host:             echo
        Hostname:         echo-v1-699dd9bfc7-g5xrx
        Cluster:          
        IP:               10.244.0.8
        Request Headers:  map[Accept-Encoding:[gzip] Another-Header:[another-header-val] User-Agent:[Go-http-client/1.1] X-Header-Add-1:[header-add-1] X-Header-Add-2:[add-val-2 header-add-2] X-Header-Add-3:[header-add-3] X-Header-Set-1:[header-set-1] X-Header-Set-2:[header-set-2]]
        Response Headers: map[Content-Length:[507] Content-Type:[text/plain; charset=utf-8] Cross-Origin-Opener-Policy:[same-origin] Date:[Tue, 28 Jul 2026 05:03:46 GMT] Referrer-Policy:[strict-origin-when-cross-origin] X-Content-Type-Options:[nosniff] X-Frame-Options:[DENY] X-Permitted-Cross-Domain-Policies:[none]]
        
=== NAME  TestGatewayAPIConformance/MeshHTTPRouteRequestHeaderModifier/6_request_to_'/case-insensitivity'_with_headers_should_go_to_echo-v1
    pod.go:70: 2026-07-28T05:03:46.845060995Z: Got resp RawContent:       [0] Url=http://echo/case-insensitivity
        [0] Header=Another-Header:another-header-val
        [0] Header=x-header-set:original-val-set
        [0] Header=x-header-add:original-val-add
        [0] Header=x-header-remove:original-val-remove
        [0] Latency=7.337452ms
        [0] ActiveRequests=1
        [0] StatusCode=200
        [0] ResponseHeader=Content-Length:388
        [0] ResponseHeader=Content-Type:text/plain; charset=utf-8
        [0] ResponseHeader=Cross-Origin-Opener-Policy:same-origin
        [0] ResponseHeader=Date:Tue, 28 Jul 2026 05:03:46 GMT
        [0] ResponseHeader=Referrer-Policy:strict-origin-when-cross-origin
        [0] ResponseHeader=X-Content-Type-Options:nosniff
        [0] ResponseHeader=X-Frame-Options:DENY
        [0] ResponseHeader=X-Permitted-Cross-Domain-Policies:none
        [0 body] ServiceVersion=
        [0 body] ServicePort=8080
        [0 body] Host=echo
        [0 body] URL=/case-insensitivity
        [0 body] Method=GET
        [0 body] Proto=HTTP/1.1
        [0 body] IP=10.244.0.8
        [0 body] RequestHeader=Accept-Encoding:gzip
        [0 body] RequestHeader=Another-Header:another-header-val
        [0 body] RequestHeader=User-Agent:Go-http-client/1.1
        [0 body] RequestHeader=X-Header-Add:original-val-add
        [0 body] RequestHeader=X-Header-Add:header-add
        [0 body] RequestHeader=X-Header-Set:header-set
        [0 body] Hostname=echo-v1-699dd9bfc7-g5xrx
        
        2026-07-28T05:03:46.832488Z	info	All requests succeeded
        
        ID:               
        Method:           GET
        Protocol:         HTTP/1.1
        Alpn:             
        URL:              /case-insensitivity
        Version:          
        Port:             8080
        Code:             200
        Host:             echo
        Hostname:         echo-v1-699dd9bfc7-g5xrx
        Cluster:          
        IP:               10.244.0.8
        Request Headers:  map[Accept-Encoding:[gzip] Another-Header:[another-header-val] User-Agent:[Go-http-client/1.1] X-Header-Add:[original-val-add header-add] X-Header-Set:[header-set]]
        Response Headers: map[Content-Length:[388] Content-Type:[text/plain; charset=utf-8] Cross-Origin-Opener-Policy:[same-origin] Date:[Tue, 28 Jul 2026 05:03:46 GMT] Referrer-Policy:[strict-origin-when-cross-origin] X-Content-Type-Options:[nosniff] X-Frame-Options:[DENY] X-Permitted-Cross-Domain-Policies:[none]]
        
=== NAME  TestGatewayAPIConformance/MeshHTTPRouteRequestHeaderModifier/5_request_to_'/multiple'_with_headers_should_go_to_echo-v1
    pod.go:70: 2026-07-28T05:03:46.906065831Z: Got resp RawContent:       [0] Url=http://echo/multiple
        [0] Header=X-Header-Remove-2:remove-val-2
        [0] Header=Another-Header:another-header-val
        [0] Header=X-Header-Set-2:set-val-2
        [0] Header=X-Header-Add-2:add-val-2
        [0] Latency=3.986597ms
        [0] ActiveRequests=1
        [0] StatusCode=200
        [0] ResponseHeader=Content-Length:507
        [0] ResponseHeader=Content-Type:text/plain; charset=utf-8
        [0] ResponseHeader=Cross-Origin-Opener-Policy:same-origin
        [0] ResponseHeader=Date:Tue, 28 Jul 2026 05:03:46 GMT
        [0] ResponseHeader=Referrer-Policy:strict-origin-when-cross-origin
        [0] ResponseHeader=X-Content-Type-Options:nosniff
        [0] ResponseHeader=X-Frame-Options:DENY
        [0] ResponseHeader=X-Permitted-Cross-Domain-Policies:none
        [0 body] ServiceVersion=
        [0 body] ServicePort=8080
        [0 body] Host=echo
        [0 body] URL=/multiple
        [0 body] Method=GET
        [0 body] Proto=HTTP/1.1
        [0 body] IP=10.244.0.8
        [0 body] RequestHeader=Accept-Encoding:gzip
        [0 body] RequestHeader=Another-Header:another-header-val
        [0 body] RequestHeader=User-Agent:Go-http-client/1.1
        [0 body] RequestHeader=X-Header-Add-1:header-add-1
        [0 body] RequestHeader=X-Header-Add-2:add-val-2
        [0 body] RequestHeader=X-Header-Add-2:header-add-2
        [0 body] RequestHeader=X-Header-Add-3:header-add-3
        [0 body] RequestHeader=X-Header-Set-1:header-set-1
        [0 body] RequestHeader=X-Header-Set-2:header-set-2
        [0 body] Hostname=echo-v1-699dd9bfc7-g5xrx
        
        2026-07-28T05:03:46.900340Z	info	All requests succeeded
        
        ID:               
        Method:           GET
        Protocol:         HTTP/1.1
        Alpn:             
        URL:              /multiple
        Version:          
        Port:             8080
        Code:             200
        Host:             echo
        Hostname:         echo-v1-699dd9bfc7-g5xrx
        Cluster:          
        IP:               10.244.0.8
        Request Headers:  map[Accept-Encoding:[gzip] Another-Header:[another-header-val] User-Agent:[Go-http-client/1.1] X-Header-Add-1:[header-add-1] X-Header-Add-2:[add-val-2 header-add-2] X-Header-Add-3:[header-add-3] X-Header-Set-1:[header-set-1] X-Header-Set-2:[header-set-2]]
        Response Headers: map[Content-Length:[507] Content-Type:[text/plain; charset=utf-8] Cross-Origin-Opener-Policy:[same-origin] Date:[Tue, 28 Jul 2026 05:03:46 GMT] Referrer-Policy:[strict-origin-when-cross-origin] X-Content-Type-Options:[nosniff] X-Frame-Options:[DENY] X-Permitted-Cross-Domain-Policies:[none]]
        
    httproute-request-header-modifier.go:209: 2026-07-28T05:03:46.907058072Z: Request passed
=== NAME  TestGatewayAPIConformance/MeshHTTPRouteRequestHeaderModifier/1_request_to_'/set'_with_headers_should_go_to_echo-v1
    pod.go:70: 2026-07-28T05:03:46.908453523Z: Got resp RawContent:       [0] Url=http://echo/set
        [0] Header=X-Header-Set:some-other-value
        [0] Header=Some-Other-Header:val
        [0] Latency=3.826151ms
        [0] ActiveRequests=1
        [0] StatusCode=200
        [0] ResponseHeader=Content-Length:290
        [0] ResponseHeader=Content-Type:text/plain; charset=utf-8
        [0] ResponseHeader=Cross-Origin-Opener-Policy:same-origin
        [0] ResponseHeader=Date:Tue, 28 Jul 2026 05:03:46 GMT
        [0] ResponseHeader=Referrer-Policy:strict-origin-when-cross-origin
        [0] ResponseHeader=X-Content-Type-Options:nosniff
        [0] ResponseHeader=X-Frame-Options:DENY
        [0] ResponseHeader=X-Permitted-Cross-Domain-Policies:none
        [0 body] ServiceVersion=
        [0 body] ServicePort=8080
        [0 body] Host=echo
        [0 body] URL=/set
        [0 body] Method=GET
        [0 body] Proto=HTTP/1.1
        [0 body] IP=10.244.0.8
        [0 body] RequestHeader=Accept-Encoding:gzip
        [0 body] RequestHeader=Some-Other-Header:val
        [0 body] RequestHeader=User-Agent:Go-http-client/1.1
        [0 body] RequestHeader=X-Header-Set:set-overwrites-values
        [0 body] Hostname=echo-v1-699dd9bfc7-g5xrx
        
        2026-07-28T05:03:46.901423Z	info	All requests succeeded
        
        ID:               
        Method:           GET
        Protocol:         HTTP/1.1
        Alpn:             
        URL:              /set
        Version:          
        Port:             8080
        Code:             200
        Host:             echo
        Hostname:         echo-v1-699dd9bfc7-g5xrx
        Cluster:          
        IP:               10.244.0.8
        Request Headers:  map[Accept-Encoding:[gzip] Some-Other-Header:[val] User-Agent:[Go-http-client/1.1] X-Header-Set:[set-overwrites-values]]
        Response Headers: map[Content-Length:[290] Content-Type:[text/plain; charset=utf-8] Cross-Origin-Opener-Policy:[same-origin] Date:[Tue, 28 Jul 2026 05:03:46 GMT] Referrer-Policy:[strict-origin-when-cross-origin] X-Content-Type-Options:[nosniff] X-Frame-Options:[DENY] X-Permitted-Cross-Domain-Policies:[none]]
        
    httproute-request-header-modifier.go:209: 2026-07-28T05:03:46.908568015Z: Request passed
=== NAME  TestGatewayAPIConformance/MeshHTTPRouteRequestHeaderModifier/6_request_to_'/case-insensitivity'_with_headers_should_go_to_echo-v1
    pod.go:70: 2026-07-28T05:03:46.916308619Z: Got resp RawContent:       [0] Url=http://echo/case-insensitivity
        [0] Header=x-header-remove:original-val-remove
        [0] Header=Another-Header:another-header-val
        [0] Header=x-header-set:original-val-set
        [0] Header=x-header-add:original-val-add
        [0] Latency=3.290158ms
        [0] ActiveRequests=1
        [0] StatusCode=200
        [0] ResponseHeader=Content-Length:388
        [0] ResponseHeader=Content-Type:text/plain; charset=utf-8
        [0] ResponseHeader=Cross-Origin-Opener-Policy:same-origin
        [0] ResponseHeader=Date:Tue, 28 Jul 2026 05:03:46 GMT
        [0] ResponseHeader=Referrer-Policy:strict-origin-when-cross-origin
        [0] ResponseHeader=X-Content-Type-Options:nosniff
        [0] ResponseHeader=X-Frame-Options:DENY
        [0] ResponseHeader=X-Permitted-Cross-Domain-Policies:none
        [0 body] ServiceVersion=
        [0 body] ServicePort=8080
        [0 body] Host=echo
        [0 body] URL=/case-insensitivity
        [0 body] Method=GET
        [0 body] Proto=HTTP/1.1
        [0 body] IP=10.244.0.8
        [0 body] RequestHeader=Accept-Encoding:gzip
        [0 body] RequestHeader=Another-Header:another-header-val
        [0 body] RequestHeader=User-Agent:Go-http-client/1.1
        [0 body] RequestHeader=X-Header-Add:original-val-add
        [0 body] RequestHeader=X-Header-Add:header-add
        [0 body] RequestHeader=X-Header-Set:header-set
        [0 body] Hostname=echo-v1-699dd9bfc7-g5xrx
        
        2026-07-28T05:03:46.911819Z	info	All requests succeeded
        
        ID:               
        Method:           GET
        Protocol:         HTTP/1.1
        Alpn:             
        URL:              /case-insensitivity
        Version:          
        Port:             8080
        Code:             200
        Host:             echo
        Hostname:         echo-v1-699dd9bfc7-g5xrx
        Cluster:          
        IP:               10.244.0.8
        Request Headers:  map[Accept-Encoding:[gzip] Another-Header:[another-header-val] User-Agent:[Go-http-client/1.1] X-Header-Add:[original-val-add header-add] X-Header-Set:[header-set]]
        Response Headers: map[Content-Length:[388] Content-Type:[text/plain; charset=utf-8] Cross-Origin-Opener-Policy:[same-origin] Date:[Tue, 28 Jul 2026 05:03:46 GMT] Referrer-Policy:[strict-origin-when-cross-origin] X-Content-Type-Options:[nosniff] X-Frame-Options:[DENY] X-Permitted-Cross-Domain-Policies:[none]]
        
    httproute-request-header-modifier.go:209: 2026-07-28T05:03:46.916675169Z: Request passed
=== NAME  TestGatewayAPIConformance/MeshHTTPRouteRequestHeaderModifier
    apply.go:283: 2026-07-28T05:03:46.916737074Z: Deleting mesh-request-header-modifier HTTPRoute
=== NAME  TestGatewayAPIConformance
    suite.go:504: 2026-07-28T05:03:46.92259535Z: Sleeping 10s for test isolation
=== RUN   TestGatewayAPIConformance/MeshHTTPRouteBackendRequestHeaderModifier
    conformance.go:70: 2026-07-28T05:03:56.928213216Z: Applying tests/mesh/httproute-request-header-modifier-backend.yaml
    apply.go:275: 2026-07-28T05:03:56.933929314Z: Creating mesh-request-header-modifier HTTPRoute
    conformance.go:75: 2026-07-28T05:03:56.943368499Z: Running MeshHTTPRouteBackendRequestHeaderModifier, relying on the following features: Mesh-standard, HTTPRoute-standard, MeshHTTPRouteBackendRequestHeaderModification-standard
=== RUN   TestGatewayAPIConformance/MeshHTTPRouteBackendRequestHeaderModifier/0_request_to_'/set'_with_headers_should_go_to_echo-v1
=== PAUSE TestGatewayAPIConformance/MeshHTTPRouteBackendRequestHeaderModifier/0_request_to_'/set'_with_headers_should_go_to_echo-v1
=== RUN   TestGatewayAPIConformance/MeshHTTPRouteBackendRequestHeaderModifier/1_request_to_'/set'_with_headers_should_go_to_echo-v1
=== PAUSE TestGatewayAPIConformance/MeshHTTPRouteBackendRequestHeaderModifier/1_request_to_'/set'_with_headers_should_go_to_echo-v1
=== RUN   TestGatewayAPIConformance/MeshHTTPRouteBackendRequestHeaderModifier/2_request_to_'/add'_with_headers_should_go_to_echo-v1
=== PAUSE TestGatewayAPIConformance/MeshHTTPRouteBackendRequestHeaderModifier/2_request_to_'/add'_with_headers_should_go_to_echo-v1
=== RUN   TestGatewayAPIConformance/MeshHTTPRouteBackendRequestHeaderModifier/3_request_to_'/add'_with_headers_should_go_to_echo-v1
=== PAUSE TestGatewayAPIConformance/MeshHTTPRouteBackendRequestHeaderModifier/3_request_to_'/add'_with_headers_should_go_to_echo-v1
=== RUN   TestGatewayAPIConformance/MeshHTTPRouteBackendRequestHeaderModifier/4_request_to_'/remove'_with_headers_should_go_to_echo-v1
=== PAUSE TestGatewayAPIConformance/MeshHTTPRouteBackendRequestHeaderModifier/4_request_to_'/remove'_with_headers_should_go_to_echo-v1
=== RUN   TestGatewayAPIConformance/MeshHTTPRouteBackendRequestHeaderModifier/5_request_to_'/multiple'_with_headers_should_go_to_echo-v1
=== PAUSE TestGatewayAPIConformance/MeshHTTPRouteBackendRequestHeaderModifier/5_request_to_'/multiple'_with_headers_should_go_to_echo-v1
=== RUN   TestGatewayAPIConformance/MeshHTTPRouteBackendRequestHeaderModifier/6_request_to_'/case-insensitivity'_with_headers_should_go_to_echo-v1
=== PAUSE TestGatewayAPIConformance/MeshHTTPRouteBackendRequestHeaderModifier/6_request_to_'/case-insensitivity'_with_headers_should_go_to_echo-v1
=== CONT  TestGatewayAPIConformance/MeshHTTPRouteBackendRequestHeaderModifier/0_request_to_'/set'_with_headers_should_go_to_echo-v1
=== CONT  TestGatewayAPIConformance/MeshHTTPRouteBackendRequestHeaderModifier/4_request_to_'/remove'_with_headers_should_go_to_echo-v1
=== CONT  TestGatewayAPIConformance/MeshHTTPRouteBackendRequestHeaderModifier/6_request_to_'/case-insensitivity'_with_headers_should_go_to_echo-v1
=== CONT  TestGatewayAPIConformance/MeshHTTPRouteBackendRequestHeaderModifier/5_request_to_'/multiple'_with_headers_should_go_to_echo-v1
=== NAME  TestGatewayAPIConformance/MeshHTTPRouteBackendRequestHeaderModifier/6_request_to_'/case-insensitivity'_with_headers_should_go_to_echo-v1
    pod.go:70: 2026-07-28T05:03:57.212637499Z: Got resp RawContent:       [0] Url=http://echo/case-insensitivity
        [0] Header=x-header-set:original-val-set
        [0] Header=x-header-add:original-val-add
        [0] Header=x-header-remove:original-val-remove
        [0] Header=Another-Header:another-header-val
        [0] Latency=8.904596ms
        [0] ActiveRequests=1
        [0] StatusCode=200
        [0] ResponseHeader=Content-Length:437
        [0] ResponseHeader=Content-Type:text/plain; charset=utf-8
        [0] ResponseHeader=Date:Tue, 28 Jul 2026 05:03:57 GMT
        [0 body] ServiceVersion=
        [0 body] ServicePort=8080
        [0 body] Host=echo
        [0 body] URL=/case-insensitivity
        [0 body] Method=GET
        [0 body] Proto=HTTP/1.1
        [0 body] IP=10.244.0.1
        [0 body] RequestHeader=Accept-Encoding:gzip
        [0 body] RequestHeader=Another-Header:another-header-val
        [0 body] RequestHeader=Connection:close
        [0 body] RequestHeader=User-Agent:Go-http-client/1.1
        [0 body] RequestHeader=X-Header-Add:original-val-add
        [0 body] RequestHeader=X-Header-Remove:original-val-remove
        [0 body] RequestHeader=X-Header-Set:original-val-set
        [0 body] Hostname=echo-v1-699dd9bfc7-g5xrx
        
        2026-07-28T05:03:57.206376Z	info	All requests succeeded
        
        ID:               
        Method:           GET
        Protocol:         HTTP/1.1
        Alpn:             
        URL:              /case-insensitivity
        Version:          
        Port:             8080
        Code:             200
        Host:             echo
        Hostname:         echo-v1-699dd9bfc7-g5xrx
        Cluster:          
        IP:               10.244.0.1
        Request Headers:  map[Accept-Encoding:[gzip] Another-Header:[another-header-val] Connection:[close] User-Agent:[Go-http-client/1.1] X-Header-Add:[original-val-add] X-Header-Remove:[original-val-remove] X-Header-Set:[original-val-set]]
        Response Headers: map[Content-Length:[437] Content-Type:[text/plain; charset=utf-8] Date:[Tue, 28 Jul 2026 05:03:57 GMT]]
        
    pod.go:72: 2026-07-28T05:03:57.212839243Z: Response expectation failed for request: [client http://echo/case-insensitivity -H x-header-set:original-val-set -H x-header-add:original-val-add -H x-header-remove:original-val-remove -H Another-Header:another-header-val]  not ready yet: expected X-Header-Set header to be set to header-set, got original-val-set (after 1.242µs)
=== NAME  TestGatewayAPIConformance/MeshHTTPRouteBackendRequestHeaderModifier/5_request_to_'/multiple'_with_headers_should_go_to_echo-v1
    pod.go:70: 2026-07-28T05:03:57.221367264Z: Got resp RawContent:       [0] Url=http://echo/multiple
        [0] Header=X-Header-Add-2:add-val-2
        [0] Header=X-Header-Remove-2:remove-val-2
        [0] Header=Another-Header:another-header-val
        [0] Header=X-Header-Set-2:set-val-2
        [0] Latency=4.933338ms
        [0] ActiveRequests=1
        [0] StatusCode=200
        [0] ResponseHeader=Content-Length:412
        [0] ResponseHeader=Content-Type:text/plain; charset=utf-8
        [0] ResponseHeader=Date:Tue, 28 Jul 2026 05:03:57 GMT
        [0 body] ServiceVersion=
        [0 body] ServicePort=8080
        [0 body] Host=echo
        [0 body] URL=/multiple
        [0 body] Method=GET
        [0 body] Proto=HTTP/1.1
        [0 body] IP=10.244.0.1
        [0 body] RequestHeader=Accept-Encoding:gzip
        [0 body] RequestHeader=Another-Header:another-header-val
        [0 body] RequestHeader=Connection:close
        [0 body] RequestHeader=User-Agent:Go-http-client/1.1
        [0 body] RequestHeader=X-Header-Add-2:add-val-2
        [0 body] RequestHeader=X-Header-Remove-2:remove-val-2
        [0 body] RequestHeader=X-Header-Set-2:set-val-2
        [0 body] Hostname=echo-v1-699dd9bfc7-g5xrx
        
        2026-07-28T05:03:57.214690Z	info	All requests succeeded
        
        ID:               
        Method:           GET
        Protocol:         HTTP/1.1
        Alpn:             
        URL:              /multiple
        Version:          
        Port:             8080
        Code:             200
        Host:             echo
        Hostname:         echo-v1-699dd9bfc7-g5xrx
        Cluster:          
        IP:               10.244.0.1
        Request Headers:  map[Accept-Encoding:[gzip] Another-Header:[another-header-val] Connection:[close] User-Agent:[Go-http-client/1.1] X-Header-Add-2:[add-val-2] X-Header-Remove-2:[remove-val-2] X-Header-Set-2:[set-val-2]]
        Response Headers: map[Content-Length:[412] Content-Type:[text/plain; charset=utf-8] Date:[Tue, 28 Jul 2026 05:03:57 GMT]]
        
    pod.go:72: 2026-07-28T05:03:57.221535065Z: Response expectation failed for request: [client http://echo/multiple -H X-Header-Set-2:set-val-2 -H X-Header-Add-2:add-val-2 -H X-Header-Remove-2:remove-val-2 -H Another-Header:another-header-val]  not ready yet: expected X-Header-Set-1 header to be set, actual headers: map[Accept-Encoding:[gzip] Another-Header:[another-header-val] Connection:[close] User-Agent:[Go-http-client/1.1] X-Header-Add-2:[add-val-2] X-Header-Remove-2:[remove-val-2] X-Header-Set-2:[set-val-2] accept-encoding:[gzip] another-header:[another-header-val] connection:[close] user-agent:[Go-http-client/1.1] x-header-add-2:[add-val-2] x-header-remove-2:[remove-val-2] x-header-set-2:[set-val-2]] (after 1.432µs)
=== NAME  TestGatewayAPIConformance/MeshHTTPRouteBackendRequestHeaderModifier/0_request_to_'/set'_with_headers_should_go_to_echo-v1
    pod.go:70: 2026-07-28T05:03:57.220668537Z: Got resp RawContent:       [0] Url=http://echo/set
        [0] Header=Some-Other-Header:val
        [0] Latency=7.849032ms
        [0] ActiveRequests=1
        [0] StatusCode=200
        [0] ResponseHeader=Content-Length:273
        [0] ResponseHeader=Content-Type:text/plain; charset=utf-8
        [0] ResponseHeader=Date:Tue, 28 Jul 2026 05:03:57 GMT
        [0 body] ServiceVersion=
        [0 body] ServicePort=8080
        [0 body] Host=echo
        [0 body] URL=/set
        [0 body] Method=GET
        [0 body] Proto=HTTP/1.1
        [0 body] IP=10.244.0.33
        [0 body] RequestHeader=Accept-Encoding:gzip
        [0 body] RequestHeader=Connection:close
        [0 body] RequestHeader=Some-Other-Header:val
        [0 body] RequestHeader=User-Agent:Go-http-client/1.1
        [0 body] Hostname=echo-v2-7d46bf8884-7fs28
        
        2026-07-28T05:03:57.215487Z	info	All requests succeeded
        
        ID:               
        Method:           GET
        Protocol:         HTTP/1.1
        Alpn:             
        URL:              /set
        Version:          
        Port:             8080
        Code:             200
        Host:             echo
        Hostname:         echo-v2-7d46bf8884-7fs28
        Cluster:          
        IP:               10.244.0.33
        Request Headers:  map[Accept-Encoding:[gzip] Connection:[close] Some-Other-Header:[val] User-Agent:[Go-http-client/1.1]]
        Response Headers: map[Content-Length:[273] Content-Type:[text/plain; charset=utf-8] Date:[Tue, 28 Jul 2026 05:03:57 GMT]]
        
    pod.go:72: 2026-07-28T05:03:57.222229525Z: Response expectation failed for request: [client http://echo/set -H Some-Other-Header:val]  not ready yet: expected X-Header-Set header to be set, actual headers: map[Accept-Encoding:[gzip] Connection:[close] Some-Other-Header:[val] User-Agent:[Go-http-client/1.1] accept-encoding:[gzip] connection:[close] some-other-header:[val] user-agent:[Go-http-client/1.1]] (after 2.465µs)
=== NAME  TestGatewayAPIConformance/MeshHTTPRouteBackendRequestHeaderModifier/4_request_to_'/remove'_with_headers_should_go_to_echo-v1
    pod.go:70: 2026-07-28T05:03:57.256945637Z: Got resp RawContent:       [0] Url=http://echo/remove
        [0] Header=X-Header-Remove:val
        [0] Latency=29.636061ms
        [0] ActiveRequests=1
        [0] StatusCode=200
        [0] ResponseHeader=Content-Length:208
        [0] ResponseHeader=Content-Type:text/plain; charset=utf-8
        [0] ResponseHeader=Cross-Origin-Opener-Policy:same-origin
        [0] ResponseHeader=Date:Tue, 28 Jul 2026 05:03:57 GMT
        [0] ResponseHeader=Referrer-Policy:strict-origin-when-cross-origin
        [0] ResponseHeader=X-Content-Type-Options:nosniff
        [0] ResponseHeader=X-Frame-Options:DENY
        [0] ResponseHeader=X-Permitted-Cross-Domain-Policies:none
        [0 body] ServiceVersion=
        [0 body] ServicePort=8080
        [0 body] Host=echo
        [0 body] URL=/remove
        [0 body] Method=GET
        [0 body] Proto=HTTP/1.1
        [0 body] IP=10.244.0.8
        [0 body] RequestHeader=Accept-Encoding:gzip
        [0 body] RequestHeader=User-Agent:Go-http-client/1.1
        [0 body] Hostname=echo-v1-699dd9bfc7-g5xrx
        
        2026-07-28T05:03:57.252101Z	info	All requests succeeded
        
        ID:               
        Method:           GET
        Protocol:         HTTP/1.1
        Alpn:             
        URL:              /remove
        Version:          
        Port:             8080
        Code:             200
        Host:             echo
        Hostname:         echo-v1-699dd9bfc7-g5xrx
        Cluster:          
        IP:               10.244.0.8
        Request Headers:  map[Accept-Encoding:[gzip] User-Agent:[Go-http-client/1.1]]
        Response Headers: map[Content-Length:[208] Content-Type:[text/plain; charset=utf-8] Cross-Origin-Opener-Policy:[same-origin] Date:[Tue, 28 Jul 2026 05:03:57 GMT] Referrer-Policy:[strict-origin-when-cross-origin] X-Content-Type-Options:[nosniff] X-Frame-Options:[DENY] X-Permitted-Cross-Domain-Policies:[none]]
        
    pod.go:70: 2026-07-28T05:03:57.313079709Z: Got resp RawContent:       [0] Url=http://echo/remove
        [0] Header=X-Header-Remove:val
        [0] Latency=4.413964ms
        [0] ActiveRequests=1
        [0] StatusCode=200
        [0] ResponseHeader=Content-Length:208
        [0] ResponseHeader=Content-Type:text/plain; charset=utf-8
        [0] ResponseHeader=Cross-Origin-Opener-Policy:same-origin
        [0] ResponseHeader=Date:Tue, 28 Jul 2026 05:03:57 GMT
        [0] ResponseHeader=Referrer-Policy:strict-origin-when-cross-origin
        [0] ResponseHeader=X-Content-Type-Options:nosniff
        [0] ResponseHeader=X-Frame-Options:DENY
        [0] ResponseHeader=X-Permitted-Cross-Domain-Policies:none
        [0 body] ServiceVersion=
        [0 body] ServicePort=8080
        [0 body] Host=echo
        [0 body] URL=/remove
        [0 body] Method=GET
        [0 body] Proto=HTTP/1.1
        [0 body] IP=10.244.0.8
        [0 body] RequestHeader=Accept-Encoding:gzip
        [0 body] RequestHeader=User-Agent:Go-http-client/1.1
        [0 body] Hostname=echo-v1-699dd9bfc7-g5xrx
        
        2026-07-28T05:03:57.308379Z	info	All requests succeeded
        
        ID:               
        Method:           GET
        Protocol:         HTTP/1.1
        Alpn:             
        URL:              /remove
        Version:          
        Port:             8080
        Code:             200
        Host:             echo
        Hostname:         echo-v1-699dd9bfc7-g5xrx
        Cluster:          
        IP:               10.244.0.8
        Request Headers:  map[Accept-Encoding:[gzip] User-Agent:[Go-http-client/1.1]]
        Response Headers: map[Content-Length:[208] Content-Type:[text/plain; charset=utf-8] Cross-Origin-Opener-Policy:[same-origin] Date:[Tue, 28 Jul 2026 05:03:57 GMT] Referrer-Policy:[strict-origin-when-cross-origin] X-Content-Type-Options:[nosniff] X-Frame-Options:[DENY] X-Permitted-Cross-Domain-Policies:[none]]
        
    pod.go:70: 2026-07-28T05:03:57.373960481Z: Got resp RawContent:       [0] Url=http://echo/remove
        [0] Header=X-Header-Remove:val
        [0] Latency=3.768689ms
        [0] ActiveRequests=1
        [0] StatusCode=200
        [0] ResponseHeader=Content-Length:208
        [0] ResponseHeader=Content-Type:text/plain; charset=utf-8
        [0] ResponseHeader=Cross-Origin-Opener-Policy:same-origin
        [0] ResponseHeader=Date:Tue, 28 Jul 2026 05:03:57 GMT
        [0] ResponseHeader=Referrer-Policy:strict-origin-when-cross-origin
        [0] ResponseHeader=X-Content-Type-Options:nosniff
        [0] ResponseHeader=X-Frame-Options:DENY
        [0] ResponseHeader=X-Permitted-Cross-Domain-Policies:none
        [0 body] ServiceVersion=
        [0 body] ServicePort=8080
        [0 body] Host=echo
        [0 body] URL=/remove
        [0 body] Method=GET
        [0 body] Proto=HTTP/1.1
        [0 body] IP=10.244.0.8
        [0 body] RequestHeader=Accept-Encoding:gzip
        [0 body] RequestHeader=User-Agent:Go-http-client/1.1
        [0 body] Hostname=echo-v1-699dd9bfc7-g5xrx
        
        2026-07-28T05:03:57.369304Z	info	All requests succeeded
        
        ID:               
        Method:           GET
        Protocol:         HTTP/1.1
        Alpn:             
        URL:              /remove
        Version:          
        Port:             8080
        Code:             200
        Host:             echo
        Hostname:         echo-v1-699dd9bfc7-g5xrx
        Cluster:          
        IP:               10.244.0.8
        Request Headers:  map[Accept-Encoding:[gzip] User-Agent:[Go-http-client/1.1]]
        Response Headers: map[Content-Length:[208] Content-Type:[text/plain; charset=utf-8] Cross-Origin-Opener-Policy:[same-origin] Date:[Tue, 28 Jul 2026 05:03:57 GMT] Referrer-Policy:[strict-origin-when-cross-origin] X-Content-Type-Options:[nosniff] X-Frame-Options:[DENY] X-Permitted-Cross-Domain-Policies:[none]]
        
    httproute-request-header-modifier.go:209: 2026-07-28T05:03:57.374130125Z: Request passed
=== CONT  TestGatewayAPIConformance/MeshHTTPRouteBackendRequestHeaderModifier/2_request_to_'/add'_with_headers_should_go_to_echo-v1
    pod.go:70: 2026-07-28T05:03:57.420037483Z: Got resp RawContent:       [0] Url=http://echo/add
        [0] Header=Some-Other-Header:val
        [0] Latency=3.335016ms
        [0] ActiveRequests=1
        [0] StatusCode=200
        [0] ResponseHeader=Content-Length:287
        [0] ResponseHeader=Content-Type:text/plain; charset=utf-8
        [0] ResponseHeader=Cross-Origin-Opener-Policy:same-origin
        [0] ResponseHeader=Date:Tue, 28 Jul 2026 05:03:57 GMT
        [0] ResponseHeader=Referrer-Policy:strict-origin-when-cross-origin
        [0] ResponseHeader=X-Content-Type-Options:nosniff
        [0] ResponseHeader=X-Frame-Options:DENY
        [0] ResponseHeader=X-Permitted-Cross-Domain-Policies:none
        [0 body] ServiceVersion=
        [0 body] ServicePort=8080
        [0 body] Host=echo
        [0 body] URL=/add
        [0 body] Method=GET
        [0 body] Proto=HTTP/1.1
        [0 body] IP=10.244.0.8
        [0 body] RequestHeader=Accept-Encoding:gzip
        [0 body] RequestHeader=Some-Other-Header:val
        [0 body] RequestHeader=User-Agent:Go-http-client/1.1
        [0 body] RequestHeader=X-Header-Add:add-appends-values
        [0 body] Hostname=echo-v1-699dd9bfc7-g5xrx
        
        2026-07-28T05:03:57.416474Z	info	All requests succeeded
        
        ID:               
        Method:           GET
        Protocol:         HTTP/1.1
        Alpn:             
        URL:              /add
        Version:          
        Port:             8080
        Code:             200
        Host:             echo
        Hostname:         echo-v1-699dd9bfc7-g5xrx
        Cluster:          
        IP:               10.244.0.8
        Request Headers:  map[Accept-Encoding:[gzip] Some-Other-Header:[val] User-Agent:[Go-http-client/1.1] X-Header-Add:[add-appends-values]]
        Response Headers: map[Content-Length:[287] Content-Type:[text/plain; charset=utf-8] Cross-Origin-Opener-Policy:[same-origin] Date:[Tue, 28 Jul 2026 05:03:57 GMT] Referrer-Policy:[strict-origin-when-cross-origin] X-Content-Type-Options:[nosniff] X-Frame-Options:[DENY] X-Permitted-Cross-Domain-Policies:[none]]
        
    pod.go:70: 2026-07-28T05:03:57.466965605Z: Got resp RawContent:       [0] Url=http://echo/add
        [0] Header=Some-Other-Header:val
        [0] Latency=2.938637ms
        [0] ActiveRequests=1
        [0] StatusCode=200
        [0] ResponseHeader=Content-Length:287
        [0] ResponseHeader=Content-Type:text/plain; charset=utf-8
        [0] ResponseHeader=Cross-Origin-Opener-Policy:same-origin
        [0] ResponseHeader=Date:Tue, 28 Jul 2026 05:03:57 GMT
        [0] ResponseHeader=Referrer-Policy:strict-origin-when-cross-origin
        [0] ResponseHeader=X-Content-Type-Options:nosniff
        [0] ResponseHeader=X-Frame-Options:DENY
        [0] ResponseHeader=X-Permitted-Cross-Domain-Policies:none
        [0 body] ServiceVersion=
        [0 body] ServicePort=8080
        [0 body] Host=echo
        [0 body] URL=/add
        [0 body] Method=GET
        [0 body] Proto=HTTP/1.1
        [0 body] IP=10.244.0.8
        [0 body] RequestHeader=Accept-Encoding:gzip
        [0 body] RequestHeader=Some-Other-Header:val
        [0 body] RequestHeader=User-Agent:Go-http-client/1.1
        [0 body] RequestHeader=X-Header-Add:add-appends-values
        [0 body] Hostname=echo-v1-699dd9bfc7-g5xrx
        
        2026-07-28T05:03:57.463653Z	info	All requests succeeded
        
        ID:               
        Method:           GET
        Protocol:         HTTP/1.1
        Alpn:             
        URL:              /add
        Version:          
        Port:             8080
        Code:             200
        Host:             echo
        Hostname:         echo-v1-699dd9bfc7-g5xrx
        Cluster:          
        IP:               10.244.0.8
        Request Headers:  map[Accept-Encoding:[gzip] Some-Other-Header:[val] User-Agent:[Go-http-client/1.1] X-Header-Add:[add-appends-values]]
        Response Headers: map[Content-Length:[287] Content-Type:[text/plain; charset=utf-8] Cross-Origin-Opener-Policy:[same-origin] Date:[Tue, 28 Jul 2026 05:03:57 GMT] Referrer-Policy:[strict-origin-when-cross-origin] X-Content-Type-Options:[nosniff] X-Frame-Options:[DENY] X-Permitted-Cross-Domain-Policies:[none]]
        
    pod.go:70: 2026-07-28T05:03:57.515467806Z: Got resp RawContent:       [0] Url=http://echo/add
        [0] Header=Some-Other-Header:val
        [0] Latency=1.968795ms
        [0] ActiveRequests=1
        [0] StatusCode=200
        [0] ResponseHeader=Content-Length:287
        [0] ResponseHeader=Content-Type:text/plain; charset=utf-8
        [0] ResponseHeader=Cross-Origin-Opener-Policy:same-origin
        [0] ResponseHeader=Date:Tue, 28 Jul 2026 05:03:57 GMT
        [0] ResponseHeader=Referrer-Policy:strict-origin-when-cross-origin
        [0] ResponseHeader=X-Content-Type-Options:nosniff
        [0] ResponseHeader=X-Frame-Options:DENY
        [0] ResponseHeader=X-Permitted-Cross-Domain-Policies:none
        [0 body] ServiceVersion=
        [0 body] ServicePort=8080
        [0 body] Host=echo
        [0 body] URL=/add
        [0 body] Method=GET
        [0 body] Proto=HTTP/1.1
        [0 body] IP=10.244.0.8
        [0 body] RequestHeader=Accept-Encoding:gzip
        [0 body] RequestHeader=Some-Other-Header:val
        [0 body] RequestHeader=User-Agent:Go-http-client/1.1
        [0 body] RequestHeader=X-Header-Add:add-appends-values
        [0 body] Hostname=echo-v1-699dd9bfc7-g5xrx
        
        2026-07-28T05:03:57.512010Z	info	All requests succeeded
        
        ID:               
        Method:           GET
        Protocol:         HTTP/1.1
        Alpn:             
        URL:              /add
        Version:          
        Port:             8080
        Code:             200
        Host:             echo
        Hostname:         echo-v1-699dd9bfc7-g5xrx
        Cluster:          
        IP:               10.244.0.8
        Request Headers:  map[Accept-Encoding:[gzip] Some-Other-Header:[val] User-Agent:[Go-http-client/1.1] X-Header-Add:[add-appends-values]]
        Response Headers: map[Content-Length:[287] Content-Type:[text/plain; charset=utf-8] Cross-Origin-Opener-Policy:[same-origin] Date:[Tue, 28 Jul 2026 05:03:57 GMT] Referrer-Policy:[strict-origin-when-cross-origin] X-Content-Type-Options:[nosniff] X-Frame-Options:[DENY] X-Permitted-Cross-Domain-Policies:[none]]
        
    httproute-request-header-modifier.go:209: 2026-07-28T05:03:57.515659813Z: Request passed
=== CONT  TestGatewayAPIConformance/MeshHTTPRouteBackendRequestHeaderModifier/3_request_to_'/add'_with_headers_should_go_to_echo-v1
    pod.go:70: 2026-07-28T05:03:57.564220672Z: Got resp RawContent:       [0] Url=http://echo/add
        [0] Header=Some-Other-Header:val
        [0] Header=X-Header-Add:some-other-value
        [0] Latency=2.674059ms
        [0] ActiveRequests=1
        [0] StatusCode=200
        [0] ResponseHeader=Content-Length:331
        [0] ResponseHeader=Content-Type:text/plain; charset=utf-8
        [0] ResponseHeader=Cross-Origin-Opener-Policy:same-origin
        [0] ResponseHeader=Date:Tue, 28 Jul 2026 05:03:57 GMT
        [0] ResponseHeader=Referrer-Policy:strict-origin-when-cross-origin
        [0] ResponseHeader=X-Content-Type-Options:nosniff
        [0] ResponseHeader=X-Frame-Options:DENY
        [0] ResponseHeader=X-Permitted-Cross-Domain-Policies:none
        [0 body] ServiceVersion=
        [0 body] ServicePort=8080
        [0 body] Host=echo
        [0 body] URL=/add
        [0 body] Method=GET
        [0 body] Proto=HTTP/1.1
        [0 body] IP=10.244.0.8
        [0 body] RequestHeader=Accept-Encoding:gzip
        [0 body] RequestHeader=Some-Other-Header:val
        [0 body] RequestHeader=User-Agent:Go-http-client/1.1
        [0 body] RequestHeader=X-Header-Add:some-other-value
        [0 body] RequestHeader=X-Header-Add:add-appends-values
        [0 body] Hostname=echo-v1-699dd9bfc7-g5xrx
        
        2026-07-28T05:03:57.560984Z	info	All requests succeeded
        
        ID:               
        Method:           GET
        Protocol:         HTTP/1.1
        Alpn:             
        URL:              /add
        Version:          
        Port:             8080
        Code:             200
        Host:             echo
        Hostname:         echo-v1-699dd9bfc7-g5xrx
        Cluster:          
        IP:               10.244.0.8
        Request Headers:  map[Accept-Encoding:[gzip] Some-Other-Header:[val] User-Agent:[Go-http-client/1.1] X-Header-Add:[some-other-value add-appends-values]]
        Response Headers: map[Content-Length:[331] Content-Type:[text/plain; charset=utf-8] Cross-Origin-Opener-Policy:[same-origin] Date:[Tue, 28 Jul 2026 05:03:57 GMT] Referrer-Policy:[strict-origin-when-cross-origin] X-Content-Type-Options:[nosniff] X-Frame-Options:[DENY] X-Permitted-Cross-Domain-Policies:[none]]
        
    pod.go:70: 2026-07-28T05:03:57.609751604Z: Got resp RawContent:       [0] Url=http://echo/add
        [0] Header=X-Header-Add:some-other-value
        [0] Header=Some-Other-Header:val
        [0] Latency=3.147167ms
        [0] ActiveRequests=1
        [0] StatusCode=200
        [0] ResponseHeader=Content-Length:331
        [0] ResponseHeader=Content-Type:text/plain; charset=utf-8
        [0] ResponseHeader=Cross-Origin-Opener-Policy:same-origin
        [0] ResponseHeader=Date:Tue, 28 Jul 2026 05:03:57 GMT
        [0] ResponseHeader=Referrer-Policy:strict-origin-when-cross-origin
        [0] ResponseHeader=X-Content-Type-Options:nosniff
        [0] ResponseHeader=X-Frame-Options:DENY
        [0] ResponseHeader=X-Permitted-Cross-Domain-Policies:none
        [0 body] ServiceVersion=
        [0 body] ServicePort=8080
        [0 body] Host=echo
        [0 body] URL=/add
        [0 body] Method=GET
        [0 body] Proto=HTTP/1.1
        [0 body] IP=10.244.0.8
        [0 body] RequestHeader=Accept-Encoding:gzip
        [0 body] RequestHeader=Some-Other-Header:val
        [0 body] RequestHeader=User-Agent:Go-http-client/1.1
        [0 body] RequestHeader=X-Header-Add:some-other-value
        [0 body] RequestHeader=X-Header-Add:add-appends-values
        [0 body] Hostname=echo-v1-699dd9bfc7-g5xrx
        
        2026-07-28T05:03:57.606831Z	info	All requests succeeded
        
        ID:               
        Method:           GET
        Protocol:         HTTP/1.1
        Alpn:             
        URL:              /add
        Version:          
        Port:             8080
        Code:             200
        Host:             echo
        Hostname:         echo-v1-699dd9bfc7-g5xrx
        Cluster:          
        IP:               10.244.0.8
        Request Headers:  map[Accept-Encoding:[gzip] Some-Other-Header:[val] User-Agent:[Go-http-client/1.1] X-Header-Add:[some-other-value add-appends-values]]
        Response Headers: map[Content-Length:[331] Content-Type:[text/plain; charset=utf-8] Cross-Origin-Opener-Policy:[same-origin] Date:[Tue, 28 Jul 2026 05:03:57 GMT] Referrer-Policy:[strict-origin-when-cross-origin] X-Content-Type-Options:[nosniff] X-Frame-Options:[DENY] X-Permitted-Cross-Domain-Policies:[none]]
        
    pod.go:70: 2026-07-28T05:03:57.655063155Z: Got resp RawContent:       [0] Url=http://echo/add
        [0] Header=X-Header-Add:some-other-value
        [0] Header=Some-Other-Header:val
        [0] Latency=1.909279ms
        [0] ActiveRequests=1
        [0] StatusCode=200
        [0] ResponseHeader=Content-Length:331
        [0] ResponseHeader=Content-Type:text/plain; charset=utf-8
        [0] ResponseHeader=Cross-Origin-Opener-Policy:same-origin
        [0] ResponseHeader=Date:Tue, 28 Jul 2026 05:03:57 GMT
        [0] ResponseHeader=Referrer-Policy:strict-origin-when-cross-origin
        [0] ResponseHeader=X-Content-Type-Options:nosniff
        [0] ResponseHeader=X-Frame-Options:DENY
        [0] ResponseHeader=X-Permitted-Cross-Domain-Policies:none
        [0 body] ServiceVersion=
        [0 body] ServicePort=8080
        [0 body] Host=echo
        [0 body] URL=/add
        [0 body] Method=GET
        [0 body] Proto=HTTP/1.1
        [0 body] IP=10.244.0.8
        [0 body] RequestHeader=Accept-Encoding:gzip
        [0 body] RequestHeader=Some-Other-Header:val
        [0 body] RequestHeader=User-Agent:Go-http-client/1.1
        [0 body] RequestHeader=X-Header-Add:some-other-value
        [0 body] RequestHeader=X-Header-Add:add-appends-values
        [0 body] Hostname=echo-v1-699dd9bfc7-g5xrx
        
        2026-07-28T05:03:57.651691Z	info	All requests succeeded
        
        ID:               
        Method:           GET
        Protocol:         HTTP/1.1
        Alpn:             
        URL:              /add
        Version:          
        Port:             8080
        Code:             200
        Host:             echo
        Hostname:         echo-v1-699dd9bfc7-g5xrx
        Cluster:          
        IP:               10.244.0.8
        Request Headers:  map[Accept-Encoding:[gzip] Some-Other-Header:[val] User-Agent:[Go-http-client/1.1] X-Header-Add:[some-other-value add-appends-values]]
        Response Headers: map[Content-Length:[331] Content-Type:[text/plain; charset=utf-8] Cross-Origin-Opener-Policy:[same-origin] Date:[Tue, 28 Jul 2026 05:03:57 GMT] Referrer-Policy:[strict-origin-when-cross-origin] X-Content-Type-Options:[nosniff] X-Frame-Options:[DENY] X-Permitted-Cross-Domain-Policies:[none]]
        
    httproute-request-header-modifier.go:209: 2026-07-28T05:03:57.655206641Z: Request passed
=== CONT  TestGatewayAPIConformance/MeshHTTPRouteBackendRequestHeaderModifier/1_request_to_'/set'_with_headers_should_go_to_echo-v1
    pod.go:70: 2026-07-28T05:03:57.766545055Z: Got resp RawContent:       [0] Url=http://echo/set
        [0] Header=X-Header-Set:some-other-value
        [0] Header=Some-Other-Header:val
        [0] Latency=4.071616ms
        [0] ActiveRequests=1
        [0] StatusCode=200
        [0] ResponseHeader=Content-Length:290
        [0] ResponseHeader=Content-Type:text/plain; charset=utf-8
        [0] ResponseHeader=Cross-Origin-Opener-Policy:same-origin
        [0] ResponseHeader=Date:Tue, 28 Jul 2026 05:03:57 GMT
        [0] ResponseHeader=Referrer-Policy:strict-origin-when-cross-origin
        [0] ResponseHeader=X-Content-Type-Options:nosniff
        [0] ResponseHeader=X-Frame-Options:DENY
        [0] ResponseHeader=X-Permitted-Cross-Domain-Policies:none
        [0 body] ServiceVersion=
        [0 body] ServicePort=8080
        [0 body] Host=echo
        [0 body] URL=/set
        [0 body] Method=GET
        [0 body] Proto=HTTP/1.1
        [0 body] IP=10.244.0.8
        [0 body] RequestHeader=Accept-Encoding:gzip
        [0 body] RequestHeader=Some-Other-Header:val
        [0 body] RequestHeader=User-Agent:Go-http-client/1.1
        [0 body] RequestHeader=X-Header-Set:set-overwrites-values
        [0 body] Hostname=echo-v1-699dd9bfc7-g5xrx
        
        2026-07-28T05:03:57.762800Z	info	All requests succeeded
        
        ID:               
        Method:           GET
        Protocol:         HTTP/1.1
        Alpn:             
        URL:              /set
        Version:          
        Port:             8080
        Code:             200
        Host:             echo
        Hostname:         echo-v1-699dd9bfc7-g5xrx
        Cluster:          
        IP:               10.244.0.8
        Request Headers:  map[Accept-Encoding:[gzip] Some-Other-Header:[val] User-Agent:[Go-http-client/1.1] X-Header-Set:[set-overwrites-values]]
        Response Headers: map[Content-Length:[290] Content-Type:[text/plain; charset=utf-8] Cross-Origin-Opener-Policy:[same-origin] Date:[Tue, 28 Jul 2026 05:03:57 GMT] Referrer-Policy:[strict-origin-when-cross-origin] X-Content-Type-Options:[nosniff] X-Frame-Options:[DENY] X-Permitted-Cross-Domain-Policies:[none]]
        
    pod.go:70: 2026-07-28T05:03:57.824250748Z: Got resp RawContent:       [0] Url=http://echo/set
        [0] Header=Some-Other-Header:val
        [0] Header=X-Header-Set:some-other-value
        [0] Latency=3.962247ms
        [0] ActiveRequests=1
        [0] StatusCode=200
        [0] ResponseHeader=Content-Length:290
        [0] ResponseHeader=Content-Type:text/plain; charset=utf-8
        [0] ResponseHeader=Cross-Origin-Opener-Policy:same-origin
        [0] ResponseHeader=Date:Tue, 28 Jul 2026 05:03:57 GMT
        [0] ResponseHeader=Referrer-Policy:strict-origin-when-cross-origin
        [0] ResponseHeader=X-Content-Type-Options:nosniff
        [0] ResponseHeader=X-Frame-Options:DENY
        [0] ResponseHeader=X-Permitted-Cross-Domain-Policies:none
        [0 body] ServiceVersion=
        [0 body] ServicePort=8080
        [0 body] Host=echo
        [0 body] URL=/set
        [0 body] Method=GET
        [0 body] Proto=HTTP/1.1
        [0 body] IP=10.244.0.8
        [0 body] RequestHeader=Accept-Encoding:gzip
        [0 body] RequestHeader=Some-Other-Header:val
        [0 body] RequestHeader=User-Agent:Go-http-client/1.1
        [0 body] RequestHeader=X-Header-Set:set-overwrites-values
        [0 body] Hostname=echo-v1-699dd9bfc7-g5xrx
        
        2026-07-28T05:03:57.820443Z	info	All requests succeeded
        
        ID:               
        Method:           GET
        Protocol:         HTTP/1.1
        Alpn:             
        URL:              /set
        Version:          
        Port:             8080
        Code:             200
        Host:             echo
        Hostname:         echo-v1-699dd9bfc7-g5xrx
        Cluster:          
        IP:               10.244.0.8
        Request Headers:  map[Accept-Encoding:[gzip] Some-Other-Header:[val] User-Agent:[Go-http-client/1.1] X-Header-Set:[set-overwrites-values]]
        Response Headers: map[Content-Length:[290] Content-Type:[text/plain; charset=utf-8] Cross-Origin-Opener-Policy:[same-origin] Date:[Tue, 28 Jul 2026 05:03:57 GMT] Referrer-Policy:[strict-origin-when-cross-origin] X-Content-Type-Options:[nosniff] X-Frame-Options:[DENY] X-Permitted-Cross-Domain-Policies:[none]]
        
    pod.go:70: 2026-07-28T05:03:57.876507084Z: Got resp RawContent:       [0] Url=http://echo/set
        [0] Header=Some-Other-Header:val
        [0] Header=X-Header-Set:some-other-value
        [0] Latency=2.521641ms
        [0] ActiveRequests=1
        [0] StatusCode=200
        [0] ResponseHeader=Content-Length:290
        [0] ResponseHeader=Content-Type:text/plain; charset=utf-8
        [0] ResponseHeader=Cross-Origin-Opener-Policy:same-origin
        [0] ResponseHeader=Date:Tue, 28 Jul 2026 05:03:57 GMT
        [0] ResponseHeader=Referrer-Policy:strict-origin-when-cross-origin
        [0] ResponseHeader=X-Content-Type-Options:nosniff
        [0] ResponseHeader=X-Frame-Options:DENY
        [0] ResponseHeader=X-Permitted-Cross-Domain-Policies:none
        [0 body] ServiceVersion=
        [0 body] ServicePort=8080
        [0 body] Host=echo
        [0 body] URL=/set
        [0 body] Method=GET
        [0 body] Proto=HTTP/1.1
        [0 body] IP=10.244.0.8
        [0 body] RequestHeader=Accept-Encoding:gzip
        [0 body] RequestHeader=Some-Other-Header:val
        [0 body] RequestHeader=User-Agent:Go-http-client/1.1
        [0 body] RequestHeader=X-Header-Set:set-overwrites-values
        [0 body] Hostname=echo-v1-699dd9bfc7-g5xrx
        
        2026-07-28T05:03:57.872938Z	info	All requests succeeded
        
        ID:               
        Method:           GET
        Protocol:         HTTP/1.1
        Alpn:             
        URL:              /set
        Version:          
        Port:             8080
        Code:             200
        Host:             echo
        Hostname:         echo-v1-699dd9bfc7-g5xrx
        Cluster:          
        IP:               10.244.0.8
        Request Headers:  map[Accept-Encoding:[gzip] Some-Other-Header:[val] User-Agent:[Go-http-client/1.1] X-Header-Set:[set-overwrites-values]]
        Response Headers: map[Content-Length:[290] Content-Type:[text/plain; charset=utf-8] Cross-Origin-Opener-Policy:[same-origin] Date:[Tue, 28 Jul 2026 05:03:57 GMT] Referrer-Policy:[strict-origin-when-cross-origin] X-Content-Type-Options:[nosniff] X-Frame-Options:[DENY] X-Permitted-Cross-Domain-Policies:[none]]
        
    httproute-request-header-modifier.go:209: 2026-07-28T05:03:57.876645481Z: Request passed
=== NAME  TestGatewayAPIConformance/MeshHTTPRouteBackendRequestHeaderModifier/6_request_to_'/case-insensitivity'_with_headers_should_go_to_echo-v1
    pod.go:70: 2026-07-28T05:03:58.284016199Z: Got resp RawContent:       [0] Url=http://echo/case-insensitivity
        [0] Header=x-header-set:original-val-set
        [0] Header=x-header-add:original-val-add
        [0] Header=x-header-remove:original-val-remove
        [0] Header=Another-Header:another-header-val
        [0] Latency=7.815453ms
        [0] ActiveRequests=1
        [0] StatusCode=200
        [0] ResponseHeader=Content-Length:388
        [0] ResponseHeader=Content-Type:text/plain; charset=utf-8
        [0] ResponseHeader=Cross-Origin-Opener-Policy:same-origin
        [0] ResponseHeader=Date:Tue, 28 Jul 2026 05:03:58 GMT
        [0] ResponseHeader=Referrer-Policy:strict-origin-when-cross-origin
        [0] ResponseHeader=X-Content-Type-Options:nosniff
        [0] ResponseHeader=X-Frame-Options:DENY
        [0] ResponseHeader=X-Permitted-Cross-Domain-Policies:none
        [0 body] ServiceVersion=
        [0 body] ServicePort=8080
        [0 body] Host=echo
        [0 body] URL=/case-insensitivity
        [0 body] Method=GET
        [0 body] Proto=HTTP/1.1
        [0 body] IP=10.244.0.8
        [0 body] RequestHeader=Accept-Encoding:gzip
        [0 body] RequestHeader=Another-Header:another-header-val
        [0 body] RequestHeader=User-Agent:Go-http-client/1.1
        [0 body] RequestHeader=X-Header-Add:original-val-add
        [0 body] RequestHeader=X-Header-Add:header-add
        [0 body] RequestHeader=X-Header-Set:header-set
        [0 body] Hostname=echo-v1-699dd9bfc7-g5xrx
        
        2026-07-28T05:03:58.279742Z	info	All requests succeeded
        
        ID:               
        Method:           GET
        Protocol:         HTTP/1.1
        Alpn:             
        URL:              /case-insensitivity
        Version:          
        Port:             8080
        Code:             200
        Host:             echo
        Hostname:         echo-v1-699dd9bfc7-g5xrx
        Cluster:          
        IP:               10.244.0.8
        Request Headers:  map[Accept-Encoding:[gzip] Another-Header:[another-header-val] User-Agent:[Go-http-client/1.1] X-Header-Add:[original-val-add header-add] X-Header-Set:[header-set]]
        Response Headers: map[Content-Length:[388] Content-Type:[text/plain; charset=utf-8] Cross-Origin-Opener-Policy:[same-origin] Date:[Tue, 28 Jul 2026 05:03:58 GMT] Referrer-Policy:[strict-origin-when-cross-origin] X-Content-Type-Options:[nosniff] X-Frame-Options:[DENY] X-Permitted-Cross-Domain-Policies:[none]]
        
=== NAME  TestGatewayAPIConformance/MeshHTTPRouteBackendRequestHeaderModifier/0_request_to_'/set'_with_headers_should_go_to_echo-v1
    pod.go:70: 2026-07-28T05:03:58.302396197Z: Got resp RawContent:       [0] Url=http://echo/set
        [0] Header=Some-Other-Header:val
        [0] Latency=7.813454ms
        [0] ActiveRequests=1
        [0] StatusCode=200
        [0] ResponseHeader=Content-Length:290
        [0] ResponseHeader=Content-Type:text/plain; charset=utf-8
        [0] ResponseHeader=Cross-Origin-Opener-Policy:same-origin
        [0] ResponseHeader=Date:Tue, 28 Jul 2026 05:03:58 GMT
        [0] ResponseHeader=Referrer-Policy:strict-origin-when-cross-origin
        [0] ResponseHeader=X-Content-Type-Options:nosniff
        [0] ResponseHeader=X-Frame-Options:DENY
        [0] ResponseHeader=X-Permitted-Cross-Domain-Policies:none
        [0 body] ServiceVersion=
        [0 body] ServicePort=8080
        [0 body] Host=echo
        [0 body] URL=/set
        [0 body] Method=GET
        [0 body] Proto=HTTP/1.1
        [0 body] IP=10.244.0.8
        [0 body] RequestHeader=Accept-Encoding:gzip
        [0 body] RequestHeader=Some-Other-Header:val
        [0 body] RequestHeader=User-Agent:Go-http-client/1.1
        [0 body] RequestHeader=X-Header-Set:set-overwrites-values
        [0 body] Hostname=echo-v1-699dd9bfc7-g5xrx
        
        2026-07-28T05:03:58.289606Z	info	All requests succeeded
        
        ID:               
        Method:           GET
        Protocol:         HTTP/1.1
        Alpn:             
        URL:              /set
        Version:          
        Port:             8080
        Code:             200
        Host:             echo
        Hostname:         echo-v1-699dd9bfc7-g5xrx
        Cluster:          
        IP:               10.244.0.8
        Request Headers:  map[Accept-Encoding:[gzip] Some-Other-Header:[val] User-Agent:[Go-http-client/1.1] X-Header-Set:[set-overwrites-values]]
        Response Headers: map[Content-Length:[290] Content-Type:[text/plain; charset=utf-8] Cross-Origin-Opener-Policy:[same-origin] Date:[Tue, 28 Jul 2026 05:03:58 GMT] Referrer-Policy:[strict-origin-when-cross-origin] X-Content-Type-Options:[nosniff] X-Frame-Options:[DENY] X-Permitted-Cross-Domain-Policies:[none]]
        
=== NAME  TestGatewayAPIConformance/MeshHTTPRouteBackendRequestHeaderModifier/5_request_to_'/multiple'_with_headers_should_go_to_echo-v1
    pod.go:70: 2026-07-28T05:03:58.302495921Z: Got resp RawContent:       [0] Url=http://echo/multiple
        [0] Header=X-Header-Set-2:set-val-2
        [0] Header=X-Header-Add-2:add-val-2
        [0] Header=X-Header-Remove-2:remove-val-2
        [0] Header=Another-Header:another-header-val
        [0] Latency=4.752805ms
        [0] ActiveRequests=1
        [0] StatusCode=200
        [0] ResponseHeader=Content-Length:507
        [0] ResponseHeader=Content-Type:text/plain; charset=utf-8
        [0] ResponseHeader=Cross-Origin-Opener-Policy:same-origin
        [0] ResponseHeader=Date:Tue, 28 Jul 2026 05:03:58 GMT
        [0] ResponseHeader=Referrer-Policy:strict-origin-when-cross-origin
        [0] ResponseHeader=X-Content-Type-Options:nosniff
        [0] ResponseHeader=X-Frame-Options:DENY
        [0] ResponseHeader=X-Permitted-Cross-Domain-Policies:none
        [0 body] ServiceVersion=
        [0 body] ServicePort=8080
        [0 body] Host=echo
        [0 body] URL=/multiple
        [0 body] Method=GET
        [0 body] Proto=HTTP/1.1
        [0 body] IP=10.244.0.8
        [0 body] RequestHeader=Accept-Encoding:gzip
        [0 body] RequestHeader=Another-Header:another-header-val
        [0 body] RequestHeader=User-Agent:Go-http-client/1.1
        [0 body] RequestHeader=X-Header-Add-1:header-add-1
        [0 body] RequestHeader=X-Header-Add-2:add-val-2
        [0 body] RequestHeader=X-Header-Add-2:header-add-2
        [0 body] RequestHeader=X-Header-Add-3:header-add-3
        [0 body] RequestHeader=X-Header-Set-1:header-set-1
        [0 body] RequestHeader=X-Header-Set-2:header-set-2
        [0 body] Hostname=echo-v1-699dd9bfc7-g5xrx
        
        2026-07-28T05:03:58.298126Z	info	All requests succeeded
        
        ID:               
        Method:           GET
        Protocol:         HTTP/1.1
        Alpn:             
        URL:              /multiple
        Version:          
        Port:             8080
        Code:             200
        Host:             echo
        Hostname:         echo-v1-699dd9bfc7-g5xrx
        Cluster:          
        IP:               10.244.0.8
        Request Headers:  map[Accept-Encoding:[gzip] Another-Header:[another-header-val] User-Agent:[Go-http-client/1.1] X-Header-Add-1:[header-add-1] X-Header-Add-2:[add-val-2 header-add-2] X-Header-Add-3:[header-add-3] X-Header-Set-1:[header-set-1] X-Header-Set-2:[header-set-2]]
        Response Headers: map[Content-Length:[507] Content-Type:[text/plain; charset=utf-8] Cross-Origin-Opener-Policy:[same-origin] Date:[Tue, 28 Jul 2026 05:03:58 GMT] Referrer-Policy:[strict-origin-when-cross-origin] X-Content-Type-Options:[nosniff] X-Frame-Options:[DENY] X-Permitted-Cross-Domain-Policies:[none]]
        
=== NAME  TestGatewayAPIConformance/MeshHTTPRouteBackendRequestHeaderModifier/6_request_to_'/case-insensitivity'_with_headers_should_go_to_echo-v1
    pod.go:70: 2026-07-28T05:03:58.361040127Z: Got resp RawContent:       [0] Url=http://echo/case-insensitivity
        [0] Header=x-header-add:original-val-add
        [0] Header=x-header-remove:original-val-remove
        [0] Header=Another-Header:another-header-val
        [0] Header=x-header-set:original-val-set
        [0] Latency=4.458057ms
        [0] ActiveRequests=1
        [0] StatusCode=200
        [0] ResponseHeader=Content-Length:388
        [0] ResponseHeader=Content-Type:text/plain; charset=utf-8
        [0] ResponseHeader=Cross-Origin-Opener-Policy:same-origin
        [0] ResponseHeader=Date:Tue, 28 Jul 2026 05:03:58 GMT
        [0] ResponseHeader=Referrer-Policy:strict-origin-when-cross-origin
        [0] ResponseHeader=X-Content-Type-Options:nosniff
        [0] ResponseHeader=X-Frame-Options:DENY
        [0] ResponseHeader=X-Permitted-Cross-Domain-Policies:none
        [0 body] ServiceVersion=
        [0 body] ServicePort=8080
        [0 body] Host=echo
        [0 body] URL=/case-insensitivity
        [0 body] Method=GET
        [0 body] Proto=HTTP/1.1
        [0 body] IP=10.244.0.8
        [0 body] RequestHeader=Accept-Encoding:gzip
        [0 body] RequestHeader=Another-Header:another-header-val
        [0 body] RequestHeader=User-Agent:Go-http-client/1.1
        [0 body] RequestHeader=X-Header-Add:original-val-add
        [0 body] RequestHeader=X-Header-Add:header-add
        [0 body] RequestHeader=X-Header-Set:header-set
        [0 body] Hostname=echo-v1-699dd9bfc7-g5xrx
        
        2026-07-28T05:03:58.354684Z	info	All requests succeeded
        
        ID:               
        Method:           GET
        Protocol:         HTTP/1.1
        Alpn:             
        URL:              /case-insensitivity
        Version:          
        Port:             8080
        Code:             200
        Host:             echo
        Hostname:         echo-v1-699dd9bfc7-g5xrx
        Cluster:          
        IP:               10.244.0.8
        Request Headers:  map[Accept-Encoding:[gzip] Another-Header:[another-header-val] User-Agent:[Go-http-client/1.1] X-Header-Add:[original-val-add header-add] X-Header-Set:[header-set]]
        Response Headers: map[Content-Length:[388] Content-Type:[text/plain; charset=utf-8] Cross-Origin-Opener-Policy:[same-origin] Date:[Tue, 28 Jul 2026 05:03:58 GMT] Referrer-Policy:[strict-origin-when-cross-origin] X-Content-Type-Options:[nosniff] X-Frame-Options:[DENY] X-Permitted-Cross-Domain-Policies:[none]]
        
=== NAME  TestGatewayAPIConformance/MeshHTTPRouteBackendRequestHeaderModifier/0_request_to_'/set'_with_headers_should_go_to_echo-v1
    pod.go:70: 2026-07-28T05:03:58.380015048Z: Got resp RawContent:       [0] Url=http://echo/set
        [0] Header=Some-Other-Header:val
        [0] Latency=6.632221ms
        [0] ActiveRequests=1
        [0] StatusCode=200
        [0] ResponseHeader=Content-Length:290
        [0] ResponseHeader=Content-Type:text/plain; charset=utf-8
        [0] ResponseHeader=Cross-Origin-Opener-Policy:same-origin
        [0] ResponseHeader=Date:Tue, 28 Jul 2026 05:03:58 GMT
        [0] ResponseHeader=Referrer-Policy:strict-origin-when-cross-origin
        [0] ResponseHeader=X-Content-Type-Options:nosniff
        [0] ResponseHeader=X-Frame-Options:DENY
        [0] ResponseHeader=X-Permitted-Cross-Domain-Policies:none
        [0 body] ServiceVersion=
        [0 body] ServicePort=8080
        [0 body] Host=echo
        [0 body] URL=/set
        [0 body] Method=GET
        [0 body] Proto=HTTP/1.1
        [0 body] IP=10.244.0.8
        [0 body] RequestHeader=Accept-Encoding:gzip
        [0 body] RequestHeader=Some-Other-Header:val
        [0 body] RequestHeader=User-Agent:Go-http-client/1.1
        [0 body] RequestHeader=X-Header-Set:set-overwrites-values
        [0 body] Hostname=echo-v1-699dd9bfc7-g5xrx
        
        2026-07-28T05:03:58.373624Z	info	All requests succeeded
        
        ID:               
        Method:           GET
        Protocol:         HTTP/1.1
        Alpn:             
        URL:              /set
        Version:          
        Port:             8080
        Code:             200
        Host:             echo
        Hostname:         echo-v1-699dd9bfc7-g5xrx
        Cluster:          
        IP:               10.244.0.8
        Request Headers:  map[Accept-Encoding:[gzip] Some-Other-Header:[val] User-Agent:[Go-http-client/1.1] X-Header-Set:[set-overwrites-values]]
        Response Headers: map[Content-Length:[290] Content-Type:[text/plain; charset=utf-8] Cross-Origin-Opener-Policy:[same-origin] Date:[Tue, 28 Jul 2026 05:03:58 GMT] Referrer-Policy:[strict-origin-when-cross-origin] X-Content-Type-Options:[nosniff] X-Frame-Options:[DENY] X-Permitted-Cross-Domain-Policies:[none]]
        
=== NAME  TestGatewayAPIConformance/MeshHTTPRouteBackendRequestHeaderModifier/5_request_to_'/multiple'_with_headers_should_go_to_echo-v1
    pod.go:70: 2026-07-28T05:03:58.384277921Z: Got resp RawContent:       [0] Url=http://echo/multiple
        [0] Header=X-Header-Set-2:set-val-2
        [0] Header=X-Header-Add-2:add-val-2
        [0] Header=X-Header-Remove-2:remove-val-2
        [0] Header=Another-Header:another-header-val
        [0] Latency=6.37816ms
        [0] ActiveRequests=1
        [0] StatusCode=200
        [0] ResponseHeader=Content-Length:507
        [0] ResponseHeader=Content-Type:text/plain; charset=utf-8
        [0] ResponseHeader=Cross-Origin-Opener-Policy:same-origin
        [0] ResponseHeader=Date:Tue, 28 Jul 2026 05:03:58 GMT
        [0] ResponseHeader=Referrer-Policy:strict-origin-when-cross-origin
        [0] ResponseHeader=X-Content-Type-Options:nosniff
        [0] ResponseHeader=X-Frame-Options:DENY
        [0] ResponseHeader=X-Permitted-Cross-Domain-Policies:none
        [0 body] ServiceVersion=
        [0 body] ServicePort=8080
        [0 body] Host=echo
        [0 body] URL=/multiple
        [0 body] Method=GET
        [0 body] Proto=HTTP/1.1
        [0 body] IP=10.244.0.8
        [0 body] RequestHeader=Accept-Encoding:gzip
        [0 body] RequestHeader=Another-Header:another-header-val
        [0 body] RequestHeader=User-Agent:Go-http-client/1.1
        [0 body] RequestHeader=X-Header-Add-1:header-add-1
        [0 body] RequestHeader=X-Header-Add-2:add-val-2
        [0 body] RequestHeader=X-Header-Add-2:header-add-2
        [0 body] RequestHeader=X-Header-Add-3:header-add-3
        [0 body] RequestHeader=X-Header-Set-1:header-set-1
        [0 body] RequestHeader=X-Header-Set-2:header-set-2
        [0 body] Hostname=echo-v1-699dd9bfc7-g5xrx
        
        2026-07-28T05:03:58.377529Z	info	All requests succeeded
        
        ID:               
        Method:           GET
        Protocol:         HTTP/1.1
        Alpn:             
        URL:              /multiple
        Version:          
        Port:             8080
        Code:             200
        Host:             echo
        Hostname:         echo-v1-699dd9bfc7-g5xrx
        Cluster:          
        IP:               10.244.0.8
        Request Headers:  map[Accept-Encoding:[gzip] Another-Header:[another-header-val] User-Agent:[Go-http-client/1.1] X-Header-Add-1:[header-add-1] X-Header-Add-2:[add-val-2 header-add-2] X-Header-Add-3:[header-add-3] X-Header-Set-1:[header-set-1] X-Header-Set-2:[header-set-2]]
        Response Headers: map[Content-Length:[507] Content-Type:[text/plain; charset=utf-8] Cross-Origin-Opener-Policy:[same-origin] Date:[Tue, 28 Jul 2026 05:03:58 GMT] Referrer-Policy:[strict-origin-when-cross-origin] X-Content-Type-Options:[nosniff] X-Frame-Options:[DENY] X-Permitted-Cross-Domain-Policies:[none]]
        
=== NAME  TestGatewayAPIConformance/MeshHTTPRouteBackendRequestHeaderModifier/6_request_to_'/case-insensitivity'_with_headers_should_go_to_echo-v1
    pod.go:70: 2026-07-28T05:03:58.43542382Z: Got resp RawContent:       [0] Url=http://echo/case-insensitivity
        [0] Header=x-header-remove:original-val-remove
        [0] Header=Another-Header:another-header-val
        [0] Header=x-header-set:original-val-set
        [0] Header=x-header-add:original-val-add
        [0] Latency=5.684192ms
        [0] ActiveRequests=1
        [0] StatusCode=200
        [0] ResponseHeader=Content-Length:388
        [0] ResponseHeader=Content-Type:text/plain; charset=utf-8
        [0] ResponseHeader=Cross-Origin-Opener-Policy:same-origin
        [0] ResponseHeader=Date:Tue, 28 Jul 2026 05:03:58 GMT
        [0] ResponseHeader=Referrer-Policy:strict-origin-when-cross-origin
        [0] ResponseHeader=X-Content-Type-Options:nosniff
        [0] ResponseHeader=X-Frame-Options:DENY
        [0] ResponseHeader=X-Permitted-Cross-Domain-Policies:none
        [0 body] ServiceVersion=
        [0 body] ServicePort=8080
        [0 body] Host=echo
        [0 body] URL=/case-insensitivity
        [0 body] Method=GET
        [0 body] Proto=HTTP/1.1
        [0 body] IP=10.244.0.8
        [0 body] RequestHeader=Accept-Encoding:gzip
        [0 body] RequestHeader=Another-Header:another-header-val
        [0 body] RequestHeader=User-Agent:Go-http-client/1.1
        [0 body] RequestHeader=X-Header-Add:original-val-add
        [0 body] RequestHeader=X-Header-Add:header-add
        [0 body] RequestHeader=X-Header-Set:header-set
        [0 body] Hostname=echo-v1-699dd9bfc7-g5xrx
        
        2026-07-28T05:03:58.428230Z	info	All requests succeeded
        
        ID:               
        Method:           GET
        Protocol:         HTTP/1.1
        Alpn:             
        URL:              /case-insensitivity
        Version:          
        Port:             8080
        Code:             200
        Host:             echo
        Hostname:         echo-v1-699dd9bfc7-g5xrx
        Cluster:          
        IP:               10.244.0.8
        Request Headers:  map[Accept-Encoding:[gzip] Another-Header:[another-header-val] User-Agent:[Go-http-client/1.1] X-Header-Add:[original-val-add header-add] X-Header-Set:[header-set]]
        Response Headers: map[Content-Length:[388] Content-Type:[text/plain; charset=utf-8] Cross-Origin-Opener-Policy:[same-origin] Date:[Tue, 28 Jul 2026 05:03:58 GMT] Referrer-Policy:[strict-origin-when-cross-origin] X-Content-Type-Options:[nosniff] X-Frame-Options:[DENY] X-Permitted-Cross-Domain-Policies:[none]]
        
    httproute-request-header-modifier.go:209: 2026-07-28T05:03:58.435952943Z: Request passed
=== NAME  TestGatewayAPIConformance/MeshHTTPRouteBackendRequestHeaderModifier/5_request_to_'/multiple'_with_headers_should_go_to_echo-v1
    pod.go:70: 2026-07-28T05:03:58.45208703Z: Got resp RawContent:       [0] Url=http://echo/multiple
        [0] Header=X-Header-Set-2:set-val-2
        [0] Header=X-Header-Add-2:add-val-2
        [0] Header=X-Header-Remove-2:remove-val-2
        [0] Header=Another-Header:another-header-val
        [0] Latency=3.103134ms
        [0] ActiveRequests=1
        [0] StatusCode=200
        [0] ResponseHeader=Content-Length:507
        [0] ResponseHeader=Content-Type:text/plain; charset=utf-8
        [0] ResponseHeader=Cross-Origin-Opener-Policy:same-origin
        [0] ResponseHeader=Date:Tue, 28 Jul 2026 05:03:58 GMT
        [0] ResponseHeader=Referrer-Policy:strict-origin-when-cross-origin
        [0] ResponseHeader=X-Content-Type-Options:nosniff
        [0] ResponseHeader=X-Frame-Options:DENY
        [0] ResponseHeader=X-Permitted-Cross-Domain-Policies:none
        [0 body] ServiceVersion=
        [0 body] ServicePort=8080
        [0 body] Host=echo
        [0 body] URL=/multiple
        [0 body] Method=GET
        [0 body] Proto=HTTP/1.1
        [0 body] IP=10.244.0.8
        [0 body] RequestHeader=Accept-Encoding:gzip
        [0 body] RequestHeader=Another-Header:another-header-val
        [0 body] RequestHeader=User-Agent:Go-http-client/1.1
        [0 body] RequestHeader=X-Header-Add-1:header-add-1
        [0 body] RequestHeader=X-Header-Add-2:add-val-2
        [0 body] RequestHeader=X-Header-Add-2:header-add-2
        [0 body] RequestHeader=X-Header-Add-3:header-add-3
        [0 body] RequestHeader=X-Header-Set-1:header-set-1
        [0 body] RequestHeader=X-Header-Set-2:header-set-2
        [0 body] Hostname=echo-v1-699dd9bfc7-g5xrx
        
        2026-07-28T05:03:58.447842Z	info	All requests succeeded
        
        ID:               
        Method:           GET
        Protocol:         HTTP/1.1
        Alpn:             
        URL:              /multiple
        Version:          
        Port:             8080
        Code:             200
        Host:             echo
        Hostname:         echo-v1-699dd9bfc7-g5xrx
        Cluster:          
        IP:               10.244.0.8
        Request Headers:  map[Accept-Encoding:[gzip] Another-Header:[another-header-val] User-Agent:[Go-http-client/1.1] X-Header-Add-1:[header-add-1] X-Header-Add-2:[add-val-2 header-add-2] X-Header-Add-3:[header-add-3] X-Header-Set-1:[header-set-1] X-Header-Set-2:[header-set-2]]
        Response Headers: map[Content-Length:[507] Content-Type:[text/plain; charset=utf-8] Cross-Origin-Opener-Policy:[same-origin] Date:[Tue, 28 Jul 2026 05:03:58 GMT] Referrer-Policy:[strict-origin-when-cross-origin] X-Content-Type-Options:[nosniff] X-Frame-Options:[DENY] X-Permitted-Cross-Domain-Policies:[none]]
        
    httproute-request-header-modifier.go:209: 2026-07-28T05:03:58.452251425Z: Request passed
=== NAME  TestGatewayAPIConformance/MeshHTTPRouteBackendRequestHeaderModifier/0_request_to_'/set'_with_headers_should_go_to_echo-v1
    pod.go:70: 2026-07-28T05:03:58.458498486Z: Got resp RawContent:       [0] Url=http://echo/set
        [0] Header=Some-Other-Header:val
        [0] Latency=4.49309ms
        [0] ActiveRequests=1
        [0] StatusCode=200
        [0] ResponseHeader=Content-Length:290
        [0] ResponseHeader=Content-Type:text/plain; charset=utf-8
        [0] ResponseHeader=Cross-Origin-Opener-Policy:same-origin
        [0] ResponseHeader=Date:Tue, 28 Jul 2026 05:03:58 GMT
        [0] ResponseHeader=Referrer-Policy:strict-origin-when-cross-origin
        [0] ResponseHeader=X-Content-Type-Options:nosniff
        [0] ResponseHeader=X-Frame-Options:DENY
        [0] ResponseHeader=X-Permitted-Cross-Domain-Policies:none
        [0 body] ServiceVersion=
        [0 body] ServicePort=8080
        [0 body] Host=echo
        [0 body] URL=/set
        [0 body] Method=GET
        [0 body] Proto=HTTP/1.1
        [0 body] IP=10.244.0.8
        [0 body] RequestHeader=Accept-Encoding:gzip
        [0 body] RequestHeader=Some-Other-Header:val
        [0 body] RequestHeader=User-Agent:Go-http-client/1.1
        [0 body] RequestHeader=X-Header-Set:set-overwrites-values
        [0 body] Hostname=echo-v1-699dd9bfc7-g5xrx
        
        2026-07-28T05:03:58.455409Z	info	All requests succeeded
        
        ID:               
        Method:           GET
        Protocol:         HTTP/1.1
        Alpn:             
        URL:              /set
        Version:          
        Port:             8080
        Code:             200
        Host:             echo
        Hostname:         echo-v1-699dd9bfc7-g5xrx
        Cluster:          
        IP:               10.244.0.8
        Request Headers:  map[Accept-Encoding:[gzip] Some-Other-Header:[val] User-Agent:[Go-http-client/1.1] X-Header-Set:[set-overwrites-values]]
        Response Headers: map[Content-Length:[290] Content-Type:[text/plain; charset=utf-8] Cross-Origin-Opener-Policy:[same-origin] Date:[Tue, 28 Jul 2026 05:03:58 GMT] Referrer-Policy:[strict-origin-when-cross-origin] X-Content-Type-Options:[nosniff] X-Frame-Options:[DENY] X-Permitted-Cross-Domain-Policies:[none]]
        
    httproute-request-header-modifier.go:209: 2026-07-28T05:03:58.459090495Z: Request passed
=== NAME  TestGatewayAPIConformance/MeshHTTPRouteBackendRequestHeaderModifier
    apply.go:283: 2026-07-28T05:03:58.459156377Z: Deleting mesh-request-header-modifier HTTPRoute
=== NAME  TestGatewayAPIConformance
    suite.go:504: 2026-07-28T05:03:58.465061977Z: Sleeping 10s for test isolation
=== RUN   TestGatewayAPIConformance/MeshHTTPRouteRewritePath
    conformance.go:70: 2026-07-28T05:04:08.471057607Z: Applying tests/mesh/httproute-rewrite-path.yaml
    apply.go:275: 2026-07-28T05:04:08.476631769Z: Creating mesh-rewrite-path HTTPRoute
    conformance.go:75: 2026-07-28T05:04:08.485859886Z: Running MeshHTTPRouteRewritePath, relying on the following features: Mesh-standard, HTTPRoute-standard, MeshHTTPRouteRewritePath-standard
=== RUN   TestGatewayAPIConformance/MeshHTTPRouteRewritePath/0_request_to_'echo/prefix/one/two'_should_go_to_echo-v1
    pod.go:70: 2026-07-28T05:04:08.616258677Z: Got resp RawContent:       [0] Url=http://echo/prefix/one/two
        [0] Latency=6.12585ms
        [0] ActiveRequests=1
        [0] StatusCode=200
        [0] ResponseHeader=Content-Length:248
        [0] ResponseHeader=Content-Type:text/plain; charset=utf-8
        [0] ResponseHeader=Date:Tue, 28 Jul 2026 05:04:08 GMT
        [0 body] ServiceVersion=
        [0 body] ServicePort=8080
        [0 body] Host=echo
        [0 body] URL=/prefix/one/two
        [0 body] Method=GET
        [0 body] Proto=HTTP/1.1
        [0 body] IP=10.244.0.33
        [0 body] RequestHeader=Accept-Encoding:gzip
        [0 body] RequestHeader=Connection:close
        [0 body] RequestHeader=User-Agent:Go-http-client/1.1
        [0 body] Hostname=echo-v2-7d46bf8884-7fs28
        
        2026-07-28T05:04:08.607916Z	info	All requests succeeded
        
        ID:               
        Method:           GET
        Protocol:         HTTP/1.1
        Alpn:             
        URL:              /prefix/one/two
        Version:          
        Port:             8080
        Code:             200
        Host:             echo
        Hostname:         echo-v2-7d46bf8884-7fs28
        Cluster:          
        IP:               10.244.0.33
        Request Headers:  map[Accept-Encoding:[gzip] Connection:[close] User-Agent:[Go-http-client/1.1]]
        Response Headers: map[Content-Length:[248] Content-Type:[text/plain; charset=utf-8] Date:[Tue, 28 Jul 2026 05:04:08 GMT]]
        
    pod.go:72: 2026-07-28T05:04:08.61638959Z: Response expectation failed for request: [client http://echo/prefix/one/two]  not ready yet: expected pod name to start with echo-v1, got echo-v2-7d46bf8884-7fs28 (after 2.215µs)
    pod.go:70: 2026-07-28T05:04:09.660961049Z: Got resp RawContent:       [0] Url=http://echo/prefix/one/two
        [0] Latency=2.180991ms
        [0] ActiveRequests=1
        [0] StatusCode=200
        [0] ResponseHeader=Content-Length:209
        [0] ResponseHeader=Content-Type:text/plain; charset=utf-8
        [0] ResponseHeader=Cross-Origin-Opener-Policy:same-origin
        [0] ResponseHeader=Date:Tue, 28 Jul 2026 05:04:09 GMT
        [0] ResponseHeader=Referrer-Policy:strict-origin-when-cross-origin
        [0] ResponseHeader=X-Content-Type-Options:nosniff
        [0] ResponseHeader=X-Frame-Options:DENY
        [0] ResponseHeader=X-Permitted-Cross-Domain-Policies:none
        [0 body] ServiceVersion=
        [0 body] ServicePort=8080
        [0 body] Host=echo
        [0 body] URL=/one/two
        [0 body] Method=GET
        [0 body] Proto=HTTP/1.1
        [0 body] IP=10.244.0.8
        [0 body] RequestHeader=Accept-Encoding:gzip
        [0 body] RequestHeader=User-Agent:Go-http-client/1.1
        [0 body] Hostname=echo-v1-699dd9bfc7-g5xrx
        
        2026-07-28T05:04:09.657667Z	info	All requests succeeded
        
        ID:               
        Method:           GET
        Protocol:         HTTP/1.1
        Alpn:             
        URL:              /one/two
        Version:          
        Port:             8080
        Code:             200
        Host:             echo
        Hostname:         echo-v1-699dd9bfc7-g5xrx
        Cluster:          
        IP:               10.244.0.8
        Request Headers:  map[Accept-Encoding:[gzip] User-Agent:[Go-http-client/1.1]]
        Response Headers: map[Content-Length:[209] Content-Type:[text/plain; charset=utf-8] Cross-Origin-Opener-Policy:[same-origin] Date:[Tue, 28 Jul 2026 05:04:09 GMT] Referrer-Policy:[strict-origin-when-cross-origin] X-Content-Type-Options:[nosniff] X-Frame-Options:[DENY] X-Permitted-Cross-Domain-Policies:[none]]
        
    pod.go:70: 2026-07-28T05:04:09.707950101Z: Got resp RawContent:       [0] Url=http://echo/prefix/one/two
        [0] Latency=2.002336ms
        [0] ActiveRequests=1
        [0] StatusCode=200
        [0] ResponseHeader=Content-Length:209
        [0] ResponseHeader=Content-Type:text/plain; charset=utf-8
        [0] ResponseHeader=Cross-Origin-Opener-Policy:same-origin
        [0] ResponseHeader=Date:Tue, 28 Jul 2026 05:04:09 GMT
        [0] ResponseHeader=Referrer-Policy:strict-origin-when-cross-origin
        [0] ResponseHeader=X-Content-Type-Options:nosniff
        [0] ResponseHeader=X-Frame-Options:DENY
        [0] ResponseHeader=X-Permitted-Cross-Domain-Policies:none
        [0 body] ServiceVersion=
        [0 body] ServicePort=8080
        [0 body] Host=echo
        [0 body] URL=/one/two
        [0 body] Method=GET
        [0 body] Proto=HTTP/1.1
        [0 body] IP=10.244.0.8
        [0 body] RequestHeader=Accept-Encoding:gzip
        [0 body] RequestHeader=User-Agent:Go-http-client/1.1
        [0 body] Hostname=echo-v1-699dd9bfc7-g5xrx
        
        2026-07-28T05:04:09.704636Z	info	All requests succeeded
        
        ID:               
        Method:           GET
        Protocol:         HTTP/1.1
        Alpn:             
        URL:              /one/two
        Version:          
        Port:             8080
        Code:             200
        Host:             echo
        Hostname:         echo-v1-699dd9bfc7-g5xrx
        Cluster:          
        IP:               10.244.0.8
        Request Headers:  map[Accept-Encoding:[gzip] User-Agent:[Go-http-client/1.1]]
        Response Headers: map[Content-Length:[209] Content-Type:[text/plain; charset=utf-8] Cross-Origin-Opener-Policy:[same-origin] Date:[Tue, 28 Jul 2026 05:04:09 GMT] Referrer-Policy:[strict-origin-when-cross-origin] X-Content-Type-Options:[nosniff] X-Frame-Options:[DENY] X-Permitted-Cross-Domain-Policies:[none]]
        
    pod.go:70: 2026-07-28T05:04:09.753342009Z: Got resp RawContent:       [0] Url=http://echo/prefix/one/two
        [0] Latency=3.357221ms
        [0] ActiveRequests=1
        [0] StatusCode=200
        [0] ResponseHeader=Content-Length:209
        [0] ResponseHeader=Content-Type:text/plain; charset=utf-8
        [0] ResponseHeader=Cross-Origin-Opener-Policy:same-origin
        [0] ResponseHeader=Date:Tue, 28 Jul 2026 05:04:09 GMT
        [0] ResponseHeader=Referrer-Policy:strict-origin-when-cross-origin
        [0] ResponseHeader=X-Content-Type-Options:nosniff
        [0] ResponseHeader=X-Frame-Options:DENY
        [0] ResponseHeader=X-Permitted-Cross-Domain-Policies:none
        [0 body] ServiceVersion=
        [0 body] ServicePort=8080
        [0 body] Host=echo
        [0 body] URL=/one/two
        [0 body] Method=GET
        [0 body] Proto=HTTP/1.1
        [0 body] IP=10.244.0.8
        [0 body] RequestHeader=Accept-Encoding:gzip
        [0 body] RequestHeader=User-Agent:Go-http-client/1.1
        [0 body] Hostname=echo-v1-699dd9bfc7-g5xrx
        
        2026-07-28T05:04:09.750111Z	info	All requests succeeded
        
        ID:               
        Method:           GET
        Protocol:         HTTP/1.1
        Alpn:             
        URL:              /one/two
        Version:          
        Port:             8080
        Code:             200
        Host:             echo
        Hostname:         echo-v1-699dd9bfc7-g5xrx
        Cluster:          
        IP:               10.244.0.8
        Request Headers:  map[Accept-Encoding:[gzip] User-Agent:[Go-http-client/1.1]]
        Response Headers: map[Content-Length:[209] Content-Type:[text/plain; charset=utf-8] Cross-Origin-Opener-Policy:[same-origin] Date:[Tue, 28 Jul 2026 05:04:09 GMT] Referrer-Policy:[strict-origin-when-cross-origin] X-Content-Type-Options:[nosniff] X-Frame-Options:[DENY] X-Permitted-Cross-Domain-Policies:[none]]
        
    httproute-rewrite-path.go:151: 2026-07-28T05:04:09.753468774Z: Request passed
=== RUN   TestGatewayAPIConformance/MeshHTTPRouteRewritePath/1_request_to_'echo/strip-prefix/three'_should_go_to_echo-v1
    pod.go:70: 2026-07-28T05:04:09.800505869Z: Got resp RawContent:       [0] Url=http://echo/strip-prefix/three
        [0] Latency=2.122325ms
        [0] ActiveRequests=1
        [0] StatusCode=200
        [0] ResponseHeader=Content-Length:207
        [0] ResponseHeader=Content-Type:text/plain; charset=utf-8
        [0] ResponseHeader=Cross-Origin-Opener-Policy:same-origin
        [0] ResponseHeader=Date:Tue, 28 Jul 2026 05:04:09 GMT
        [0] ResponseHeader=Referrer-Policy:strict-origin-when-cross-origin
        [0] ResponseHeader=X-Content-Type-Options:nosniff
        [0] ResponseHeader=X-Frame-Options:DENY
        [0] ResponseHeader=X-Permitted-Cross-Domain-Policies:none
        [0 body] ServiceVersion=
        [0 body] ServicePort=8080
        [0 body] Host=echo
        [0 body] URL=/three
        [0 body] Method=GET
        [0 body] Proto=HTTP/1.1
        [0 body] IP=10.244.0.8
        [0 body] RequestHeader=Accept-Encoding:gzip
        [0 body] RequestHeader=User-Agent:Go-http-client/1.1
        [0 body] Hostname=echo-v1-699dd9bfc7-g5xrx
        
        2026-07-28T05:04:09.797229Z	info	All requests succeeded
        
        ID:               
        Method:           GET
        Protocol:         HTTP/1.1
        Alpn:             
        URL:              /three
        Version:          
        Port:             8080
        Code:             200
        Host:             echo
        Hostname:         echo-v1-699dd9bfc7-g5xrx
        Cluster:          
        IP:               10.244.0.8
        Request Headers:  map[Accept-Encoding:[gzip] User-Agent:[Go-http-client/1.1]]
        Response Headers: map[Content-Length:[207] Content-Type:[text/plain; charset=utf-8] Cross-Origin-Opener-Policy:[same-origin] Date:[Tue, 28 Jul 2026 05:04:09 GMT] Referrer-Policy:[strict-origin-when-cross-origin] X-Content-Type-Options:[nosniff] X-Frame-Options:[DENY] X-Permitted-Cross-Domain-Policies:[none]]
        
    pod.go:70: 2026-07-28T05:04:09.847182729Z: Got resp RawContent:       [0] Url=http://echo/strip-prefix/three
        [0] Latency=2.523519ms
        [0] ActiveRequests=1
        [0] StatusCode=200
        [0] ResponseHeader=Content-Length:207
        [0] ResponseHeader=Content-Type:text/plain; charset=utf-8
        [0] ResponseHeader=Cross-Origin-Opener-Policy:same-origin
        [0] ResponseHeader=Date:Tue, 28 Jul 2026 05:04:09 GMT
        [0] ResponseHeader=Referrer-Policy:strict-origin-when-cross-origin
        [0] ResponseHeader=X-Content-Type-Options:nosniff
        [0] ResponseHeader=X-Frame-Options:DENY
        [0] ResponseHeader=X-Permitted-Cross-Domain-Policies:none
        [0 body] ServiceVersion=
        [0 body] ServicePort=8080
        [0 body] Host=echo
        [0 body] URL=/three
        [0 body] Method=GET
        [0 body] Proto=HTTP/1.1
        [0 body] IP=10.244.0.8
        [0 body] RequestHeader=Accept-Encoding:gzip
        [0 body] RequestHeader=User-Agent:Go-http-client/1.1
        [0 body] Hostname=echo-v1-699dd9bfc7-g5xrx
        
        2026-07-28T05:04:09.844153Z	info	All requests succeeded
        
        ID:               
        Method:           GET
        Protocol:         HTTP/1.1
        Alpn:             
        URL:              /three
        Version:          
        Port:             8080
        Code:             200
        Host:             echo
        Hostname:         echo-v1-699dd9bfc7-g5xrx
        Cluster:          
        IP:               10.244.0.8
        Request Headers:  map[Accept-Encoding:[gzip] User-Agent:[Go-http-client/1.1]]
        Response Headers: map[Content-Length:[207] Content-Type:[text/plain; charset=utf-8] Cross-Origin-Opener-Policy:[same-origin] Date:[Tue, 28 Jul 2026 05:04:09 GMT] Referrer-Policy:[strict-origin-when-cross-origin] X-Content-Type-Options:[nosniff] X-Frame-Options:[DENY] X-Permitted-Cross-Domain-Policies:[none]]
        
    pod.go:70: 2026-07-28T05:04:09.896237273Z: Got resp RawContent:       [0] Url=http://echo/strip-prefix/three
        [0] Latency=2.90477ms
        [0] ActiveRequests=1
        [0] StatusCode=200
        [0] ResponseHeader=Content-Length:207
        [0] ResponseHeader=Content-Type:text/plain; charset=utf-8
        [0] ResponseHeader=Cross-Origin-Opener-Policy:same-origin
        [0] ResponseHeader=Date:Tue, 28 Jul 2026 05:04:09 GMT
        [0] ResponseHeader=Referrer-Policy:strict-origin-when-cross-origin
        [0] ResponseHeader=X-Content-Type-Options:nosniff
        [0] ResponseHeader=X-Frame-Options:DENY
        [0] ResponseHeader=X-Permitted-Cross-Domain-Policies:none
        [0 body] ServiceVersion=
        [0 body] ServicePort=8080
        [0 body] Host=echo
        [0 body] URL=/three
        [0 body] Method=GET
        [0 body] Proto=HTTP/1.1
        [0 body] IP=10.244.0.8
        [0 body] RequestHeader=Accept-Encoding:gzip
        [0 body] RequestHeader=User-Agent:Go-http-client/1.1
        [0 body] Hostname=echo-v1-699dd9bfc7-g5xrx
        
        2026-07-28T05:04:09.892841Z	info	All requests succeeded
        
        ID:               
        Method:           GET
        Protocol:         HTTP/1.1
        Alpn:             
        URL:              /three
        Version:          
        Port:             8080
        Code:             200
        Host:             echo
        Hostname:         echo-v1-699dd9bfc7-g5xrx
        Cluster:          
        IP:               10.244.0.8
        Request Headers:  map[Accept-Encoding:[gzip] User-Agent:[Go-http-client/1.1]]
        Response Headers: map[Content-Length:[207] Content-Type:[text/plain; charset=utf-8] Cross-Origin-Opener-Policy:[same-origin] Date:[Tue, 28 Jul 2026 05:04:09 GMT] Referrer-Policy:[strict-origin-when-cross-origin] X-Content-Type-Options:[nosniff] X-Frame-Options:[DENY] X-Permitted-Cross-Domain-Policies:[none]]
        
    httproute-rewrite-path.go:151: 2026-07-28T05:04:09.896378174Z: Request passed
=== RUN   TestGatewayAPIConformance/MeshHTTPRouteRewritePath/2_request_to_'echo/strip-prefix'_should_go_to_echo-v1
    pod.go:70: 2026-07-28T05:04:09.950770325Z: Got resp RawContent:       [0] Url=http://echo/strip-prefix
        [0] Latency=2.392624ms
        [0] ActiveRequests=1
        [0] StatusCode=200
        [0] ResponseHeader=Content-Length:202
        [0] ResponseHeader=Content-Type:text/plain; charset=utf-8
        [0] ResponseHeader=Cross-Origin-Opener-Policy:same-origin
        [0] ResponseHeader=Date:Tue, 28 Jul 2026 05:04:09 GMT
        [0] ResponseHeader=Referrer-Policy:strict-origin-when-cross-origin
        [0] ResponseHeader=X-Content-Type-Options:nosniff
        [0] ResponseHeader=X-Frame-Options:DENY
        [0] ResponseHeader=X-Permitted-Cross-Domain-Policies:none
        [0 body] ServiceVersion=
        [0 body] ServicePort=8080
        [0 body] Host=echo
        [0 body] URL=/
        [0 body] Method=GET
        [0 body] Proto=HTTP/1.1
        [0 body] IP=10.244.0.8
        [0 body] RequestHeader=Accept-Encoding:gzip
        [0 body] RequestHeader=User-Agent:Go-http-client/1.1
        [0 body] Hostname=echo-v1-699dd9bfc7-g5xrx
        
        2026-07-28T05:04:09.947237Z	info	All requests succeeded
        
        ID:               
        Method:           GET
        Protocol:         HTTP/1.1
        Alpn:             
        URL:              /
        Version:          
        Port:             8080
        Code:             200
        Host:             echo
        Hostname:         echo-v1-699dd9bfc7-g5xrx
        Cluster:          
        IP:               10.244.0.8
        Request Headers:  map[Accept-Encoding:[gzip] User-Agent:[Go-http-client/1.1]]
        Response Headers: map[Content-Length:[202] Content-Type:[text/plain; charset=utf-8] Cross-Origin-Opener-Policy:[same-origin] Date:[Tue, 28 Jul 2026 05:04:09 GMT] Referrer-Policy:[strict-origin-when-cross-origin] X-Content-Type-Options:[nosniff] X-Frame-Options:[DENY] X-Permitted-Cross-Domain-Policies:[none]]
        
    pod.go:70: 2026-07-28T05:04:09.994862372Z: Got resp RawContent:       [0] Url=http://echo/strip-prefix
        [0] Latency=2.302895ms
        [0] ActiveRequests=1
        [0] StatusCode=200
        [0] ResponseHeader=Content-Length:202
        [0] ResponseHeader=Content-Type:text/plain; charset=utf-8
        [0] ResponseHeader=Cross-Origin-Opener-Policy:same-origin
        [0] ResponseHeader=Date:Tue, 28 Jul 2026 05:04:09 GMT
        [0] ResponseHeader=Referrer-Policy:strict-origin-when-cross-origin
        [0] ResponseHeader=X-Content-Type-Options:nosniff
        [0] ResponseHeader=X-Frame-Options:DENY
        [0] ResponseHeader=X-Permitted-Cross-Domain-Policies:none
        [0 body] ServiceVersion=
        [0 body] ServicePort=8080
        [0 body] Host=echo
        [0 body] URL=/
        [0 body] Method=GET
        [0 body] Proto=HTTP/1.1
        [0 body] IP=10.244.0.8
        [0 body] RequestHeader=Accept-Encoding:gzip
        [0 body] RequestHeader=User-Agent:Go-http-client/1.1
        [0 body] Hostname=echo-v1-699dd9bfc7-g5xrx
        
        2026-07-28T05:04:09.991789Z	info	All requests succeeded
        
        ID:               
        Method:           GET
        Protocol:         HTTP/1.1
        Alpn:             
        URL:              /
        Version:          
        Port:             8080
        Code:             200
        Host:             echo
        Hostname:         echo-v1-699dd9bfc7-g5xrx
        Cluster:          
        IP:               10.244.0.8
        Request Headers:  map[Accept-Encoding:[gzip] User-Agent:[Go-http-client/1.1]]
        Response Headers: map[Content-Length:[202] Content-Type:[text/plain; charset=utf-8] Cross-Origin-Opener-Policy:[same-origin] Date:[Tue, 28 Jul 2026 05:04:09 GMT] Referrer-Policy:[strict-origin-when-cross-origin] X-Content-Type-Options:[nosniff] X-Frame-Options:[DENY] X-Permitted-Cross-Domain-Policies:[none]]
        
    pod.go:70: 2026-07-28T05:04:10.039296272Z: Got resp RawContent:       [0] Url=http://echo/strip-prefix
        [0] Latency=2.172751ms
        [0] ActiveRequests=1
        [0] StatusCode=200
        [0] ResponseHeader=Content-Length:202
        [0] ResponseHeader=Content-Type:text/plain; charset=utf-8
        [0] ResponseHeader=Cross-Origin-Opener-Policy:same-origin
        [0] ResponseHeader=Date:Tue, 28 Jul 2026 05:04:10 GMT
        [0] ResponseHeader=Referrer-Policy:strict-origin-when-cross-origin
        [0] ResponseHeader=X-Content-Type-Options:nosniff
        [0] ResponseHeader=X-Frame-Options:DENY
        [0] ResponseHeader=X-Permitted-Cross-Domain-Policies:none
        [0 body] ServiceVersion=
        [0 body] ServicePort=8080
        [0 body] Host=echo
        [0 body] URL=/
        [0 body] Method=GET
        [0 body] Proto=HTTP/1.1
        [0 body] IP=10.244.0.8
        [0 body] RequestHeader=Accept-Encoding:gzip
        [0 body] RequestHeader=User-Agent:Go-http-client/1.1
        [0 body] Hostname=echo-v1-699dd9bfc7-g5xrx
        
        2026-07-28T05:04:10.035723Z	info	All requests succeeded
        
        ID:               
        Method:           GET
        Protocol:         HTTP/1.1
        Alpn:             
        URL:              /
        Version:          
        Port:             8080
        Code:             200
        Host:             echo
        Hostname:         echo-v1-699dd9bfc7-g5xrx
        Cluster:          
        IP:               10.244.0.8
        Request Headers:  map[Accept-Encoding:[gzip] User-Agent:[Go-http-client/1.1]]
        Response Headers: map[Content-Length:[202] Content-Type:[text/plain; charset=utf-8] Cross-Origin-Opener-Policy:[same-origin] Date:[Tue, 28 Jul 2026 05:04:10 GMT] Referrer-Policy:[strict-origin-when-cross-origin] X-Content-Type-Options:[nosniff] X-Frame-Options:[DENY] X-Permitted-Cross-Domain-Policies:[none]]
        
    httproute-rewrite-path.go:151: 2026-07-28T05:04:10.039412808Z: Request passed
=== RUN   TestGatewayAPIConformance/MeshHTTPRouteRewritePath/3_request_to_'echo/full/one/two'_should_go_to_echo-v1
    pod.go:70: 2026-07-28T05:04:10.084360099Z: Got resp RawContent:       [0] Url=http://echo/full/one/two
        [0] Latency=2.788393ms
        [0] ActiveRequests=1
        [0] StatusCode=200
        [0] ResponseHeader=Content-Length:205
        [0] ResponseHeader=Content-Type:text/plain; charset=utf-8
        [0] ResponseHeader=Cross-Origin-Opener-Policy:same-origin
        [0] ResponseHeader=Date:Tue, 28 Jul 2026 05:04:10 GMT
        [0] ResponseHeader=Referrer-Policy:strict-origin-when-cross-origin
        [0] ResponseHeader=X-Content-Type-Options:nosniff
        [0] ResponseHeader=X-Frame-Options:DENY
        [0] ResponseHeader=X-Permitted-Cross-Domain-Policies:none
        [0 body] ServiceVersion=
        [0 body] ServicePort=8080
        [0 body] Host=echo
        [0 body] URL=/one
        [0 body] Method=GET
        [0 body] Proto=HTTP/1.1
        [0 body] IP=10.244.0.8
        [0 body] RequestHeader=Accept-Encoding:gzip
        [0 body] RequestHeader=User-Agent:Go-http-client/1.1
        [0 body] Hostname=echo-v1-699dd9bfc7-g5xrx
        
        2026-07-28T05:04:10.080930Z	info	All requests succeeded
        
        ID:               
        Method:           GET
        Protocol:         HTTP/1.1
        Alpn:             
        URL:              /one
        Version:          
        Port:             8080
        Code:             200
        Host:             echo
        Hostname:         echo-v1-699dd9bfc7-g5xrx
        Cluster:          
        IP:               10.244.0.8
        Request Headers:  map[Accept-Encoding:[gzip] User-Agent:[Go-http-client/1.1]]
        Response Headers: map[Content-Length:[205] Content-Type:[text/plain; charset=utf-8] Cross-Origin-Opener-Policy:[same-origin] Date:[Tue, 28 Jul 2026 05:04:10 GMT] Referrer-Policy:[strict-origin-when-cross-origin] X-Content-Type-Options:[nosniff] X-Frame-Options:[DENY] X-Permitted-Cross-Domain-Policies:[none]]
        
    pod.go:70: 2026-07-28T05:04:10.130984104Z: Got resp RawContent:       [0] Url=http://echo/full/one/two
        [0] Latency=2.887916ms
        [0] ActiveRequests=1
        [0] StatusCode=200
        [0] ResponseHeader=Content-Length:205
        [0] ResponseHeader=Content-Type:text/plain; charset=utf-8
        [0] ResponseHeader=Cross-Origin-Opener-Policy:same-origin
        [0] ResponseHeader=Date:Tue, 28 Jul 2026 05:04:10 GMT
        [0] ResponseHeader=Referrer-Policy:strict-origin-when-cross-origin
        [0] ResponseHeader=X-Content-Type-Options:nosniff
        [0] ResponseHeader=X-Frame-Options:DENY
        [0] ResponseHeader=X-Permitted-Cross-Domain-Policies:none
        [0 body] ServiceVersion=
        [0 body] ServicePort=8080
        [0 body] Host=echo
        [0 body] URL=/one
        [0 body] Method=GET
        [0 body] Proto=HTTP/1.1
        [0 body] IP=10.244.0.8
        [0 body] RequestHeader=Accept-Encoding:gzip
        [0 body] RequestHeader=User-Agent:Go-http-client/1.1
        [0 body] Hostname=echo-v1-699dd9bfc7-g5xrx
        
        2026-07-28T05:04:10.127481Z	info	All requests succeeded
        
        ID:               
        Method:           GET
        Protocol:         HTTP/1.1
        Alpn:             
        URL:              /one
        Version:          
        Port:             8080
        Code:             200
        Host:             echo
        Hostname:         echo-v1-699dd9bfc7-g5xrx
        Cluster:          
        IP:               10.244.0.8
        Request Headers:  map[Accept-Encoding:[gzip] User-Agent:[Go-http-client/1.1]]
        Response Headers: map[Content-Length:[205] Content-Type:[text/plain; charset=utf-8] Cross-Origin-Opener-Policy:[same-origin] Date:[Tue, 28 Jul 2026 05:04:10 GMT] Referrer-Policy:[strict-origin-when-cross-origin] X-Content-Type-Options:[nosniff] X-Frame-Options:[DENY] X-Permitted-Cross-Domain-Policies:[none]]
        
    pod.go:70: 2026-07-28T05:04:10.179437668Z: Got resp RawContent:       [0] Url=http://echo/full/one/two
        [0] Latency=2.362295ms
        [0] ActiveRequests=1
        [0] StatusCode=200
        [0] ResponseHeader=Content-Length:205
        [0] ResponseHeader=Content-Type:text/plain; charset=utf-8
        [0] ResponseHeader=Cross-Origin-Opener-Policy:same-origin
        [0] ResponseHeader=Date:Tue, 28 Jul 2026 05:04:10 GMT
        [0] ResponseHeader=Referrer-Policy:strict-origin-when-cross-origin
        [0] ResponseHeader=X-Content-Type-Options:nosniff
        [0] ResponseHeader=X-Frame-Options:DENY
        [0] ResponseHeader=X-Permitted-Cross-Domain-Policies:none
        [0 body] ServiceVersion=
        [0 body] ServicePort=8080
        [0 body] Host=echo
        [0 body] URL=/one
        [0 body] Method=GET
        [0 body] Proto=HTTP/1.1
        [0 body] IP=10.244.0.8
        [0 body] RequestHeader=Accept-Encoding:gzip
        [0 body] RequestHeader=User-Agent:Go-http-client/1.1
        [0 body] Hostname=echo-v1-699dd9bfc7-g5xrx
        
        2026-07-28T05:04:10.176115Z	info	All requests succeeded
        
        ID:               
        Method:           GET
        Protocol:         HTTP/1.1
        Alpn:             
        URL:              /one
        Version:          
        Port:             8080
        Code:             200
        Host:             echo
        Hostname:         echo-v1-699dd9bfc7-g5xrx
        Cluster:          
        IP:               10.244.0.8
        Request Headers:  map[Accept-Encoding:[gzip] User-Agent:[Go-http-client/1.1]]
        Response Headers: map[Content-Length:[205] Content-Type:[text/plain; charset=utf-8] Cross-Origin-Opener-Policy:[same-origin] Date:[Tue, 28 Jul 2026 05:04:10 GMT] Referrer-Policy:[strict-origin-when-cross-origin] X-Content-Type-Options:[nosniff] X-Frame-Options:[DENY] X-Permitted-Cross-Domain-Policies:[none]]
        
    httproute-rewrite-path.go:151: 2026-07-28T05:04:10.179589389Z: Request passed
=== RUN   TestGatewayAPIConformance/MeshHTTPRouteRewritePath/4_request_to_'echo/full/rewrite-path-and-modify-headers/test'_with_headers_should_go_to_echo-v1
    pod.go:70: 2026-07-28T05:04:10.227079708Z: Got resp RawContent:       [0] Url=http://echo/full/rewrite-path-and-modify-headers/test
        [0] Header=X-Header-Remove:remove-val
        [0] Header=X-Header-Add-Append:append-val-1
        [0] Header=X-Header-Set:set-val
        [0] Latency=1.878495ms
        [0] ActiveRequests=1
        [0] StatusCode=200
        [0] ResponseHeader=Content-Length:389
        [0] ResponseHeader=Content-Type:text/plain; charset=utf-8
        [0] ResponseHeader=Cross-Origin-Opener-Policy:same-origin
        [0] ResponseHeader=Date:Tue, 28 Jul 2026 05:04:10 GMT
        [0] ResponseHeader=Referrer-Policy:strict-origin-when-cross-origin
        [0] ResponseHeader=X-Content-Type-Options:nosniff
        [0] ResponseHeader=X-Frame-Options:DENY
        [0] ResponseHeader=X-Permitted-Cross-Domain-Policies:none
        [0 body] ServiceVersion=
        [0 body] ServicePort=8080
        [0 body] Host=echo
        [0 body] URL=/test
        [0 body] Method=GET
        [0 body] Proto=HTTP/1.1
        [0 body] IP=10.244.0.8
        [0 body] RequestHeader=Accept-Encoding:gzip
        [0 body] RequestHeader=User-Agent:Go-http-client/1.1
        [0 body] RequestHeader=X-Header-Add:header-val-1
        [0 body] RequestHeader=X-Header-Add-Append:append-val-1
        [0 body] RequestHeader=X-Header-Add-Append:header-val-2
        [0 body] RequestHeader=X-Header-Set:set-overwrites-values
        [0 body] Hostname=echo-v1-699dd9bfc7-g5xrx
        
        2026-07-28T05:04:10.223471Z	info	All requests succeeded
        
        ID:               
        Method:           GET
        Protocol:         HTTP/1.1
        Alpn:             
        URL:              /test
        Version:          
        Port:             8080
        Code:             200
        Host:             echo
        Hostname:         echo-v1-699dd9bfc7-g5xrx
        Cluster:          
        IP:               10.244.0.8
        Request Headers:  map[Accept-Encoding:[gzip] User-Agent:[Go-http-client/1.1] X-Header-Add:[header-val-1] X-Header-Add-Append:[append-val-1 header-val-2] X-Header-Set:[set-overwrites-values]]
        Response Headers: map[Content-Length:[389] Content-Type:[text/plain; charset=utf-8] Cross-Origin-Opener-Policy:[same-origin] Date:[Tue, 28 Jul 2026 05:04:10 GMT] Referrer-Policy:[strict-origin-when-cross-origin] X-Content-Type-Options:[nosniff] X-Frame-Options:[DENY] X-Permitted-Cross-Domain-Policies:[none]]
        
    pod.go:70: 2026-07-28T05:04:10.274138836Z: Got resp RawContent:       [0] Url=http://echo/full/rewrite-path-and-modify-headers/test
        [0] Header=X-Header-Set:set-val
        [0] Header=X-Header-Remove:remove-val
        [0] Header=X-Header-Add-Append:append-val-1
        [0] Latency=2.692302ms
        [0] ActiveRequests=1
        [0] StatusCode=200
        [0] ResponseHeader=Content-Length:389
        [0] ResponseHeader=Content-Type:text/plain; charset=utf-8
        [0] ResponseHeader=Cross-Origin-Opener-Policy:same-origin
        [0] ResponseHeader=Date:Tue, 28 Jul 2026 05:04:10 GMT
        [0] ResponseHeader=Referrer-Policy:strict-origin-when-cross-origin
        [0] ResponseHeader=X-Content-Type-Options:nosniff
        [0] ResponseHeader=X-Frame-Options:DENY
        [0] ResponseHeader=X-Permitted-Cross-Domain-Policies:none
        [0 body] ServiceVersion=
        [0 body] ServicePort=8080
        [0 body] Host=echo
        [0 body] URL=/test
        [0 body] Method=GET
        [0 body] Proto=HTTP/1.1
        [0 body] IP=10.244.0.8
        [0 body] RequestHeader=Accept-Encoding:gzip
        [0 body] RequestHeader=User-Agent:Go-http-client/1.1
        [0 body] RequestHeader=X-Header-Add:header-val-1
        [0 body] RequestHeader=X-Header-Add-Append:append-val-1
        [0 body] RequestHeader=X-Header-Add-Append:header-val-2
        [0 body] RequestHeader=X-Header-Set:set-overwrites-values
        [0 body] Hostname=echo-v1-699dd9bfc7-g5xrx
        
        2026-07-28T05:04:10.270923Z	info	All requests succeeded
        
        ID:               
        Method:           GET
        Protocol:         HTTP/1.1
        Alpn:             
        URL:              /test
        Version:          
        Port:             8080
        Code:             200
        Host:             echo
        Hostname:         echo-v1-699dd9bfc7-g5xrx
        Cluster:          
        IP:               10.244.0.8
        Request Headers:  map[Accept-Encoding:[gzip] User-Agent:[Go-http-client/1.1] X-Header-Add:[header-val-1] X-Header-Add-Append:[append-val-1 header-val-2] X-Header-Set:[set-overwrites-values]]
        Response Headers: map[Content-Length:[389] Content-Type:[text/plain; charset=utf-8] Cross-Origin-Opener-Policy:[same-origin] Date:[Tue, 28 Jul 2026 05:04:10 GMT] Referrer-Policy:[strict-origin-when-cross-origin] X-Content-Type-Options:[nosniff] X-Frame-Options:[DENY] X-Permitted-Cross-Domain-Policies:[none]]
        
    pod.go:70: 2026-07-28T05:04:10.326673733Z: Got resp RawContent:       [0] Url=http://echo/full/rewrite-path-and-modify-headers/test
        [0] Header=X-Header-Remove:remove-val
        [0] Header=X-Header-Add-Append:append-val-1
        [0] Header=X-Header-Set:set-val
        [0] Latency=3.86619ms
        [0] ActiveRequests=1
        [0] StatusCode=200
        [0] ResponseHeader=Content-Length:389
        [0] ResponseHeader=Content-Type:text/plain; charset=utf-8
        [0] ResponseHeader=Cross-Origin-Opener-Policy:same-origin
        [0] ResponseHeader=Date:Tue, 28 Jul 2026 05:04:10 GMT
        [0] ResponseHeader=Referrer-Policy:strict-origin-when-cross-origin
        [0] ResponseHeader=X-Content-Type-Options:nosniff
        [0] ResponseHeader=X-Frame-Options:DENY
        [0] ResponseHeader=X-Permitted-Cross-Domain-Policies:none
        [0 body] ServiceVersion=
        [0 body] ServicePort=8080
        [0 body] Host=echo
        [0 body] URL=/test
        [0 body] Method=GET
        [0 body] Proto=HTTP/1.1
        [0 body] IP=10.244.0.8
        [0 body] RequestHeader=Accept-Encoding:gzip
        [0 body] RequestHeader=User-Agent:Go-http-client/1.1
        [0 body] RequestHeader=X-Header-Add:header-val-1
        [0 body] RequestHeader=X-Header-Add-Append:append-val-1
        [0 body] RequestHeader=X-Header-Add-Append:header-val-2
        [0 body] RequestHeader=X-Header-Set:set-overwrites-values
        [0 body] Hostname=echo-v1-699dd9bfc7-g5xrx
        
        2026-07-28T05:04:10.323228Z	info	All requests succeeded
        
        ID:               
        Method:           GET
        Protocol:         HTTP/1.1
        Alpn:             
        URL:              /test
        Version:          
        Port:             8080
        Code:             200
        Host:             echo
        Hostname:         echo-v1-699dd9bfc7-g5xrx
        Cluster:          
        IP:               10.244.0.8
        Request Headers:  map[Accept-Encoding:[gzip] User-Agent:[Go-http-client/1.1] X-Header-Add:[header-val-1] X-Header-Add-Append:[append-val-1 header-val-2] X-Header-Set:[set-overwrites-values]]
        Response Headers: map[Content-Length:[389] Content-Type:[text/plain; charset=utf-8] Cross-Origin-Opener-Policy:[same-origin] Date:[Tue, 28 Jul 2026 05:04:10 GMT] Referrer-Policy:[strict-origin-when-cross-origin] X-Content-Type-Options:[nosniff] X-Frame-Options:[DENY] X-Permitted-Cross-Domain-Policies:[none]]
        
    httproute-rewrite-path.go:151: 2026-07-28T05:04:10.326857404Z: Request passed
=== RUN   TestGatewayAPIConformance/MeshHTTPRouteRewritePath/5_request_to_'echo/prefix/rewrite-path-and-modify-headers/one'_with_headers_should_go_to_echo-v1
    pod.go:70: 2026-07-28T05:04:10.37380792Z: Got resp RawContent:       [0] Url=http://echo/prefix/rewrite-path-and-modify-headers/one
        [0] Header=X-Header-Remove:remove-val
        [0] Header=X-Header-Add-Append:append-val-1
        [0] Header=X-Header-Set:set-val
        [0] Latency=2.654071ms
        [0] ActiveRequests=1
        [0] StatusCode=200
        [0] ResponseHeader=Content-Length:395
        [0] ResponseHeader=Content-Type:text/plain; charset=utf-8
        [0] ResponseHeader=Cross-Origin-Opener-Policy:same-origin
        [0] ResponseHeader=Date:Tue, 28 Jul 2026 05:04:10 GMT
        [0] ResponseHeader=Referrer-Policy:strict-origin-when-cross-origin
        [0] ResponseHeader=X-Content-Type-Options:nosniff
        [0] ResponseHeader=X-Frame-Options:DENY
        [0] ResponseHeader=X-Permitted-Cross-Domain-Policies:none
        [0 body] ServiceVersion=
        [0 body] ServicePort=8080
        [0 body] Host=echo
        [0 body] URL=/prefix/one
        [0 body] Method=GET
        [0 body] Proto=HTTP/1.1
        [0 body] IP=10.244.0.8
        [0 body] RequestHeader=Accept-Encoding:gzip
        [0 body] RequestHeader=User-Agent:Go-http-client/1.1
        [0 body] RequestHeader=X-Header-Add:header-val-1
        [0 body] RequestHeader=X-Header-Add-Append:append-val-1
        [0 body] RequestHeader=X-Header-Add-Append:header-val-2
        [0 body] RequestHeader=X-Header-Set:set-overwrites-values
        [0 body] Hostname=echo-v1-699dd9bfc7-g5xrx
        
        2026-07-28T05:04:10.370490Z	info	All requests succeeded
        
        ID:               
        Method:           GET
        Protocol:         HTTP/1.1
        Alpn:             
        URL:              /prefix/one
        Version:          
        Port:             8080
        Code:             200
        Host:             echo
        Hostname:         echo-v1-699dd9bfc7-g5xrx
        Cluster:          
        IP:               10.244.0.8
        Request Headers:  map[Accept-Encoding:[gzip] User-Agent:[Go-http-client/1.1] X-Header-Add:[header-val-1] X-Header-Add-Append:[append-val-1 header-val-2] X-Header-Set:[set-overwrites-values]]
        Response Headers: map[Content-Length:[395] Content-Type:[text/plain; charset=utf-8] Cross-Origin-Opener-Policy:[same-origin] Date:[Tue, 28 Jul 2026 05:04:10 GMT] Referrer-Policy:[strict-origin-when-cross-origin] X-Content-Type-Options:[nosniff] X-Frame-Options:[DENY] X-Permitted-Cross-Domain-Policies:[none]]
        
    pod.go:70: 2026-07-28T05:04:10.421158839Z: Got resp RawContent:       [0] Url=http://echo/prefix/rewrite-path-and-modify-headers/one
        [0] Header=X-Header-Set:set-val
        [0] Header=X-Header-Remove:remove-val
        [0] Header=X-Header-Add-Append:append-val-1
        [0] Latency=1.993926ms
        [0] ActiveRequests=1
        [0] StatusCode=200
        [0] ResponseHeader=Content-Length:395
        [0] ResponseHeader=Content-Type:text/plain; charset=utf-8
        [0] ResponseHeader=Cross-Origin-Opener-Policy:same-origin
        [0] ResponseHeader=Date:Tue, 28 Jul 2026 05:04:10 GMT
        [0] ResponseHeader=Referrer-Policy:strict-origin-when-cross-origin
        [0] ResponseHeader=X-Content-Type-Options:nosniff
        [0] ResponseHeader=X-Frame-Options:DENY
        [0] ResponseHeader=X-Permitted-Cross-Domain-Policies:none
        [0 body] ServiceVersion=
        [0 body] ServicePort=8080
        [0 body] Host=echo
        [0 body] URL=/prefix/one
        [0 body] Method=GET
        [0 body] Proto=HTTP/1.1
        [0 body] IP=10.244.0.8
        [0 body] RequestHeader=Accept-Encoding:gzip
        [0 body] RequestHeader=User-Agent:Go-http-client/1.1
        [0 body] RequestHeader=X-Header-Add:header-val-1
        [0 body] RequestHeader=X-Header-Add-Append:append-val-1
        [0 body] RequestHeader=X-Header-Add-Append:header-val-2
        [0 body] RequestHeader=X-Header-Set:set-overwrites-values
        [0 body] Hostname=echo-v1-699dd9bfc7-g5xrx
        
        2026-07-28T05:04:10.417774Z	info	All requests succeeded
        
        ID:               
        Method:           GET
        Protocol:         HTTP/1.1
        Alpn:             
        URL:              /prefix/one
        Version:          
        Port:             8080
        Code:             200
        Host:             echo
        Hostname:         echo-v1-699dd9bfc7-g5xrx
        Cluster:          
        IP:               10.244.0.8
        Request Headers:  map[Accept-Encoding:[gzip] User-Agent:[Go-http-client/1.1] X-Header-Add:[header-val-1] X-Header-Add-Append:[append-val-1 header-val-2] X-Header-Set:[set-overwrites-values]]
        Response Headers: map[Content-Length:[395] Content-Type:[text/plain; charset=utf-8] Cross-Origin-Opener-Policy:[same-origin] Date:[Tue, 28 Jul 2026 05:04:10 GMT] Referrer-Policy:[strict-origin-when-cross-origin] X-Content-Type-Options:[nosniff] X-Frame-Options:[DENY] X-Permitted-Cross-Domain-Policies:[none]]
        
    pod.go:70: 2026-07-28T05:04:10.47013046Z: Got resp RawContent:       [0] Url=http://echo/prefix/rewrite-path-and-modify-headers/one
        [0] Header=X-Header-Remove:remove-val
        [0] Header=X-Header-Add-Append:append-val-1
        [0] Header=X-Header-Set:set-val
        [0] Latency=2.477106ms
        [0] ActiveRequests=1
        [0] StatusCode=200
        [0] ResponseHeader=Content-Length:395
        [0] ResponseHeader=Content-Type:text/plain; charset=utf-8
        [0] ResponseHeader=Cross-Origin-Opener-Policy:same-origin
        [0] ResponseHeader=Date:Tue, 28 Jul 2026 05:04:10 GMT
        [0] ResponseHeader=Referrer-Policy:strict-origin-when-cross-origin
        [0] ResponseHeader=X-Content-Type-Options:nosniff
        [0] ResponseHeader=X-Frame-Options:DENY
        [0] ResponseHeader=X-Permitted-Cross-Domain-Policies:none
        [0 body] ServiceVersion=
        [0 body] ServicePort=8080
        [0 body] Host=echo
        [0 body] URL=/prefix/one
        [0 body] Method=GET
        [0 body] Proto=HTTP/1.1
        [0 body] IP=10.244.0.8
        [0 body] RequestHeader=Accept-Encoding:gzip
        [0 body] RequestHeader=User-Agent:Go-http-client/1.1
        [0 body] RequestHeader=X-Header-Add:header-val-1
        [0 body] RequestHeader=X-Header-Add-Append:append-val-1
        [0 body] RequestHeader=X-Header-Add-Append:header-val-2
        [0 body] RequestHeader=X-Header-Set:set-overwrites-values
        [0 body] Hostname=echo-v1-699dd9bfc7-g5xrx
        
        2026-07-28T05:04:10.466384Z	info	All requests succeeded
        
        ID:               
        Method:           GET
        Protocol:         HTTP/1.1
        Alpn:             
        URL:              /prefix/one
        Version:          
        Port:             8080
        Code:             200
        Host:             echo
        Hostname:         echo-v1-699dd9bfc7-g5xrx
        Cluster:          
        IP:               10.244.0.8
        Request Headers:  map[Accept-Encoding:[gzip] User-Agent:[Go-http-client/1.1] X-Header-Add:[header-val-1] X-Header-Add-Append:[append-val-1 header-val-2] X-Header-Set:[set-overwrites-values]]
        Response Headers: map[Content-Length:[395] Content-Type:[text/plain; charset=utf-8] Cross-Origin-Opener-Policy:[same-origin] Date:[Tue, 28 Jul 2026 05:04:10 GMT] Referrer-Policy:[strict-origin-when-cross-origin] X-Content-Type-Options:[nosniff] X-Frame-Options:[DENY] X-Permitted-Cross-Domain-Policies:[none]]
        
    httproute-rewrite-path.go:151: 2026-07-28T05:04:10.470400982Z: Request passed
=== NAME  TestGatewayAPIConformance/MeshHTTPRouteRewritePath
    apply.go:283: 2026-07-28T05:04:10.47044845Z: Deleting mesh-rewrite-path HTTPRoute
=== NAME  TestGatewayAPIConformance
    suite.go:504: 2026-07-28T05:04:10.475913655Z: Sleeping 10s for test isolation
=== RUN   TestGatewayAPIConformance/MeshHTTPRouteSimpleSameNamespace
    conformance.go:70: 2026-07-28T05:04:20.479985363Z: Applying tests/mesh/httproute-simple-same-namespace.yaml
    apply.go:275: 2026-07-28T05:04:20.484923321Z: Creating gateway-conformance-mesh-test HTTPRoute
    conformance.go:75: 2026-07-28T05:04:20.488649295Z: Running MeshHTTPRouteSimpleSameNamespace, relying on the following features: Mesh-standard, HTTPRoute-standard
=== RUN   TestGatewayAPIConformance/MeshHTTPRouteSimpleSameNamespace/Simple_HTTP_request_should_reach_infra-backend
    pod.go:70: 2026-07-28T05:04:20.701472118Z: Got resp RawContent:       [0] Url=http://echo/
        [0] Latency=2.552866ms
        [0] ActiveRequests=1
        [0] StatusCode=200
        [0] ResponseHeader=Content-Length:233
        [0] ResponseHeader=Content-Type:text/plain; charset=utf-8
        [0] ResponseHeader=Date:Tue, 28 Jul 2026 05:04:20 GMT
        [0 body] ServiceVersion=
        [0 body] ServicePort=8080
        [0 body] Host=echo
        [0 body] URL=/
        [0 body] Method=GET
        [0 body] Proto=HTTP/1.1
        [0 body] IP=10.244.0.1
        [0 body] RequestHeader=Accept-Encoding:gzip
        [0 body] RequestHeader=Connection:close
        [0 body] RequestHeader=User-Agent:Go-http-client/1.1
        [0 body] Hostname=echo-v1-699dd9bfc7-g5xrx
        
        2026-07-28T05:04:20.696211Z	info	All requests succeeded
        
        ID:               
        Method:           GET
        Protocol:         HTTP/1.1
        Alpn:             
        URL:              /
        Version:          
        Port:             8080
        Code:             200
        Host:             echo
        Hostname:         echo-v1-699dd9bfc7-g5xrx
        Cluster:          
        IP:               10.244.0.1
        Request Headers:  map[Accept-Encoding:[gzip] Connection:[close] User-Agent:[Go-http-client/1.1]]
        Response Headers: map[Content-Length:[233] Content-Type:[text/plain; charset=utf-8] Date:[Tue, 28 Jul 2026 05:04:20 GMT]]
        
    pod.go:70: 2026-07-28T05:04:21.794858094Z: Got resp RawContent:       [0] Url=http://echo/
        [0] Latency=1.042597771s
        [0] ActiveRequests=1
        [0] StatusCode=200
        [0] ResponseHeader=Content-Length:202
        [0] ResponseHeader=Content-Type:text/plain; charset=utf-8
        [0] ResponseHeader=Cross-Origin-Opener-Policy:same-origin
        [0] ResponseHeader=Date:Tue, 28 Jul 2026 05:04:21 GMT
        [0] ResponseHeader=Referrer-Policy:strict-origin-when-cross-origin
        [0] ResponseHeader=X-Content-Type-Options:nosniff
        [0] ResponseHeader=X-Frame-Options:DENY
        [0] ResponseHeader=X-Permitted-Cross-Domain-Policies:none
        [0 body] ServiceVersion=
        [0 body] ServicePort=8080
        [0 body] Host=echo
        [0 body] URL=/
        [0 body] Method=GET
        [0 body] Proto=HTTP/1.1
        [0 body] IP=10.244.0.8
        [0 body] RequestHeader=Accept-Encoding:gzip
        [0 body] RequestHeader=User-Agent:Go-http-client/1.1
        [0 body] Hostname=echo-v1-699dd9bfc7-g5xrx
        
        2026-07-28T05:04:21.791396Z	info	All requests succeeded
        
        ID:               
        Method:           GET
        Protocol:         HTTP/1.1
        Alpn:             
        URL:              /
        Version:          
        Port:             8080
        Code:             200
        Host:             echo
        Hostname:         echo-v1-699dd9bfc7-g5xrx
        Cluster:          
        IP:               10.244.0.8
        Request Headers:  map[Accept-Encoding:[gzip] User-Agent:[Go-http-client/1.1]]
        Response Headers: map[Content-Length:[202] Content-Type:[text/plain; charset=utf-8] Cross-Origin-Opener-Policy:[same-origin] Date:[Tue, 28 Jul 2026 05:04:21 GMT] Referrer-Policy:[strict-origin-when-cross-origin] X-Content-Type-Options:[nosniff] X-Frame-Options:[DENY] X-Permitted-Cross-Domain-Policies:[none]]
        
    pod.go:70: 2026-07-28T05:04:21.839420263Z: Got resp RawContent:       [0] Url=http://echo/
        [0] Latency=3.250549ms
        [0] ActiveRequests=1
        [0] StatusCode=200
        [0] ResponseHeader=Content-Length:202
        [0] ResponseHeader=Content-Type:text/plain; charset=utf-8
        [0] ResponseHeader=Cross-Origin-Opener-Policy:same-origin
        [0] ResponseHeader=Date:Tue, 28 Jul 2026 05:04:21 GMT
        [0] ResponseHeader=Referrer-Policy:strict-origin-when-cross-origin
        [0] ResponseHeader=X-Content-Type-Options:nosniff
        [0] ResponseHeader=X-Frame-Options:DENY
        [0] ResponseHeader=X-Permitted-Cross-Domain-Policies:none
        [0 body] ServiceVersion=
        [0 body] ServicePort=8080
        [0 body] Host=echo
        [0 body] URL=/
        [0 body] Method=GET
        [0 body] Proto=HTTP/1.1
        [0 body] IP=10.244.0.8
        [0 body] RequestHeader=Accept-Encoding:gzip
        [0 body] RequestHeader=User-Agent:Go-http-client/1.1
        [0 body] Hostname=echo-v1-699dd9bfc7-g5xrx
        
        2026-07-28T05:04:21.836104Z	info	All requests succeeded
        
        ID:               
        Method:           GET
        Protocol:         HTTP/1.1
        Alpn:             
        URL:              /
        Version:          
        Port:             8080
        Code:             200
        Host:             echo
        Hostname:         echo-v1-699dd9bfc7-g5xrx
        Cluster:          
        IP:               10.244.0.8
        Request Headers:  map[Accept-Encoding:[gzip] User-Agent:[Go-http-client/1.1]]
        Response Headers: map[Content-Length:[202] Content-Type:[text/plain; charset=utf-8] Cross-Origin-Opener-Policy:[same-origin] Date:[Tue, 28 Jul 2026 05:04:21 GMT] Referrer-Policy:[strict-origin-when-cross-origin] X-Content-Type-Options:[nosniff] X-Frame-Options:[DENY] X-Permitted-Cross-Domain-Policies:[none]]
        
    httproute-simple-same-namespace.go:44: 2026-07-28T05:04:21.839541638Z: Request passed
=== NAME  TestGatewayAPIConformance/MeshHTTPRouteSimpleSameNamespace
    apply.go:283: 2026-07-28T05:04:21.839589828Z: Deleting gateway-conformance-mesh-test HTTPRoute
=== NAME  TestGatewayAPIConformance
    suite.go:504: 2026-07-28T05:04:21.845887357Z: Sleeping 10s for test isolation
=== RUN   TestGatewayAPIConformance/MeshHTTPRouteWeight
    conformance.go:70: 2026-07-28T05:04:31.84680972Z: Applying tests/mesh/httproute-weight.yaml
    apply.go:275: 2026-07-28T05:04:31.85255785Z: Creating mesh-weighted-backends HTTPRoute
    conformance.go:75: 2026-07-28T05:04:31.857897702Z: Running MeshHTTPRouteWeight, relying on the following features: Mesh-standard, HTTPRoute-standard
=== RUN   TestGatewayAPIConformance/MeshHTTPRouteWeight/Requests_should_have_a_distribution_that_matches_the_weight
    pod.go:70: 2026-07-28T05:04:32.057836078Z: Got resp RawContent:       [0] Url=http://echo/
        [0] Latency=3.412092ms
        [0] ActiveRequests=1
        [0] StatusCode=200
        [0] ResponseHeader=Content-Length:234
        [0] ResponseHeader=Content-Type:text/plain; charset=utf-8
        [0] ResponseHeader=Date:Tue, 28 Jul 2026 05:04:32 GMT
        [0 body] ServiceVersion=
        [0 body] ServicePort=8080
        [0 body] Host=echo
        [0 body] URL=/
        [0 body] Method=GET
        [0 body] Proto=HTTP/1.1
        [0 body] IP=10.244.0.33
        [0 body] RequestHeader=Accept-Encoding:gzip
        [0 body] RequestHeader=Connection:close
        [0 body] RequestHeader=User-Agent:Go-http-client/1.1
        [0 body] Hostname=echo-v2-7d46bf8884-7fs28
        
        2026-07-28T05:04:32.050535Z	info	All requests succeeded
        
        ID:               
        Method:           GET
        Protocol:         HTTP/1.1
        Alpn:             
        URL:              /
        Version:          
        Port:             8080
        Code:             200
        Host:             echo
        Hostname:         echo-v2-7d46bf8884-7fs28
        Cluster:          
        IP:               10.244.0.33
        Request Headers:  map[Accept-Encoding:[gzip] Connection:[close] User-Agent:[Go-http-client/1.1]]
        Response Headers: map[Content-Length:[234] Content-Type:[text/plain; charset=utf-8] Date:[Tue, 28 Jul 2026 05:04:32 GMT]]
        
    pod.go:70: 2026-07-28T05:04:33.123285684Z: Got resp RawContent:       [0] Url=http://echo/
        [0] Latency=1.017829841s
        [0] ActiveRequests=1
        [0] StatusCode=200
        [0] ResponseHeader=Content-Length:202
        [0] ResponseHeader=Content-Type:text/plain; charset=utf-8
        [0] ResponseHeader=Cross-Origin-Opener-Policy:same-origin
        [0] ResponseHeader=Date:Tue, 28 Jul 2026 05:04:33 GMT
        [0] ResponseHeader=Referrer-Policy:strict-origin-when-cross-origin
        [0] ResponseHeader=X-Content-Type-Options:nosniff
        [0] ResponseHeader=X-Frame-Options:DENY
        [0] ResponseHeader=X-Permitted-Cross-Domain-Policies:none
        [0 body] ServiceVersion=
        [0 body] ServicePort=8080
        [0 body] Host=echo
        [0 body] URL=/
        [0 body] Method=GET
        [0 body] Proto=HTTP/1.1
        [0 body] IP=10.244.0.8
        [0 body] RequestHeader=Accept-Encoding:gzip
        [0 body] RequestHeader=User-Agent:Go-http-client/1.1
        [0 body] Hostname=echo-v1-699dd9bfc7-g5xrx
        
        2026-07-28T05:04:33.119368Z	info	All requests succeeded
        
        ID:               
        Method:           GET
        Protocol:         HTTP/1.1
        Alpn:             
        URL:              /
        Version:          
        Port:             8080
        Code:             200
        Host:             echo
        Hostname:         echo-v1-699dd9bfc7-g5xrx
        Cluster:          
        IP:               10.244.0.8
        Request Headers:  map[Accept-Encoding:[gzip] User-Agent:[Go-http-client/1.1]]
        Response Headers: map[Content-Length:[202] Content-Type:[text/plain; charset=utf-8] Cross-Origin-Opener-Policy:[same-origin] Date:[Tue, 28 Jul 2026 05:04:33 GMT] Referrer-Policy:[strict-origin-when-cross-origin] X-Content-Type-Options:[nosniff] X-Frame-Options:[DENY] X-Permitted-Cross-Domain-Policies:[none]]
        
    pod.go:70: 2026-07-28T05:04:33.172524316Z: Got resp RawContent:       [0] Url=http://echo/
        [0] Latency=3.029423ms
        [0] ActiveRequests=1
        [0] StatusCode=200
        [0] ResponseHeader=Content-Length:202
        [0] ResponseHeader=Content-Type:text/plain; charset=utf-8
        [0] ResponseHeader=Cross-Origin-Opener-Policy:same-origin
        [0] ResponseHeader=Date:Tue, 28 Jul 2026 05:04:33 GMT
        [0] ResponseHeader=Referrer-Policy:strict-origin-when-cross-origin
        [0] ResponseHeader=X-Content-Type-Options:nosniff
        [0] ResponseHeader=X-Frame-Options:DENY
        [0] ResponseHeader=X-Permitted-Cross-Domain-Policies:none
        [0 body] ServiceVersion=
        [0 body] ServicePort=8080
        [0 body] Host=echo
        [0 body] URL=/
        [0 body] Method=GET
        [0 body] Proto=HTTP/1.1
        [0 body] IP=10.244.0.8
        [0 body] RequestHeader=Accept-Encoding:gzip
        [0 body] RequestHeader=User-Agent:Go-http-client/1.1
        [0 body] Hostname=echo-v1-699dd9bfc7-g5xrx
        
        2026-07-28T05:04:33.169150Z	info	All requests succeeded
        
        ID:               
        Method:           GET
        Protocol:         HTTP/1.1
        Alpn:             
        URL:              /
        Version:          
        Port:             8080
        Code:             200
        Host:             echo
        Hostname:         echo-v1-699dd9bfc7-g5xrx
        Cluster:          
        IP:               10.244.0.8
        Request Headers:  map[Accept-Encoding:[gzip] User-Agent:[Go-http-client/1.1]]
        Response Headers: map[Content-Length:[202] Content-Type:[text/plain; charset=utf-8] Cross-Origin-Opener-Policy:[same-origin] Date:[Tue, 28 Jul 2026 05:04:33 GMT] Referrer-Policy:[strict-origin-when-cross-origin] X-Content-Type-Options:[nosniff] X-Frame-Options:[DENY] X-Permitted-Cross-Domain-Policies:[none]]
        
    httproute-weight.go:54: 2026-07-28T05:04:33.172679894Z: Request passed
    pod.go:299: 2026-07-28T05:04:34.214684629Z: Processed 500 requests
=== NAME  TestGatewayAPIConformance/MeshHTTPRouteWeight
    apply.go:283: 2026-07-28T05:04:34.214894258Z: Deleting mesh-weighted-backends HTTPRoute
=== NAME  TestGatewayAPIConformance
    suite.go:504: 2026-07-28T05:04:34.219640225Z: Sleeping 10s for test isolation
=== RUN   TestGatewayAPIConformance/MeshBasic
    conformance.go:75: 2026-07-28T05:04:44.220806103Z: Running MeshBasic, relying on the following features: Mesh-standard
=== RUN   TestGatewayAPIConformance/MeshBasic/0_request_to_'echo'_should_receive_one_of_[]
    pod.go:70: 2026-07-28T05:04:44.271693335Z: Got resp RawContent:       [0] Url=http://echo
        [0] Latency=2.102683ms
        [0] ActiveRequests=1
        [0] StatusCode=200
        [0] ResponseHeader=Content-Length:233
        [0] ResponseHeader=Content-Type:text/plain; charset=utf-8
        [0] ResponseHeader=Date:Tue, 28 Jul 2026 05:04:44 GMT
        [0 body] ServiceVersion=
        [0 body] ServicePort=8080
        [0 body] Host=echo
        [0 body] URL=/
        [0 body] Method=GET
        [0 body] Proto=HTTP/1.1
        [0 body] IP=10.244.0.1
        [0 body] RequestHeader=Accept-Encoding:gzip
        [0 body] RequestHeader=Connection:close
        [0 body] RequestHeader=User-Agent:Go-http-client/1.1
        [0 body] Hostname=echo-v1-699dd9bfc7-g5xrx
        
        2026-07-28T05:04:44.268589Z	info	All requests succeeded
        
        ID:               
        Method:           GET
        Protocol:         HTTP/1.1
        Alpn:             
        URL:              /
        Version:          
        Port:             8080
        Code:             200
        Host:             echo
        Hostname:         echo-v1-699dd9bfc7-g5xrx
        Cluster:          
        IP:               10.244.0.1
        Request Headers:  map[Accept-Encoding:[gzip] Connection:[close] User-Agent:[Go-http-client/1.1]]
        Response Headers: map[Content-Length:[233] Content-Type:[text/plain; charset=utf-8] Date:[Tue, 28 Jul 2026 05:04:44 GMT]]
        
    pod.go:70: 2026-07-28T05:04:44.318668793Z: Got resp RawContent:       [0] Url=http://echo
        [0] Latency=2.062611ms
        [0] ActiveRequests=1
        [0] StatusCode=200
        [0] ResponseHeader=Content-Length:233
        [0] ResponseHeader=Content-Type:text/plain; charset=utf-8
        [0] ResponseHeader=Date:Tue, 28 Jul 2026 05:04:44 GMT
        [0 body] ServiceVersion=
        [0 body] ServicePort=8080
        [0 body] Host=echo
        [0 body] URL=/
        [0 body] Method=GET
        [0 body] Proto=HTTP/1.1
        [0 body] IP=10.244.0.1
        [0 body] RequestHeader=Accept-Encoding:gzip
        [0 body] RequestHeader=Connection:close
        [0 body] RequestHeader=User-Agent:Go-http-client/1.1
        [0 body] Hostname=echo-v1-699dd9bfc7-g5xrx
        
        2026-07-28T05:04:44.315532Z	info	All requests succeeded
        
        ID:               
        Method:           GET
        Protocol:         HTTP/1.1
        Alpn:             
        URL:              /
        Version:          
        Port:             8080
        Code:             200
        Host:             echo
        Hostname:         echo-v1-699dd9bfc7-g5xrx
        Cluster:          
        IP:               10.244.0.1
        Request Headers:  map[Accept-Encoding:[gzip] Connection:[close] User-Agent:[Go-http-client/1.1]]
        Response Headers: map[Content-Length:[233] Content-Type:[text/plain; charset=utf-8] Date:[Tue, 28 Jul 2026 05:04:44 GMT]]
        
    pod.go:70: 2026-07-28T05:04:44.369327601Z: Got resp RawContent:       [0] Url=http://echo
        [0] Latency=1.347202ms
        [0] ActiveRequests=1
        [0] StatusCode=200
        [0] ResponseHeader=Content-Length:233
        [0] ResponseHeader=Content-Type:text/plain; charset=utf-8
        [0] ResponseHeader=Date:Tue, 28 Jul 2026 05:04:44 GMT
        [0 body] ServiceVersion=
        [0 body] ServicePort=8080
        [0 body] Host=echo
        [0 body] URL=/
        [0 body] Method=GET
        [0 body] Proto=HTTP/1.1
        [0 body] IP=10.244.0.1
        [0 body] RequestHeader=Accept-Encoding:gzip
        [0 body] RequestHeader=Connection:close
        [0 body] RequestHeader=User-Agent:Go-http-client/1.1
        [0 body] Hostname=echo-v1-699dd9bfc7-g5xrx
        
        2026-07-28T05:04:44.365911Z	info	All requests succeeded
        
        ID:               
        Method:           GET
        Protocol:         HTTP/1.1
        Alpn:             
        URL:              /
        Version:          
        Port:             8080
        Code:             200
        Host:             echo
        Hostname:         echo-v1-699dd9bfc7-g5xrx
        Cluster:          
        IP:               10.244.0.1
        Request Headers:  map[Accept-Encoding:[gzip] Connection:[close] User-Agent:[Go-http-client/1.1]]
        Response Headers: map[Content-Length:[233] Content-Type:[text/plain; charset=utf-8] Date:[Tue, 28 Jul 2026 05:04:44 GMT]]
        
    mesh-basic.go:55: 2026-07-28T05:04:44.369454948Z: Request passed
=== NAME  TestGatewayAPIConformance
    suite.go:504: 2026-07-28T05:04:44.369636144Z: Sleeping 10s for test isolation
=== RUN   TestGatewayAPIConformance/MeshConsumerRoute
    conformance.go:70: 2026-07-28T05:04:54.374556723Z: Applying tests/mesh/mesh-consumer-route.yaml
    apply.go:275: 2026-07-28T05:04:54.3807976Z: Creating mesh-echo-add-header HTTPRoute
    conformance.go:75: 2026-07-28T05:04:54.387259504Z: Running MeshConsumerRoute, relying on the following features: Mesh-standard, MeshConsumerRoute-standard, HTTPRoute-standard, HTTPRouteResponseHeaderModification-standard
=== RUN   TestGatewayAPIConformance/MeshConsumerRoute/request_from_consumer_route's_namespace_modified_by_HTTPRoute
    pod.go:70: 2026-07-28T05:04:54.639284925Z: Got resp RawContent:       [0] Url=http://echo-v1.gateway-conformance-mesh/
        [0] Latency=7.842799ms
        [0] ActiveRequests=1
        [0] StatusCode=200
        [0] ResponseHeader=Content-Length:230
        [0] ResponseHeader=Content-Type:text/plain; charset=utf-8
        [0] ResponseHeader=Cross-Origin-Opener-Policy:same-origin
        [0] ResponseHeader=Date:Tue, 28 Jul 2026 05:04:54 GMT
        [0] ResponseHeader=Referrer-Policy:strict-origin-when-cross-origin
        [0] ResponseHeader=X-Content-Type-Options:nosniff
        [0] ResponseHeader=X-Frame-Options:DENY
        [0] ResponseHeader=X-Header-Set:set
        [0] ResponseHeader=X-Permitted-Cross-Domain-Policies:none
        [0 body] ServiceVersion=
        [0 body] ServicePort=8080
        [0 body] Host=echo-v1.gateway-conformance-mesh
        [0 body] URL=/
        [0 body] Method=GET
        [0 body] Proto=HTTP/1.1
        [0 body] IP=10.244.0.8
        [0 body] RequestHeader=Accept-Encoding:gzip
        [0 body] RequestHeader=User-Agent:Go-http-client/1.1
        [0 body] Hostname=echo-v1-699dd9bfc7-g5xrx
        
        2026-07-28T05:04:54.634482Z	info	All requests succeeded
        
        ID:               
        Method:           GET
        Protocol:         HTTP/1.1
        Alpn:             
        URL:              /
        Version:          
        Port:             8080
        Code:             200
        Host:             echo-v1.gateway-conformance-mesh
        Hostname:         echo-v1-699dd9bfc7-g5xrx
        Cluster:          
        IP:               10.244.0.8
        Request Headers:  map[Accept-Encoding:[gzip] User-Agent:[Go-http-client/1.1]]
        Response Headers: map[Content-Length:[230] Content-Type:[text/plain; charset=utf-8] Cross-Origin-Opener-Policy:[same-origin] Date:[Tue, 28 Jul 2026 05:04:54 GMT] Referrer-Policy:[strict-origin-when-cross-origin] X-Content-Type-Options:[nosniff] X-Frame-Options:[DENY] X-Header-Set:[set] X-Permitted-Cross-Domain-Policies:[none]]
        
    pod.go:70: 2026-07-28T05:04:54.690964516Z: Got resp RawContent:       [0] Url=http://echo-v1.gateway-conformance-mesh/
        [0] Latency=3.152401ms
        [0] ActiveRequests=1
        [0] StatusCode=200
        [0] ResponseHeader=Content-Length:230
        [0] ResponseHeader=Content-Type:text/plain; charset=utf-8
        [0] ResponseHeader=Cross-Origin-Opener-Policy:same-origin
        [0] ResponseHeader=Date:Tue, 28 Jul 2026 05:04:54 GMT
        [0] ResponseHeader=Referrer-Policy:strict-origin-when-cross-origin
        [0] ResponseHeader=X-Content-Type-Options:nosniff
        [0] ResponseHeader=X-Frame-Options:DENY
        [0] ResponseHeader=X-Header-Set:set
        [0] ResponseHeader=X-Permitted-Cross-Domain-Policies:none
        [0 body] ServiceVersion=
        [0 body] ServicePort=8080
        [0 body] Host=echo-v1.gateway-conformance-mesh
        [0 body] URL=/
        [0 body] Method=GET
        [0 body] Proto=HTTP/1.1
        [0 body] IP=10.244.0.8
        [0 body] RequestHeader=Accept-Encoding:gzip
        [0 body] RequestHeader=User-Agent:Go-http-client/1.1
        [0 body] Hostname=echo-v1-699dd9bfc7-g5xrx
        
        2026-07-28T05:04:54.686448Z	info	All requests succeeded
        
        ID:               
        Method:           GET
        Protocol:         HTTP/1.1
        Alpn:             
        URL:              /
        Version:          
        Port:             8080
        Code:             200
        Host:             echo-v1.gateway-conformance-mesh
        Hostname:         echo-v1-699dd9bfc7-g5xrx
        Cluster:          
        IP:               10.244.0.8
        Request Headers:  map[Accept-Encoding:[gzip] User-Agent:[Go-http-client/1.1]]
        Response Headers: map[Content-Length:[230] Content-Type:[text/plain; charset=utf-8] Cross-Origin-Opener-Policy:[same-origin] Date:[Tue, 28 Jul 2026 05:04:54 GMT] Referrer-Policy:[strict-origin-when-cross-origin] X-Content-Type-Options:[nosniff] X-Frame-Options:[DENY] X-Header-Set:[set] X-Permitted-Cross-Domain-Policies:[none]]
        
    pod.go:70: 2026-07-28T05:04:54.755478458Z: Got resp RawContent:       [0] Url=http://echo-v1.gateway-conformance-mesh/
        [0] Latency=5.235029ms
        [0] ActiveRequests=1
        [0] StatusCode=200
        [0] ResponseHeader=Content-Length:230
        [0] ResponseHeader=Content-Type:text/plain; charset=utf-8
        [0] ResponseHeader=Cross-Origin-Opener-Policy:same-origin
        [0] ResponseHeader=Date:Tue, 28 Jul 2026 05:04:54 GMT
        [0] ResponseHeader=Referrer-Policy:strict-origin-when-cross-origin
        [0] ResponseHeader=X-Content-Type-Options:nosniff
        [0] ResponseHeader=X-Frame-Options:DENY
        [0] ResponseHeader=X-Header-Set:set
        [0] ResponseHeader=X-Permitted-Cross-Domain-Policies:none
        [0 body] ServiceVersion=
        [0 body] ServicePort=8080
        [0 body] Host=echo-v1.gateway-conformance-mesh
        [0 body] URL=/
        [0 body] Method=GET
        [0 body] Proto=HTTP/1.1
        [0 body] IP=10.244.0.8
        [0 body] RequestHeader=Accept-Encoding:gzip
        [0 body] RequestHeader=User-Agent:Go-http-client/1.1
        [0 body] Hostname=echo-v1-699dd9bfc7-g5xrx
        
        2026-07-28T05:04:54.749792Z	info	All requests succeeded
        
        ID:               
        Method:           GET
        Protocol:         HTTP/1.1
        Alpn:             
        URL:              /
        Version:          
        Port:             8080
        Code:             200
        Host:             echo-v1.gateway-conformance-mesh
        Hostname:         echo-v1-699dd9bfc7-g5xrx
        Cluster:          
        IP:               10.244.0.8
        Request Headers:  map[Accept-Encoding:[gzip] User-Agent:[Go-http-client/1.1]]
        Response Headers: map[Content-Length:[230] Content-Type:[text/plain; charset=utf-8] Cross-Origin-Opener-Policy:[same-origin] Date:[Tue, 28 Jul 2026 05:04:54 GMT] Referrer-Policy:[strict-origin-when-cross-origin] X-Content-Type-Options:[nosniff] X-Frame-Options:[DENY] X-Header-Set:[set] X-Permitted-Cross-Domain-Policies:[none]]
        
    mesh-consumer-route.go:79: 2026-07-28T05:04:54.755710138Z: Request passed
=== RUN   TestGatewayAPIConformance/MeshConsumerRoute/request_not_from_consumer_route's_namespace_not_modified_by_HTTPRoute
    pod.go:70: 2026-07-28T05:04:54.806552292Z: Got resp RawContent:       [0] Url=http://echo-v1.gateway-conformance-mesh/
        [0] Latency=2.782157ms
        [0] ActiveRequests=1
        [0] StatusCode=200
        [0] ResponseHeader=Content-Length:230
        [0] ResponseHeader=Content-Type:text/plain; charset=utf-8
        [0] ResponseHeader=Cross-Origin-Opener-Policy:same-origin
        [0] ResponseHeader=Date:Tue, 28 Jul 2026 05:04:54 GMT
        [0] ResponseHeader=Referrer-Policy:strict-origin-when-cross-origin
        [0] ResponseHeader=X-Content-Type-Options:nosniff
        [0] ResponseHeader=X-Frame-Options:DENY
        [0] ResponseHeader=X-Permitted-Cross-Domain-Policies:none
        [0 body] ServiceVersion=
        [0 body] ServicePort=8080
        [0 body] Host=echo-v1.gateway-conformance-mesh
        [0 body] URL=/
        [0 body] Method=GET
        [0 body] Proto=HTTP/1.1
        [0 body] IP=10.244.0.8
        [0 body] RequestHeader=Accept-Encoding:gzip
        [0 body] RequestHeader=User-Agent:Go-http-client/1.1
        [0 body] Hostname=echo-v1-699dd9bfc7-g5xrx
        
        2026-07-28T05:04:54.803491Z	info	All requests succeeded
        
        ID:               
        Method:           GET
        Protocol:         HTTP/1.1
        Alpn:             
        URL:              /
        Version:          
        Port:             8080
        Code:             200
        Host:             echo-v1.gateway-conformance-mesh
        Hostname:         echo-v1-699dd9bfc7-g5xrx
        Cluster:          
        IP:               10.244.0.8
        Request Headers:  map[Accept-Encoding:[gzip] User-Agent:[Go-http-client/1.1]]
        Response Headers: map[Content-Length:[230] Content-Type:[text/plain; charset=utf-8] Cross-Origin-Opener-Policy:[same-origin] Date:[Tue, 28 Jul 2026 05:04:54 GMT] Referrer-Policy:[strict-origin-when-cross-origin] X-Content-Type-Options:[nosniff] X-Frame-Options:[DENY] X-Permitted-Cross-Domain-Policies:[none]]
        
    pod.go:70: 2026-07-28T05:04:54.852926871Z: Got resp RawContent:       [0] Url=http://echo-v1.gateway-conformance-mesh/
        [0] Latency=3.280892ms
        [0] ActiveRequests=1
        [0] StatusCode=200
        [0] ResponseHeader=Content-Length:230
        [0] ResponseHeader=Content-Type:text/plain; charset=utf-8
        [0] ResponseHeader=Cross-Origin-Opener-Policy:same-origin
        [0] ResponseHeader=Date:Tue, 28 Jul 2026 05:04:54 GMT
        [0] ResponseHeader=Referrer-Policy:strict-origin-when-cross-origin
        [0] ResponseHeader=X-Content-Type-Options:nosniff
        [0] ResponseHeader=X-Frame-Options:DENY
        [0] ResponseHeader=X-Permitted-Cross-Domain-Policies:none
        [0 body] ServiceVersion=
        [0 body] ServicePort=8080
        [0 body] Host=echo-v1.gateway-conformance-mesh
        [0 body] URL=/
        [0 body] Method=GET
        [0 body] Proto=HTTP/1.1
        [0 body] IP=10.244.0.8
        [0 body] RequestHeader=Accept-Encoding:gzip
        [0 body] RequestHeader=User-Agent:Go-http-client/1.1
        [0 body] Hostname=echo-v1-699dd9bfc7-g5xrx
        
        2026-07-28T05:04:54.849324Z	info	All requests succeeded
        
        ID:               
        Method:           GET
        Protocol:         HTTP/1.1
        Alpn:             
        URL:              /
        Version:          
        Port:             8080
        Code:             200
        Host:             echo-v1.gateway-conformance-mesh
        Hostname:         echo-v1-699dd9bfc7-g5xrx
        Cluster:          
        IP:               10.244.0.8
        Request Headers:  map[Accept-Encoding:[gzip] User-Agent:[Go-http-client/1.1]]
        Response Headers: map[Content-Length:[230] Content-Type:[text/plain; charset=utf-8] Cross-Origin-Opener-Policy:[same-origin] Date:[Tue, 28 Jul 2026 05:04:54 GMT] Referrer-Policy:[strict-origin-when-cross-origin] X-Content-Type-Options:[nosniff] X-Frame-Options:[DENY] X-Permitted-Cross-Domain-Policies:[none]]
        
    pod.go:70: 2026-07-28T05:04:54.905472605Z: Got resp RawContent:       [0] Url=http://echo-v1.gateway-conformance-mesh/
        [0] Latency=2.450553ms
        [0] ActiveRequests=1
        [0] StatusCode=200
        [0] ResponseHeader=Content-Length:230
        [0] ResponseHeader=Content-Type:text/plain; charset=utf-8
        [0] ResponseHeader=Cross-Origin-Opener-Policy:same-origin
        [0] ResponseHeader=Date:Tue, 28 Jul 2026 05:04:54 GMT
        [0] ResponseHeader=Referrer-Policy:strict-origin-when-cross-origin
        [0] ResponseHeader=X-Content-Type-Options:nosniff
        [0] ResponseHeader=X-Frame-Options:DENY
        [0] ResponseHeader=X-Permitted-Cross-Domain-Policies:none
        [0 body] ServiceVersion=
        [0 body] ServicePort=8080
        [0 body] Host=echo-v1.gateway-conformance-mesh
        [0 body] URL=/
        [0 body] Method=GET
        [0 body] Proto=HTTP/1.1
        [0 body] IP=10.244.0.8
        [0 body] RequestHeader=Accept-Encoding:gzip
        [0 body] RequestHeader=User-Agent:Go-http-client/1.1
        [0 body] Hostname=echo-v1-699dd9bfc7-g5xrx
        
        2026-07-28T05:04:54.902144Z	info	All requests succeeded
        
        ID:               
        Method:           GET
        Protocol:         HTTP/1.1
        Alpn:             
        URL:              /
        Version:          
        Port:             8080
        Code:             200
        Host:             echo-v1.gateway-conformance-mesh
        Hostname:         echo-v1-699dd9bfc7-g5xrx
        Cluster:          
        IP:               10.244.0.8
        Request Headers:  map[Accept-Encoding:[gzip] User-Agent:[Go-http-client/1.1]]
        Response Headers: map[Content-Length:[230] Content-Type:[text/plain; charset=utf-8] Cross-Origin-Opener-Policy:[same-origin] Date:[Tue, 28 Jul 2026 05:04:54 GMT] Referrer-Policy:[strict-origin-when-cross-origin] X-Content-Type-Options:[nosniff] X-Frame-Options:[DENY] X-Permitted-Cross-Domain-Policies:[none]]
        
    mesh-consumer-route.go:84: 2026-07-28T05:04:54.905593149Z: Request passed
=== NAME  TestGatewayAPIConformance/MeshConsumerRoute
    apply.go:283: 2026-07-28T05:04:54.905642451Z: Deleting mesh-echo-add-header HTTPRoute
=== NAME  TestGatewayAPIConformance
    suite.go:504: 2026-07-28T05:04:54.9096409Z: Sleeping 10s for test isolation
=== RUN   TestGatewayAPIConformance/MeshFrontendHostname
    conformance.go:70: 2026-07-28T05:05:04.918901158Z: Applying tests/mesh/mesh-frontend.yaml
    apply.go:275: 2026-07-28T05:05:04.92565124Z: Creating mesh-split-v1 HTTPRoute
    conformance.go:75: 2026-07-28T05:05:04.93175926Z: Running MeshFrontendHostname, relying on the following features: Mesh-standard, MeshClusterIPMatching-standard, HTTPRoute-standard, HTTPRouteResponseHeaderModification-standard
=== RUN   TestGatewayAPIConformance/MeshFrontendHostname/Send_to_service_with_wrong_hostname
    pod.go:70: 2026-07-28T05:05:04.978638096Z: Got resp RawContent:       [0] Url=http://echo-v2
        [0] Latency=1.765419ms
        [0] ActiveRequests=1
        [0] StatusCode=200
        [0] ResponseHeader=Content-Length:237
        [0] ResponseHeader=Content-Type:text/plain; charset=utf-8
        [0] ResponseHeader=Date:Tue, 28 Jul 2026 05:05:04 GMT
        [0 body] ServiceVersion=
        [0 body] ServicePort=8080
        [0 body] Host=echo-v1
        [0 body] URL=/
        [0 body] Method=GET
        [0 body] Proto=HTTP/1.1
        [0 body] IP=10.244.0.33
        [0 body] RequestHeader=Accept-Encoding:gzip
        [0 body] RequestHeader=Connection:close
        [0 body] RequestHeader=User-Agent:Go-http-client/1.1
        [0 body] Hostname=echo-v2-7d46bf8884-7fs28
        
        2026-07-28T05:05:04.975369Z	info	All requests succeeded
        
        ID:               
        Method:           GET
        Protocol:         HTTP/1.1
        Alpn:             
        URL:              /
        Version:          
        Port:             8080
        Code:             200
        Host:             echo-v1
        Hostname:         echo-v2-7d46bf8884-7fs28
        Cluster:          
        IP:               10.244.0.33
        Request Headers:  map[Accept-Encoding:[gzip] Connection:[close] User-Agent:[Go-http-client/1.1]]
        Response Headers: map[Content-Length:[237] Content-Type:[text/plain; charset=utf-8] Date:[Tue, 28 Jul 2026 05:05:04 GMT]]
        
    pod.go:72: 2026-07-28T05:05:04.978906193Z: Response expectation failed for request: [client http://echo-v2 --method=GET -H Host:echo-v1]  not ready yet: expected header X-Header-Set=set, got  (after 1.523µs)
    pod.go:70: 2026-07-28T05:05:06.026661861Z: Got resp RawContent:       [0] Url=http://echo-v2
        [0] Latency=2.429022ms
        [0] ActiveRequests=1
        [0] StatusCode=200
        [0] ResponseHeader=Content-Length:237
        [0] ResponseHeader=Content-Type:text/plain; charset=utf-8
        [0] ResponseHeader=Date:Tue, 28 Jul 2026 05:05:06 GMT
        [0 body] ServiceVersion=
        [0 body] ServicePort=8080
        [0 body] Host=echo-v1
        [0 body] URL=/
        [0 body] Method=GET
        [0 body] Proto=HTTP/1.1
        [0 body] IP=10.244.0.33
        [0 body] RequestHeader=Accept-Encoding:gzip
        [0 body] RequestHeader=Connection:close
        [0 body] RequestHeader=User-Agent:Go-http-client/1.1
        [0 body] Hostname=echo-v2-7d46bf8884-7fs28
        
        2026-07-28T05:05:06.023838Z	info	All requests succeeded
        
        ID:               
        Method:           GET
        Protocol:         HTTP/1.1
        Alpn:             
        URL:              /
        Version:          
        Port:             8080
        Code:             200
        Host:             echo-v1
        Hostname:         echo-v2-7d46bf8884-7fs28
        Cluster:          
        IP:               10.244.0.33
        Request Headers:  map[Accept-Encoding:[gzip] Connection:[close] User-Agent:[Go-http-client/1.1]]
        Response Headers: map[Content-Length:[237] Content-Type:[text/plain; charset=utf-8] Date:[Tue, 28 Jul 2026 05:05:06 GMT]]
        
    pod.go:72: 2026-07-28T05:05:06.026789268Z: Response expectation failed for request: [client http://echo-v2 --method=GET -H Host:echo-v1]  not ready yet: expected header X-Header-Set=set, got  (after 1.04598247s)
    pod.go:70: 2026-07-28T05:05:07.073651563Z: Got resp RawContent:       [0] Url=http://echo-v2
        [0] Latency=1.613497ms
        [0] ActiveRequests=1
        [0] StatusCode=200
        [0] ResponseHeader=Content-Length:237
        [0] ResponseHeader=Content-Type:text/plain; charset=utf-8
        [0] ResponseHeader=Date:Tue, 28 Jul 2026 05:05:07 GMT
        [0 body] ServiceVersion=
        [0 body] ServicePort=8080
        [0 body] Host=echo-v1
        [0 body] URL=/
        [0 body] Method=GET
        [0 body] Proto=HTTP/1.1
        [0 body] IP=10.244.0.33
        [0 body] RequestHeader=Accept-Encoding:gzip
        [0 body] RequestHeader=Connection:close
        [0 body] RequestHeader=User-Agent:Go-http-client/1.1
        [0 body] Hostname=echo-v2-7d46bf8884-7fs28
        
        2026-07-28T05:05:07.070624Z	info	All requests succeeded
        
        ID:               
        Method:           GET
        Protocol:         HTTP/1.1
        Alpn:             
        URL:              /
        Version:          
        Port:             8080
        Code:             200
        Host:             echo-v1
        Hostname:         echo-v2-7d46bf8884-7fs28
        Cluster:          
        IP:               10.244.0.33
        Request Headers:  map[Accept-Encoding:[gzip] Connection:[close] User-Agent:[Go-http-client/1.1]]
        Response Headers: map[Content-Length:[237] Content-Type:[text/plain; charset=utf-8] Date:[Tue, 28 Jul 2026 05:05:07 GMT]]
        
    pod.go:72: 2026-07-28T05:05:07.073895559Z: Response expectation failed for request: [client http://echo-v2 --method=GET -H Host:echo-v1]  not ready yet: expected header X-Header-Set=set, got  (after 2.092991621s)
    pod.go:70: 2026-07-28T05:05:08.11898748Z: Got resp RawContent:       [0] Url=http://echo-v2
        [0] Latency=2.380558ms
        [0] ActiveRequests=1
        [0] StatusCode=200
        [0] ResponseHeader=Content-Length:237
        [0] ResponseHeader=Content-Type:text/plain; charset=utf-8
        [0] ResponseHeader=Date:Tue, 28 Jul 2026 05:05:08 GMT
        [0 body] ServiceVersion=
        [0 body] ServicePort=8080
        [0 body] Host=echo-v1
        [0 body] URL=/
        [0 body] Method=GET
        [0 body] Proto=HTTP/1.1
        [0 body] IP=10.244.0.33
        [0 body] RequestHeader=Accept-Encoding:gzip
        [0 body] RequestHeader=Connection:close
        [0 body] RequestHeader=User-Agent:Go-http-client/1.1
        [0 body] Hostname=echo-v2-7d46bf8884-7fs28
        
        2026-07-28T05:05:08.115670Z	info	All requests succeeded
        
        ID:               
        Method:           GET
        Protocol:         HTTP/1.1
        Alpn:             
        URL:              /
        Version:          
        Port:             8080
        Code:             200
        Host:             echo-v1
        Hostname:         echo-v2-7d46bf8884-7fs28
        Cluster:          
        IP:               10.244.0.33
        Request Headers:  map[Accept-Encoding:[gzip] Connection:[close] User-Agent:[Go-http-client/1.1]]
        Response Headers: map[Content-Length:[237] Content-Type:[text/plain; charset=utf-8] Date:[Tue, 28 Jul 2026 05:05:08 GMT]]
        
    pod.go:72: 2026-07-28T05:05:08.119114606Z: Response expectation failed for request: [client http://echo-v2 --method=GET -H Host:echo-v1]  not ready yet: expected header X-Header-Set=set, got  (after 3.140098074s)
    pod.go:70: 2026-07-28T05:05:09.164005006Z: Got resp RawContent:       [0] Url=http://echo-v2
        [0] Latency=2.038323ms
        [0] ActiveRequests=1
        [0] StatusCode=200
        [0] ResponseHeader=Content-Length:237
        [0] ResponseHeader=Content-Type:text/plain; charset=utf-8
        [0] ResponseHeader=Date:Tue, 28 Jul 2026 05:05:09 GMT
        [0 body] ServiceVersion=
        [0 body] ServicePort=8080
        [0 body] Host=echo-v1
        [0 body] URL=/
        [0 body] Method=GET
        [0 body] Proto=HTTP/1.1
        [0 body] IP=10.244.0.33
        [0 body] RequestHeader=Accept-Encoding:gzip
        [0 body] RequestHeader=Connection:close
        [0 body] RequestHeader=User-Agent:Go-http-client/1.1
        [0 body] Hostname=echo-v2-7d46bf8884-7fs28
        
        2026-07-28T05:05:09.160685Z	info	All requests succeeded
        
        ID:               
        Method:           GET
        Protocol:         HTTP/1.1
        Alpn:             
        URL:              /
        Version:          
        Port:             8080
        Code:             200
        Host:             echo-v1
        Hostname:         echo-v2-7d46bf8884-7fs28
        Cluster:          
        IP:               10.244.0.33
        Request Headers:  map[Accept-Encoding:[gzip] Connection:[close] User-Agent:[Go-http-client/1.1]]
        Response Headers: map[Content-Length:[237] Content-Type:[text/plain; charset=utf-8] Date:[Tue, 28 Jul 2026 05:05:09 GMT]]
        
    pod.go:72: 2026-07-28T05:05:09.164116453Z: Response expectation failed for request: [client http://echo-v2 --method=GET -H Host:echo-v1]  not ready yet: expected header X-Header-Set=set, got  (after 4.186253935s)
    pod.go:70: 2026-07-28T05:05:10.209123294Z: Got resp RawContent:       [0] Url=http://echo-v2
        [0] Latency=2.441386ms
        [0] ActiveRequests=1
        [0] StatusCode=200
        [0] ResponseHeader=Content-Length:237
        [0] ResponseHeader=Content-Type:text/plain; charset=utf-8
        [0] ResponseHeader=Date:Tue, 28 Jul 2026 05:05:10 GMT
        [0 body] ServiceVersion=
        [0 body] ServicePort=8080
        [0 body] Host=echo-v1
        [0 body] URL=/
        [0 body] Method=GET
        [0 body] Proto=HTTP/1.1
        [0 body] IP=10.244.0.33
        [0 body] RequestHeader=Accept-Encoding:gzip
        [0 body] RequestHeader=Connection:close
        [0 body] RequestHeader=User-Agent:Go-http-client/1.1
        [0 body] Hostname=echo-v2-7d46bf8884-7fs28
        
        2026-07-28T05:05:10.206005Z	info	All requests succeeded
        
        ID:               
        Method:           GET
        Protocol:         HTTP/1.1
        Alpn:             
        URL:              /
        Version:          
        Port:             8080
        Code:             200
        Host:             echo-v1
        Hostname:         echo-v2-7d46bf8884-7fs28
        Cluster:          
        IP:               10.244.0.33
        Request Headers:  map[Accept-Encoding:[gzip] Connection:[close] User-Agent:[Go-http-client/1.1]]
        Response Headers: map[Content-Length:[237] Content-Type:[text/plain; charset=utf-8] Date:[Tue, 28 Jul 2026 05:05:10 GMT]]
        
    pod.go:72: 2026-07-28T05:05:10.209247935Z: Response expectation failed for request: [client http://echo-v2 --method=GET -H Host:echo-v1]  not ready yet: expected header X-Header-Set=set, got  (after 5.230380913s)
    pod.go:70: 2026-07-28T05:05:11.255483868Z: Got resp RawContent:       [0] Url=http://echo-v2
        [0] Latency=2.970719ms
        [0] ActiveRequests=1
        [0] StatusCode=200
        [0] ResponseHeader=Content-Length:237
        [0] ResponseHeader=Content-Type:text/plain; charset=utf-8
        [0] ResponseHeader=Date:Tue, 28 Jul 2026 05:05:11 GMT
        [0 body] ServiceVersion=
        [0 body] ServicePort=8080
        [0 body] Host=echo-v1
        [0 body] URL=/
        [0 body] Method=GET
        [0 body] Proto=HTTP/1.1
        [0 body] IP=10.244.0.33
        [0 body] RequestHeader=Accept-Encoding:gzip
        [0 body] RequestHeader=Connection:close
        [0 body] RequestHeader=User-Agent:Go-http-client/1.1
        [0 body] Hostname=echo-v2-7d46bf8884-7fs28
        
        2026-07-28T05:05:11.252489Z	info	All requests succeeded
        
        ID:               
        Method:           GET
        Protocol:         HTTP/1.1
        Alpn:             
        URL:              /
        Version:          
        Port:             8080
        Code:             200
        Host:             echo-v1
        Hostname:         echo-v2-7d46bf8884-7fs28
        Cluster:          
        IP:               10.244.0.33
        Request Headers:  map[Accept-Encoding:[gzip] Connection:[close] User-Agent:[Go-http-client/1.1]]
        Response Headers: map[Content-Length:[237] Content-Type:[text/plain; charset=utf-8] Date:[Tue, 28 Jul 2026 05:05:11 GMT]]
        
    pod.go:72: 2026-07-28T05:05:11.255623527Z: Response expectation failed for request: [client http://echo-v2 --method=GET -H Host:echo-v1]  not ready yet: expected header X-Header-Set=set, got  (after 6.27548751s)
    pod.go:70: 2026-07-28T05:05:12.301602262Z: Got resp RawContent:       [0] Url=http://echo-v2
        [0] Latency=1.934366ms
        [0] ActiveRequests=1
        [0] StatusCode=200
        [0] ResponseHeader=Content-Length:237
        [0] ResponseHeader=Content-Type:text/plain; charset=utf-8
        [0] ResponseHeader=Date:Tue, 28 Jul 2026 05:05:12 GMT
        [0 body] ServiceVersion=
        [0 body] ServicePort=8080
        [0 body] Host=echo-v1
        [0 body] URL=/
        [0 body] Method=GET
        [0 body] Proto=HTTP/1.1
        [0 body] IP=10.244.0.33
        [0 body] RequestHeader=Accept-Encoding:gzip
        [0 body] RequestHeader=Connection:close
        [0 body] RequestHeader=User-Agent:Go-http-client/1.1
        [0 body] Hostname=echo-v2-7d46bf8884-7fs28
        
        2026-07-28T05:05:12.298389Z	info	All requests succeeded
        
        ID:               
        Method:           GET
        Protocol:         HTTP/1.1
        Alpn:             
        URL:              /
        Version:          
        Port:             8080
        Code:             200
        Host:             echo-v1
        Hostname:         echo-v2-7d46bf8884-7fs28
        Cluster:          
        IP:               10.244.0.33
        Request Headers:  map[Accept-Encoding:[gzip] Connection:[close] User-Agent:[Go-http-client/1.1]]
        Response Headers: map[Content-Length:[237] Content-Type:[text/plain; charset=utf-8] Date:[Tue, 28 Jul 2026 05:05:12 GMT]]
        
    pod.go:72: 2026-07-28T05:05:12.301782887Z: Response expectation failed for request: [client http://echo-v2 --method=GET -H Host:echo-v1]  not ready yet: expected header X-Header-Set=set, got  (after 7.321846177s)
    pod.go:67: 2026-07-28T05:05:13.372390903Z: Request [client http://echo-v2 --method=GET -H Host:echo-v1] failed, not ready yet: command terminated with exit code 1 (after 8.368921337s)
    pod.go:67: 2026-07-28T05:05:14.423174758Z: Request [client http://echo-v2 --method=GET -H Host:echo-v1] failed, not ready yet: command terminated with exit code 1 (after 9.439219795s)
    pod.go:67: 2026-07-28T05:05:15.468457964Z: Request [client http://echo-v2 --method=GET -H Host:echo-v1] failed, not ready yet: command terminated with exit code 1 (after 10.489464723s)
    pod.go:67: 2026-07-28T05:05:16.515435115Z: Request [client http://echo-v2 --method=GET -H Host:echo-v1] failed, not ready yet: command terminated with exit code 1 (after 11.534784318s)
    pod.go:67: 2026-07-28T05:05:17.558402323Z: Request [client http://echo-v2 --method=GET -H Host:echo-v1] failed, not ready yet: command terminated with exit code 1 (after 12.582536533s)
    pod.go:67: 2026-07-28T05:05:18.604182025Z: Request [client http://echo-v2 --method=GET -H Host:echo-v1] failed, not ready yet: command terminated with exit code 1 (after 13.625551016s)
    pod.go:67: 2026-07-28T05:05:19.658553351Z: Request [client http://echo-v2 --method=GET -H Host:echo-v1] failed, not ready yet: command terminated with exit code 1 (after 14.670387176s)
    pod.go:67: 2026-07-28T05:05:20.702417657Z: Request [client http://echo-v2 --method=GET -H Host:echo-v1] failed, not ready yet: command terminated with exit code 1 (after 15.725173703s)
    pod.go:67: 2026-07-28T05:05:21.745521259Z: Request [client http://echo-v2 --method=GET -H Host:echo-v1] failed, not ready yet: command terminated with exit code 1 (after 16.768828907s)
    pod.go:67: 2026-07-28T05:05:22.790744471Z: Request [client http://echo-v2 --method=GET -H Host:echo-v1] failed, not ready yet: command terminated with exit code 1 (after 17.811782098s)
    pod.go:67: 2026-07-28T05:05:23.837379132Z: Request [client http://echo-v2 --method=GET -H Host:echo-v1] failed, not ready yet: command terminated with exit code 1 (after 18.85702184s)
    pod.go:67: 2026-07-28T05:05:24.88958173Z: Request [client http://echo-v2 --method=GET -H Host:echo-v1] failed, not ready yet: command terminated with exit code 1 (after 19.903640813s)
    pod.go:67: 2026-07-28T05:05:25.949257577Z: Request [client http://echo-v2 --method=GET -H Host:echo-v1] failed, not ready yet: command terminated with exit code 1 (after 20.955871416s)
    pod.go:67: 2026-07-28T05:05:26.994284093Z: Request [client http://echo-v2 --method=GET -H Host:echo-v1] failed, not ready yet: command terminated with exit code 1 (after 22.015506102s)
    pod.go:67: 2026-07-28T05:05:28.042074531Z: Request [client http://echo-v2 --method=GET -H Host:echo-v1] failed, not ready yet: command terminated with exit code 1 (after 23.060501004s)
    pod.go:67: 2026-07-28T05:05:29.088899429Z: Request [client http://echo-v2 --method=GET -H Host:echo-v1] failed, not ready yet: command terminated with exit code 1 (after 24.108439308s)
    pod.go:67: 2026-07-28T05:05:30.13824063Z: Request [client http://echo-v2 --method=GET -H Host:echo-v1] failed, not ready yet: command terminated with exit code 1 (after 25.155374747s)
    pod.go:67: 2026-07-28T05:05:31.185434753Z: Request [client http://echo-v2 --method=GET -H Host:echo-v1] failed, not ready yet: command terminated with exit code 1 (after 26.205565114s)
    pod.go:67: 2026-07-28T05:05:32.232285175Z: Request [client http://echo-v2 --method=GET -H Host:echo-v1] failed, not ready yet: command terminated with exit code 1 (after 27.251938191s)
    pod.go:67: 2026-07-28T05:05:33.27861735Z: Request [client http://echo-v2 --method=GET -H Host:echo-v1] failed, not ready yet: command terminated with exit code 1 (after 28.298558615s)
    pod.go:67: 2026-07-28T05:05:34.323432727Z: Request [client http://echo-v2 --method=GET -H Host:echo-v1] failed, not ready yet: command terminated with exit code 1 (after 29.344913823s)
    http.go:266: 2026-07-28T05:05:34.933921403Z: timeout while waiting after 29 attempts, 0/3 successes
=== RUN   TestGatewayAPIConformance/MeshFrontendHostname/Send_to_other_service_with_matching_hostname
    pod.go:70: 2026-07-28T05:05:34.97871398Z: Got resp RawContent:       [0] Url=http://echo-v1
        [0] Latency=2.34885ms
        [0] ActiveRequests=1
        [0] StatusCode=200
        [0] ResponseHeader=Content-Length:236
        [0] ResponseHeader=Content-Type:text/plain; charset=utf-8
        [0] ResponseHeader=Date:Tue, 28 Jul 2026 05:05:34 GMT
        [0 body] ServiceVersion=
        [0 body] ServicePort=8080
        [0 body] Host=echo-v2
        [0 body] URL=/
        [0 body] Method=GET
        [0 body] Proto=HTTP/1.1
        [0 body] IP=10.244.0.1
        [0 body] RequestHeader=Accept-Encoding:gzip
        [0 body] RequestHeader=Connection:close
        [0 body] RequestHeader=User-Agent:Go-http-client/1.1
        [0 body] Hostname=echo-v1-699dd9bfc7-g5xrx
        
        2026-07-28T05:05:34.975538Z	info	All requests succeeded
        
        ID:               
        Method:           GET
        Protocol:         HTTP/1.1
        Alpn:             
        URL:              /
        Version:          
        Port:             8080
        Code:             200
        Host:             echo-v2
        Hostname:         echo-v1-699dd9bfc7-g5xrx
        Cluster:          
        IP:               10.244.0.1
        Request Headers:  map[Accept-Encoding:[gzip] Connection:[close] User-Agent:[Go-http-client/1.1]]
        Response Headers: map[Content-Length:[236] Content-Type:[text/plain; charset=utf-8] Date:[Tue, 28 Jul 2026 05:05:34 GMT]]
        
    pod.go:70: 2026-07-28T05:05:35.027074588Z: Got resp RawContent:       [0] Url=http://echo-v1
        [0] Latency=1.648913ms
        [0] ActiveRequests=1
        [0] StatusCode=200
        [0] ResponseHeader=Content-Length:236
        [0] ResponseHeader=Content-Type:text/plain; charset=utf-8
        [0] ResponseHeader=Date:Tue, 28 Jul 2026 05:05:35 GMT
        [0 body] ServiceVersion=
        [0 body] ServicePort=8080
        [0 body] Host=echo-v2
        [0 body] URL=/
        [0 body] Method=GET
        [0 body] Proto=HTTP/1.1
        [0 body] IP=10.244.0.1
        [0 body] RequestHeader=Accept-Encoding:gzip
        [0 body] RequestHeader=Connection:close
        [0 body] RequestHeader=User-Agent:Go-http-client/1.1
        [0 body] Hostname=echo-v1-699dd9bfc7-g5xrx
        
        2026-07-28T05:05:35.022748Z	info	All requests succeeded
        
        ID:               
        Method:           GET
        Protocol:         HTTP/1.1
        Alpn:             
        URL:              /
        Version:          
        Port:             8080
        Code:             200
        Host:             echo-v2
        Hostname:         echo-v1-699dd9bfc7-g5xrx
        Cluster:          
        IP:               10.244.0.1
        Request Headers:  map[Accept-Encoding:[gzip] Connection:[close] User-Agent:[Go-http-client/1.1]]
        Response Headers: map[Content-Length:[236] Content-Type:[text/plain; charset=utf-8] Date:[Tue, 28 Jul 2026 05:05:35 GMT]]
        
    pod.go:70: 2026-07-28T05:05:35.07329892Z: Got resp RawContent:       [0] Url=http://echo-v1
        [0] Latency=1.460363ms
        [0] ActiveRequests=1
        [0] StatusCode=200
        [0] ResponseHeader=Content-Length:236
        [0] ResponseHeader=Content-Type:text/plain; charset=utf-8
        [0] ResponseHeader=Date:Tue, 28 Jul 2026 05:05:35 GMT
        [0 body] ServiceVersion=
        [0 body] ServicePort=8080
        [0 body] Host=echo-v2
        [0 body] URL=/
        [0 body] Method=GET
        [0 body] Proto=HTTP/1.1
        [0 body] IP=10.244.0.1
        [0 body] RequestHeader=Accept-Encoding:gzip
        [0 body] RequestHeader=Connection:close
        [0 body] RequestHeader=User-Agent:Go-http-client/1.1
        [0 body] Hostname=echo-v1-699dd9bfc7-g5xrx
        
        2026-07-28T05:05:35.069924Z	info	All requests succeeded
        
        ID:               
        Method:           GET
        Protocol:         HTTP/1.1
        Alpn:             
        URL:              /
        Version:          
        Port:             8080
        Code:             200
        Host:             echo-v2
        Hostname:         echo-v1-699dd9bfc7-g5xrx
        Cluster:          
        IP:               10.244.0.1
        Request Headers:  map[Accept-Encoding:[gzip] Connection:[close] User-Agent:[Go-http-client/1.1]]
        Response Headers: map[Content-Length:[236] Content-Type:[text/plain; charset=utf-8] Date:[Tue, 28 Jul 2026 05:05:35 GMT]]
        
    mesh-frontend-hostname.go:84: 2026-07-28T05:05:35.073587546Z: Request passed
=== NAME  TestGatewayAPIConformance/MeshFrontendHostname
    apply.go:283: 2026-07-28T05:05:35.073690927Z: Deleting mesh-split-v1 HTTPRoute
=== NAME  TestGatewayAPIConformance
    suite.go:504: 2026-07-28T05:05:35.079550679Z: Sleeping 10s for test isolation
=== RUN   TestGatewayAPIConformance/MeshFrontend
    conformance.go:70: 2026-07-28T05:05:45.088503826Z: Applying tests/mesh/mesh-frontend.yaml
    apply.go:275: 2026-07-28T05:05:45.093631243Z: Creating mesh-split-v1 HTTPRoute
    conformance.go:75: 2026-07-28T05:05:45.097847395Z: Running MeshFrontend, relying on the following features: Mesh-standard, HTTPRoute-standard, HTTPRouteResponseHeaderModification-standard
=== RUN   TestGatewayAPIConformance/MeshFrontend/Send_to_service
    pod.go:70: 2026-07-28T05:05:45.255416018Z: Got resp RawContent:       [0] Url=http://echo-v2
        [0] Latency=3.409997ms
        [0] ActiveRequests=1
        [0] StatusCode=200
        [0] ResponseHeader=Content-Length:237
        [0] ResponseHeader=Content-Type:text/plain; charset=utf-8
        [0] ResponseHeader=Date:Tue, 28 Jul 2026 05:05:45 GMT
        [0 body] ServiceVersion=
        [0 body] ServicePort=8080
        [0 body] Host=echo-v2
        [0 body] URL=/
        [0 body] Method=GET
        [0 body] Proto=HTTP/1.1
        [0 body] IP=10.244.0.33
        [0 body] RequestHeader=Accept-Encoding:gzip
        [0 body] RequestHeader=Connection:close
        [0 body] RequestHeader=User-Agent:Go-http-client/1.1
        [0 body] Hostname=echo-v2-7d46bf8884-7fs28
        
        2026-07-28T05:05:45.251479Z	info	All requests succeeded
        
        ID:               
        Method:           GET
        Protocol:         HTTP/1.1
        Alpn:             
        URL:              /
        Version:          
        Port:             8080
        Code:             200
        Host:             echo-v2
        Hostname:         echo-v2-7d46bf8884-7fs28
        Cluster:          
        IP:               10.244.0.33
        Request Headers:  map[Accept-Encoding:[gzip] Connection:[close] User-Agent:[Go-http-client/1.1]]
        Response Headers: map[Content-Length:[237] Content-Type:[text/plain; charset=utf-8] Date:[Tue, 28 Jul 2026 05:05:45 GMT]]
        
    pod.go:72: 2026-07-28T05:05:45.255578991Z: Response expectation failed for request: [client http://echo-v2 --method=GET]  not ready yet: expected header X-Header-Set=set, got  (after 1.844µs)
    pod.go:70: 2026-07-28T05:05:46.3030686Z: Got resp RawContent:       [0] Url=http://echo-v2
        [0] Latency=3.028841ms
        [0] ActiveRequests=1
        [0] StatusCode=200
        [0] ResponseHeader=Content-Length:205
        [0] ResponseHeader=Content-Type:text/plain; charset=utf-8
        [0] ResponseHeader=Cross-Origin-Opener-Policy:same-origin
        [0] ResponseHeader=Date:Tue, 28 Jul 2026 05:05:46 GMT
        [0] ResponseHeader=Referrer-Policy:strict-origin-when-cross-origin
        [0] ResponseHeader=X-Content-Type-Options:nosniff
        [0] ResponseHeader=X-Frame-Options:DENY
        [0] ResponseHeader=X-Header-Set:set
        [0] ResponseHeader=X-Permitted-Cross-Domain-Policies:none
        [0 body] ServiceVersion=
        [0 body] ServicePort=8080
        [0 body] Host=echo-v2
        [0 body] URL=/
        [0 body] Method=GET
        [0 body] Proto=HTTP/1.1
        [0 body] IP=10.244.0.8
        [0 body] RequestHeader=Accept-Encoding:gzip
        [0 body] RequestHeader=User-Agent:Go-http-client/1.1
        [0 body] Hostname=echo-v2-7d46bf8884-7fs28
        
        2026-07-28T05:05:46.299520Z	info	All requests succeeded
        
        ID:               
        Method:           GET
        Protocol:         HTTP/1.1
        Alpn:             
        URL:              /
        Version:          
        Port:             8080
        Code:             200
        Host:             echo-v2
        Hostname:         echo-v2-7d46bf8884-7fs28
        Cluster:          
        IP:               10.244.0.8
        Request Headers:  map[Accept-Encoding:[gzip] User-Agent:[Go-http-client/1.1]]
        Response Headers: map[Content-Length:[205] Content-Type:[text/plain; charset=utf-8] Cross-Origin-Opener-Policy:[same-origin] Date:[Tue, 28 Jul 2026 05:05:46 GMT] Referrer-Policy:[strict-origin-when-cross-origin] X-Content-Type-Options:[nosniff] X-Frame-Options:[DENY] X-Header-Set:[set] X-Permitted-Cross-Domain-Policies:[none]]
        
    pod.go:70: 2026-07-28T05:05:46.353904687Z: Got resp RawContent:       [0] Url=http://echo-v2
        [0] Latency=2.723329ms
        [0] ActiveRequests=1
        [0] StatusCode=200
        [0] ResponseHeader=Content-Length:205
        [0] ResponseHeader=Content-Type:text/plain; charset=utf-8
        [0] ResponseHeader=Cross-Origin-Opener-Policy:same-origin
        [0] ResponseHeader=Date:Tue, 28 Jul 2026 05:05:46 GMT
        [0] ResponseHeader=Referrer-Policy:strict-origin-when-cross-origin
        [0] ResponseHeader=X-Content-Type-Options:nosniff
        [0] ResponseHeader=X-Frame-Options:DENY
        [0] ResponseHeader=X-Header-Set:set
        [0] ResponseHeader=X-Permitted-Cross-Domain-Policies:none
        [0 body] ServiceVersion=
        [0 body] ServicePort=8080
        [0 body] Host=echo-v2
        [0 body] URL=/
        [0 body] Method=GET
        [0 body] Proto=HTTP/1.1
        [0 body] IP=10.244.0.8
        [0 body] RequestHeader=Accept-Encoding:gzip
        [0 body] RequestHeader=User-Agent:Go-http-client/1.1
        [0 body] Hostname=echo-v2-7d46bf8884-7fs28
        
        2026-07-28T05:05:46.350327Z	info	All requests succeeded
        
        ID:               
        Method:           GET
        Protocol:         HTTP/1.1
        Alpn:             
        URL:              /
        Version:          
        Port:             8080
        Code:             200
        Host:             echo-v2
        Hostname:         echo-v2-7d46bf8884-7fs28
        Cluster:          
        IP:               10.244.0.8
        Request Headers:  map[Accept-Encoding:[gzip] User-Agent:[Go-http-client/1.1]]
        Response Headers: map[Content-Length:[205] Content-Type:[text/plain; charset=utf-8] Cross-Origin-Opener-Policy:[same-origin] Date:[Tue, 28 Jul 2026 05:05:46 GMT] Referrer-Policy:[strict-origin-when-cross-origin] X-Content-Type-Options:[nosniff] X-Frame-Options:[DENY] X-Header-Set:[set] X-Permitted-Cross-Domain-Policies:[none]]
        
    pod.go:70: 2026-07-28T05:05:46.399860006Z: Got resp RawContent:       [0] Url=http://echo-v2
        [0] Latency=2.73288ms
        [0] ActiveRequests=1
        [0] StatusCode=200
        [0] ResponseHeader=Content-Length:205
        [0] ResponseHeader=Content-Type:text/plain; charset=utf-8
        [0] ResponseHeader=Cross-Origin-Opener-Policy:same-origin
        [0] ResponseHeader=Date:Tue, 28 Jul 2026 05:05:46 GMT
        [0] ResponseHeader=Referrer-Policy:strict-origin-when-cross-origin
        [0] ResponseHeader=X-Content-Type-Options:nosniff
        [0] ResponseHeader=X-Frame-Options:DENY
        [0] ResponseHeader=X-Header-Set:set
        [0] ResponseHeader=X-Permitted-Cross-Domain-Policies:none
        [0 body] ServiceVersion=
        [0 body] ServicePort=8080
        [0 body] Host=echo-v2
        [0 body] URL=/
        [0 body] Method=GET
        [0 body] Proto=HTTP/1.1
        [0 body] IP=10.244.0.8
        [0 body] RequestHeader=Accept-Encoding:gzip
        [0 body] RequestHeader=User-Agent:Go-http-client/1.1
        [0 body] Hostname=echo-v2-7d46bf8884-7fs28
        
        2026-07-28T05:05:46.396579Z	info	All requests succeeded
        
        ID:               
        Method:           GET
        Protocol:         HTTP/1.1
        Alpn:             
        URL:              /
        Version:          
        Port:             8080
        Code:             200
        Host:             echo-v2
        Hostname:         echo-v2-7d46bf8884-7fs28
        Cluster:          
        IP:               10.244.0.8
        Request Headers:  map[Accept-Encoding:[gzip] User-Agent:[Go-http-client/1.1]]
        Response Headers: map[Content-Length:[205] Content-Type:[text/plain; charset=utf-8] Cross-Origin-Opener-Policy:[same-origin] Date:[Tue, 28 Jul 2026 05:05:46 GMT] Referrer-Policy:[strict-origin-when-cross-origin] X-Content-Type-Options:[nosniff] X-Frame-Options:[DENY] X-Header-Set:[set] X-Permitted-Cross-Domain-Policies:[none]]
        
    mesh-frontend.go:78: 2026-07-28T05:05:46.400038136Z: Request passed
=== RUN   TestGatewayAPIConformance/MeshFrontend/Send_to_pod_IP
    pod.go:70: 2026-07-28T05:05:46.444652438Z: Got resp RawContent:       [0] Url=http://10.244.0.34:8080
        [0] Latency=814.188µs
        [0] ActiveRequests=1
        [0] StatusCode=200
        [0] ResponseHeader=Content-Length:246
        [0] ResponseHeader=Content-Type:text/plain; charset=utf-8
        [0] ResponseHeader=Date:Tue, 28 Jul 2026 05:05:46 GMT
        [0 body] ServiceVersion=
        [0 body] ServicePort=8080
        [0 body] Host=10.244.0.34:8080
        [0 body] URL=/
        [0 body] Method=GET
        [0 body] Proto=HTTP/1.1
        [0 body] IP=10.244.0.33
        [0 body] RequestHeader=Accept-Encoding:gzip
        [0 body] RequestHeader=Connection:close
        [0 body] RequestHeader=User-Agent:Go-http-client/1.1
        [0 body] Hostname=echo-v2-7d46bf8884-7fs28
        
        2026-07-28T05:05:46.441619Z	info	All requests succeeded
        
        ID:               
        Method:           GET
        Protocol:         HTTP/1.1
        Alpn:             
        URL:              /
        Version:          
        Port:             8080
        Code:             200
        Host:             10.244.0.34:8080
        Hostname:         echo-v2-7d46bf8884-7fs28
        Cluster:          
        IP:               10.244.0.33
        Request Headers:  map[Accept-Encoding:[gzip] Connection:[close] User-Agent:[Go-http-client/1.1]]
        Response Headers: map[Content-Length:[246] Content-Type:[text/plain; charset=utf-8] Date:[Tue, 28 Jul 2026 05:05:46 GMT]]
        
    pod.go:70: 2026-07-28T05:05:46.494610117Z: Got resp RawContent:       [0] Url=http://10.244.0.34:8080
        [0] Latency=869.291µs
        [0] ActiveRequests=1
        [0] StatusCode=200
        [0] ResponseHeader=Content-Length:246
        [0] ResponseHeader=Content-Type:text/plain; charset=utf-8
        [0] ResponseHeader=Date:Tue, 28 Jul 2026 05:05:46 GMT
        [0 body] ServiceVersion=
        [0 body] ServicePort=8080
        [0 body] Host=10.244.0.34:8080
        [0 body] URL=/
        [0 body] Method=GET
        [0 body] Proto=HTTP/1.1
        [0 body] IP=10.244.0.33
        [0 body] RequestHeader=Accept-Encoding:gzip
        [0 body] RequestHeader=Connection:close
        [0 body] RequestHeader=User-Agent:Go-http-client/1.1
        [0 body] Hostname=echo-v2-7d46bf8884-7fs28
        
        2026-07-28T05:05:46.491435Z	info	All requests succeeded
        
        ID:               
        Method:           GET
        Protocol:         HTTP/1.1
        Alpn:             
        URL:              /
        Version:          
        Port:             8080
        Code:             200
        Host:             10.244.0.34:8080
        Hostname:         echo-v2-7d46bf8884-7fs28
        Cluster:          
        IP:               10.244.0.33
        Request Headers:  map[Accept-Encoding:[gzip] Connection:[close] User-Agent:[Go-http-client/1.1]]
        Response Headers: map[Content-Length:[246] Content-Type:[text/plain; charset=utf-8] Date:[Tue, 28 Jul 2026 05:05:46 GMT]]
        
    pod.go:70: 2026-07-28T05:05:46.542256715Z: Got resp RawContent:       [0] Url=http://10.244.0.34:8080
        [0] Latency=718.107µs
        [0] ActiveRequests=1
        [0] StatusCode=200
        [0] ResponseHeader=Content-Length:246
        [0] ResponseHeader=Content-Type:text/plain; charset=utf-8
        [0] ResponseHeader=Date:Tue, 28 Jul 2026 05:05:46 GMT
        [0 body] ServiceVersion=
        [0 body] ServicePort=8080
        [0 body] Host=10.244.0.34:8080
        [0 body] URL=/
        [0 body] Method=GET
        [0 body] Proto=HTTP/1.1
        [0 body] IP=10.244.0.33
        [0 body] RequestHeader=Accept-Encoding:gzip
        [0 body] RequestHeader=Connection:close
        [0 body] RequestHeader=User-Agent:Go-http-client/1.1
        [0 body] Hostname=echo-v2-7d46bf8884-7fs28
        
        2026-07-28T05:05:46.539415Z	info	All requests succeeded
        
        ID:               
        Method:           GET
        Protocol:         HTTP/1.1
        Alpn:             
        URL:              /
        Version:          
        Port:             8080
        Code:             200
        Host:             10.244.0.34:8080
        Hostname:         echo-v2-7d46bf8884-7fs28
        Cluster:          
        IP:               10.244.0.33
        Request Headers:  map[Accept-Encoding:[gzip] Connection:[close] User-Agent:[Go-http-client/1.1]]
        Response Headers: map[Content-Length:[246] Content-Type:[text/plain; charset=utf-8] Date:[Tue, 28 Jul 2026 05:05:46 GMT]]
        
    mesh-frontend.go:78: 2026-07-28T05:05:46.54239433Z: Request passed
=== NAME  TestGatewayAPIConformance/MeshFrontend
    apply.go:283: 2026-07-28T05:05:46.54244271Z: Deleting mesh-split-v1 HTTPRoute
=== NAME  TestGatewayAPIConformance
    suite.go:504: 2026-07-28T05:05:46.54656096Z: Sleeping 10s for test isolation
=== RUN   TestGatewayAPIConformance/MeshPorts
    conformance.go:70: 2026-07-28T05:05:56.551220946Z: Applying tests/mesh/mesh-ports.yaml
    apply.go:275: 2026-07-28T05:05:56.556637572Z: Creating mesh-split-v1 HTTPRoute
    apply.go:294: 2026-07-28T05:05:56.56402038Z: Updating mesh-split-v1 HTTPRoute
    apply.go:275: 2026-07-28T05:05:56.578031317Z: Creating mesh-split-v2 HTTPRoute
    conformance.go:75: 2026-07-28T05:05:56.593087132Z: Running MeshPorts, relying on the following features: Mesh-standard, HTTPRoute-standard, HTTPRouteParentRefPort-standard, HTTPRouteResponseHeaderModification-standard
=== RUN   TestGatewayAPIConformance/MeshPorts/Explicit_port_set,_send_to_that_port
    pod.go:70: 2026-07-28T05:05:56.885833218Z: Got resp RawContent:       [0] Url=http://echo-v1
        [0] Latency=2.120035ms
        [0] ActiveRequests=1
        [0] StatusCode=200
        [0] ResponseHeader=Content-Length:236
        [0] ResponseHeader=Content-Type:text/plain; charset=utf-8
        [0] ResponseHeader=Date:Tue, 28 Jul 2026 05:05:56 GMT
        [0 body] ServiceVersion=
        [0 body] ServicePort=8080
        [0 body] Host=echo-v1
        [0 body] URL=/
        [0 body] Method=GET
        [0 body] Proto=HTTP/1.1
        [0 body] IP=10.244.0.1
        [0 body] RequestHeader=Accept-Encoding:gzip
        [0 body] RequestHeader=Connection:close
        [0 body] RequestHeader=User-Agent:Go-http-client/1.1
        [0 body] Hostname=echo-v1-699dd9bfc7-g5xrx
        
        2026-07-28T05:05:56.882485Z	info	All requests succeeded
        
        ID:               
        Method:           GET
        Protocol:         HTTP/1.1
        Alpn:             
        URL:              /
        Version:          
        Port:             8080
        Code:             200
        Host:             echo-v1
        Hostname:         echo-v1-699dd9bfc7-g5xrx
        Cluster:          
        IP:               10.244.0.1
        Request Headers:  map[Accept-Encoding:[gzip] Connection:[close] User-Agent:[Go-http-client/1.1]]
        Response Headers: map[Content-Length:[236] Content-Type:[text/plain; charset=utf-8] Date:[Tue, 28 Jul 2026 05:05:56 GMT]]
        
    pod.go:72: 2026-07-28T05:05:56.88610894Z: Response expectation failed for request: [client http://echo-v1 --method=GET]  not ready yet: expected header X-Header-Set=v1, got  (after 2.364µs)
    pod.go:67: 2026-07-28T05:05:57.933242631Z: Request [client http://echo-v1 --method=GET] failed, not ready yet: command terminated with exit code 1 (after 1.285810002s)
    pod.go:70: 2026-07-28T05:05:58.982224566Z: Got resp RawContent:       [0] Url=http://echo-v1
        [0] Latency=3.260449ms
        [0] ActiveRequests=1
        [0] StatusCode=200
        [0] ResponseHeader=Content-Length:205
        [0] ResponseHeader=Content-Type:text/plain; charset=utf-8
        [0] ResponseHeader=Cross-Origin-Opener-Policy:same-origin
        [0] ResponseHeader=Date:Tue, 28 Jul 2026 05:05:58 GMT
        [0] ResponseHeader=Referrer-Policy:strict-origin-when-cross-origin
        [0] ResponseHeader=X-Content-Type-Options:nosniff
        [0] ResponseHeader=X-Frame-Options:DENY
        [0] ResponseHeader=X-Header-Set:v1
        [0] ResponseHeader=X-Permitted-Cross-Domain-Policies:none
        [0 body] ServiceVersion=
        [0 body] ServicePort=8080
        [0 body] Host=echo-v1
        [0 body] URL=/
        [0 body] Method=GET
        [0 body] Proto=HTTP/1.1
        [0 body] IP=10.244.0.8
        [0 body] RequestHeader=Accept-Encoding:gzip
        [0 body] RequestHeader=User-Agent:Go-http-client/1.1
        [0 body] Hostname=echo-v1-699dd9bfc7-g5xrx
        
        2026-07-28T05:05:58.979029Z	info	All requests succeeded
        
        ID:               
        Method:           GET
        Protocol:         HTTP/1.1
        Alpn:             
        URL:              /
        Version:          
        Port:             8080
        Code:             200
        Host:             echo-v1
        Hostname:         echo-v1-699dd9bfc7-g5xrx
        Cluster:          
        IP:               10.244.0.8
        Request Headers:  map[Accept-Encoding:[gzip] User-Agent:[Go-http-client/1.1]]
        Response Headers: map[Content-Length:[205] Content-Type:[text/plain; charset=utf-8] Cross-Origin-Opener-Policy:[same-origin] Date:[Tue, 28 Jul 2026 05:05:58 GMT] Referrer-Policy:[strict-origin-when-cross-origin] X-Content-Type-Options:[nosniff] X-Frame-Options:[DENY] X-Header-Set:[v1] X-Permitted-Cross-Domain-Policies:[none]]
        
    pod.go:70: 2026-07-28T05:05:59.028969964Z: Got resp RawContent:       [0] Url=http://echo-v1
        [0] Latency=3.032208ms
        [0] ActiveRequests=1
        [0] StatusCode=200
        [0] ResponseHeader=Content-Length:205
        [0] ResponseHeader=Content-Type:text/plain; charset=utf-8
        [0] ResponseHeader=Cross-Origin-Opener-Policy:same-origin
        [0] ResponseHeader=Date:Tue, 28 Jul 2026 05:05:59 GMT
        [0] ResponseHeader=Referrer-Policy:strict-origin-when-cross-origin
        [0] ResponseHeader=X-Content-Type-Options:nosniff
        [0] ResponseHeader=X-Frame-Options:DENY
        [0] ResponseHeader=X-Header-Set:v1
        [0] ResponseHeader=X-Permitted-Cross-Domain-Policies:none
        [0 body] ServiceVersion=
        [0 body] ServicePort=8080
        [0 body] Host=echo-v1
        [0 body] URL=/
        [0 body] Method=GET
        [0 body] Proto=HTTP/1.1
        [0 body] IP=10.244.0.8
        [0 body] RequestHeader=Accept-Encoding:gzip
        [0 body] RequestHeader=User-Agent:Go-http-client/1.1
        [0 body] Hostname=echo-v1-699dd9bfc7-g5xrx
        
        2026-07-28T05:05:59.025367Z	info	All requests succeeded
        
        ID:               
        Method:           GET
        Protocol:         HTTP/1.1
        Alpn:             
        URL:              /
        Version:          
        Port:             8080
        Code:             200
        Host:             echo-v1
        Hostname:         echo-v1-699dd9bfc7-g5xrx
        Cluster:          
        IP:               10.244.0.8
        Request Headers:  map[Accept-Encoding:[gzip] User-Agent:[Go-http-client/1.1]]
        Response Headers: map[Content-Length:[205] Content-Type:[text/plain; charset=utf-8] Cross-Origin-Opener-Policy:[same-origin] Date:[Tue, 28 Jul 2026 05:05:59 GMT] Referrer-Policy:[strict-origin-when-cross-origin] X-Content-Type-Options:[nosniff] X-Frame-Options:[DENY] X-Header-Set:[v1] X-Permitted-Cross-Domain-Policies:[none]]
        
    pod.go:70: 2026-07-28T05:05:59.077306772Z: Got resp RawContent:       [0] Url=http://echo-v1
        [0] Latency=2.553955ms
        [0] ActiveRequests=1
        [0] StatusCode=200
        [0] ResponseHeader=Content-Length:205
        [0] ResponseHeader=Content-Type:text/plain; charset=utf-8
        [0] ResponseHeader=Cross-Origin-Opener-Policy:same-origin
        [0] ResponseHeader=Date:Tue, 28 Jul 2026 05:05:59 GMT
        [0] ResponseHeader=Referrer-Policy:strict-origin-when-cross-origin
        [0] ResponseHeader=X-Content-Type-Options:nosniff
        [0] ResponseHeader=X-Frame-Options:DENY
        [0] ResponseHeader=X-Header-Set:v1
        [0] ResponseHeader=X-Permitted-Cross-Domain-Policies:none
        [0 body] ServiceVersion=
        [0 body] ServicePort=8080
        [0 body] Host=echo-v1
        [0 body] URL=/
        [0 body] Method=GET
        [0 body] Proto=HTTP/1.1
        [0 body] IP=10.244.0.8
        [0 body] RequestHeader=Accept-Encoding:gzip
        [0 body] RequestHeader=User-Agent:Go-http-client/1.1
        [0 body] Hostname=echo-v1-699dd9bfc7-g5xrx
        
        2026-07-28T05:05:59.074019Z	info	All requests succeeded
        
        ID:               
        Method:           GET
        Protocol:         HTTP/1.1
        Alpn:             
        URL:              /
        Version:          
        Port:             8080
        Code:             200
        Host:             echo-v1
        Hostname:         echo-v1-699dd9bfc7-g5xrx
        Cluster:          
        IP:               10.244.0.8
        Request Headers:  map[Accept-Encoding:[gzip] User-Agent:[Go-http-client/1.1]]
        Response Headers: map[Content-Length:[205] Content-Type:[text/plain; charset=utf-8] Cross-Origin-Opener-Policy:[same-origin] Date:[Tue, 28 Jul 2026 05:05:59 GMT] Referrer-Policy:[strict-origin-when-cross-origin] X-Content-Type-Options:[nosniff] X-Frame-Options:[DENY] X-Header-Set:[v1] X-Permitted-Cross-Domain-Policies:[none]]
        
    mesh-ports.go:107: 2026-07-28T05:05:59.077444988Z: Request passed
=== RUN   TestGatewayAPIConformance/MeshPorts/Explicit_port,_send_to_an_excluded_port
    pod.go:70: 2026-07-28T05:05:59.125886975Z: Got resp RawContent:       [0] Url=http://echo-v1:8080
        [0] Latency=2.94584ms
        [0] ActiveRequests=1
        [0] StatusCode=200
        [0] ResponseHeader=Content-Length:210
        [0] ResponseHeader=Content-Type:text/plain; charset=utf-8
        [0] ResponseHeader=Cross-Origin-Opener-Policy:same-origin
        [0] ResponseHeader=Date:Tue, 28 Jul 2026 05:05:59 GMT
        [0] ResponseHeader=Referrer-Policy:strict-origin-when-cross-origin
        [0] ResponseHeader=X-Content-Type-Options:nosniff
        [0] ResponseHeader=X-Frame-Options:DENY
        [0] ResponseHeader=X-Permitted-Cross-Domain-Policies:none
        [0 body] ServiceVersion=
        [0 body] ServicePort=8080
        [0 body] Host=echo-v1:8080
        [0 body] URL=/
        [0 body] Method=GET
        [0 body] Proto=HTTP/1.1
        [0 body] IP=10.244.0.8
        [0 body] RequestHeader=Accept-Encoding:gzip
        [0 body] RequestHeader=User-Agent:Go-http-client/1.1
        [0 body] Hostname=echo-v1-699dd9bfc7-g5xrx
        
        2026-07-28T05:05:59.122722Z	info	All requests succeeded
        
        ID:               
        Method:           GET
        Protocol:         HTTP/1.1
        Alpn:             
        URL:              /
        Version:          
        Port:             8080
        Code:             200
        Host:             echo-v1:8080
        Hostname:         echo-v1-699dd9bfc7-g5xrx
        Cluster:          
        IP:               10.244.0.8
        Request Headers:  map[Accept-Encoding:[gzip] User-Agent:[Go-http-client/1.1]]
        Response Headers: map[Content-Length:[210] Content-Type:[text/plain; charset=utf-8] Cross-Origin-Opener-Policy:[same-origin] Date:[Tue, 28 Jul 2026 05:05:59 GMT] Referrer-Policy:[strict-origin-when-cross-origin] X-Content-Type-Options:[nosniff] X-Frame-Options:[DENY] X-Permitted-Cross-Domain-Policies:[none]]
        
    pod.go:70: 2026-07-28T05:05:59.179453268Z: Got resp RawContent:       [0] Url=http://echo-v1:8080
        [0] Latency=2.159029ms
        [0] ActiveRequests=1
        [0] StatusCode=200
        [0] ResponseHeader=Content-Length:210
        [0] ResponseHeader=Content-Type:text/plain; charset=utf-8
        [0] ResponseHeader=Cross-Origin-Opener-Policy:same-origin
        [0] ResponseHeader=Date:Tue, 28 Jul 2026 05:05:59 GMT
        [0] ResponseHeader=Referrer-Policy:strict-origin-when-cross-origin
        [0] ResponseHeader=X-Content-Type-Options:nosniff
        [0] ResponseHeader=X-Frame-Options:DENY
        [0] ResponseHeader=X-Permitted-Cross-Domain-Policies:none
        [0 body] ServiceVersion=
        [0 body] ServicePort=8080
        [0 body] Host=echo-v1:8080
        [0 body] URL=/
        [0 body] Method=GET
        [0 body] Proto=HTTP/1.1
        [0 body] IP=10.244.0.8
        [0 body] RequestHeader=Accept-Encoding:gzip
        [0 body] RequestHeader=User-Agent:Go-http-client/1.1
        [0 body] Hostname=echo-v1-699dd9bfc7-g5xrx
        
        2026-07-28T05:05:59.175763Z	info	All requests succeeded
        
        ID:               
        Method:           GET
        Protocol:         HTTP/1.1
        Alpn:             
        URL:              /
        Version:          
        Port:             8080
        Code:             200
        Host:             echo-v1:8080
        Hostname:         echo-v1-699dd9bfc7-g5xrx
        Cluster:          
        IP:               10.244.0.8
        Request Headers:  map[Accept-Encoding:[gzip] User-Agent:[Go-http-client/1.1]]
        Response Headers: map[Content-Length:[210] Content-Type:[text/plain; charset=utf-8] Cross-Origin-Opener-Policy:[same-origin] Date:[Tue, 28 Jul 2026 05:05:59 GMT] Referrer-Policy:[strict-origin-when-cross-origin] X-Content-Type-Options:[nosniff] X-Frame-Options:[DENY] X-Permitted-Cross-Domain-Policies:[none]]
        
    pod.go:70: 2026-07-28T05:05:59.226541266Z: Got resp RawContent:       [0] Url=http://echo-v1:8080
        [0] Latency=1.900377ms
        [0] ActiveRequests=1
        [0] StatusCode=200
        [0] ResponseHeader=Content-Length:210
        [0] ResponseHeader=Content-Type:text/plain; charset=utf-8
        [0] ResponseHeader=Cross-Origin-Opener-Policy:same-origin
        [0] ResponseHeader=Date:Tue, 28 Jul 2026 05:05:59 GMT
        [0] ResponseHeader=Referrer-Policy:strict-origin-when-cross-origin
        [0] ResponseHeader=X-Content-Type-Options:nosniff
        [0] ResponseHeader=X-Frame-Options:DENY
        [0] ResponseHeader=X-Permitted-Cross-Domain-Policies:none
        [0 body] ServiceVersion=
        [0 body] ServicePort=8080
        [0 body] Host=echo-v1:8080
        [0 body] URL=/
        [0 body] Method=GET
        [0 body] Proto=HTTP/1.1
        [0 body] IP=10.244.0.8
        [0 body] RequestHeader=Accept-Encoding:gzip
        [0 body] RequestHeader=User-Agent:Go-http-client/1.1
        [0 body] Hostname=echo-v1-699dd9bfc7-g5xrx
        
        2026-07-28T05:05:59.223203Z	info	All requests succeeded
        
        ID:               
        Method:           GET
        Protocol:         HTTP/1.1
        Alpn:             
        URL:              /
        Version:          
        Port:             8080
        Code:             200
        Host:             echo-v1:8080
        Hostname:         echo-v1-699dd9bfc7-g5xrx
        Cluster:          
        IP:               10.244.0.8
        Request Headers:  map[Accept-Encoding:[gzip] User-Agent:[Go-http-client/1.1]]
        Response Headers: map[Content-Length:[210] Content-Type:[text/plain; charset=utf-8] Cross-Origin-Opener-Policy:[same-origin] Date:[Tue, 28 Jul 2026 05:05:59 GMT] Referrer-Policy:[strict-origin-when-cross-origin] X-Content-Type-Options:[nosniff] X-Frame-Options:[DENY] X-Permitted-Cross-Domain-Policies:[none]]
        
    mesh-ports.go:107: 2026-07-28T05:05:59.226808402Z: Request passed
=== RUN   TestGatewayAPIConformance/MeshPorts/No_port_set
    pod.go:70: 2026-07-28T05:05:59.272878955Z: Got resp RawContent:       [0] Url=http://echo-v2
        [0] Latency=2.376666ms
        [0] ActiveRequests=1
        [0] StatusCode=200
        [0] ResponseHeader=Content-Length:205
        [0] ResponseHeader=Content-Type:text/plain; charset=utf-8
        [0] ResponseHeader=Cross-Origin-Opener-Policy:same-origin
        [0] ResponseHeader=Date:Tue, 28 Jul 2026 05:05:59 GMT
        [0] ResponseHeader=Referrer-Policy:strict-origin-when-cross-origin
        [0] ResponseHeader=X-Content-Type-Options:nosniff
        [0] ResponseHeader=X-Frame-Options:DENY
        [0] ResponseHeader=X-Header-Set:v2
        [0] ResponseHeader=X-Permitted-Cross-Domain-Policies:none
        [0 body] ServiceVersion=
        [0 body] ServicePort=8080
        [0 body] Host=echo-v2
        [0 body] URL=/
        [0 body] Method=GET
        [0 body] Proto=HTTP/1.1
        [0 body] IP=10.244.0.8
        [0 body] RequestHeader=Accept-Encoding:gzip
        [0 body] RequestHeader=User-Agent:Go-http-client/1.1
        [0 body] Hostname=echo-v2-7d46bf8884-7fs28
        
        2026-07-28T05:05:59.269700Z	info	All requests succeeded
        
        ID:               
        Method:           GET
        Protocol:         HTTP/1.1
        Alpn:             
        URL:              /
        Version:          
        Port:             8080
        Code:             200
        Host:             echo-v2
        Hostname:         echo-v2-7d46bf8884-7fs28
        Cluster:          
        IP:               10.244.0.8
        Request Headers:  map[Accept-Encoding:[gzip] User-Agent:[Go-http-client/1.1]]
        Response Headers: map[Content-Length:[205] Content-Type:[text/plain; charset=utf-8] Cross-Origin-Opener-Policy:[same-origin] Date:[Tue, 28 Jul 2026 05:05:59 GMT] Referrer-Policy:[strict-origin-when-cross-origin] X-Content-Type-Options:[nosniff] X-Frame-Options:[DENY] X-Header-Set:[v2] X-Permitted-Cross-Domain-Policies:[none]]
        
    pod.go:70: 2026-07-28T05:05:59.318452071Z: Got resp RawContent:       [0] Url=http://echo-v2
        [0] Latency=2.729092ms
        [0] ActiveRequests=1
        [0] StatusCode=200
        [0] ResponseHeader=Content-Length:205
        [0] ResponseHeader=Content-Type:text/plain; charset=utf-8
        [0] ResponseHeader=Cross-Origin-Opener-Policy:same-origin
        [0] ResponseHeader=Date:Tue, 28 Jul 2026 05:05:59 GMT
        [0] ResponseHeader=Referrer-Policy:strict-origin-when-cross-origin
        [0] ResponseHeader=X-Content-Type-Options:nosniff
        [0] ResponseHeader=X-Frame-Options:DENY
        [0] ResponseHeader=X-Header-Set:v2
        [0] ResponseHeader=X-Permitted-Cross-Domain-Policies:none
        [0 body] ServiceVersion=
        [0 body] ServicePort=8080
        [0 body] Host=echo-v2
        [0 body] URL=/
        [0 body] Method=GET
        [0 body] Proto=HTTP/1.1
        [0 body] IP=10.244.0.8
        [0 body] RequestHeader=Accept-Encoding:gzip
        [0 body] RequestHeader=User-Agent:Go-http-client/1.1
        [0 body] Hostname=echo-v2-7d46bf8884-7fs28
        
        2026-07-28T05:05:59.315050Z	info	All requests succeeded
        
        ID:               
        Method:           GET
        Protocol:         HTTP/1.1
        Alpn:             
        URL:              /
        Version:          
        Port:             8080
        Code:             200
        Host:             echo-v2
        Hostname:         echo-v2-7d46bf8884-7fs28
        Cluster:          
        IP:               10.244.0.8
        Request Headers:  map[Accept-Encoding:[gzip] User-Agent:[Go-http-client/1.1]]
        Response Headers: map[Content-Length:[205] Content-Type:[text/plain; charset=utf-8] Cross-Origin-Opener-Policy:[same-origin] Date:[Tue, 28 Jul 2026 05:05:59 GMT] Referrer-Policy:[strict-origin-when-cross-origin] X-Content-Type-Options:[nosniff] X-Frame-Options:[DENY] X-Header-Set:[v2] X-Permitted-Cross-Domain-Policies:[none]]
        
    pod.go:70: 2026-07-28T05:05:59.365954446Z: Got resp RawContent:       [0] Url=http://echo-v2
        [0] Latency=1.976527ms
        [0] ActiveRequests=1
        [0] StatusCode=200
        [0] ResponseHeader=Content-Length:205
        [0] ResponseHeader=Content-Type:text/plain; charset=utf-8
        [0] ResponseHeader=Cross-Origin-Opener-Policy:same-origin
        [0] ResponseHeader=Date:Tue, 28 Jul 2026 05:05:59 GMT
        [0] ResponseHeader=Referrer-Policy:strict-origin-when-cross-origin
        [0] ResponseHeader=X-Content-Type-Options:nosniff
        [0] ResponseHeader=X-Frame-Options:DENY
        [0] ResponseHeader=X-Header-Set:v2
        [0] ResponseHeader=X-Permitted-Cross-Domain-Policies:none
        [0 body] ServiceVersion=
        [0 body] ServicePort=8080
        [0 body] Host=echo-v2
        [0 body] URL=/
        [0 body] Method=GET
        [0 body] Proto=HTTP/1.1
        [0 body] IP=10.244.0.8
        [0 body] RequestHeader=Accept-Encoding:gzip
        [0 body] RequestHeader=User-Agent:Go-http-client/1.1
        [0 body] Hostname=echo-v2-7d46bf8884-7fs28
        
        2026-07-28T05:05:59.362604Z	info	All requests succeeded
        
        ID:               
        Method:           GET
        Protocol:         HTTP/1.1
        Alpn:             
        URL:              /
        Version:          
        Port:             8080
        Code:             200
        Host:             echo-v2
        Hostname:         echo-v2-7d46bf8884-7fs28
        Cluster:          
        IP:               10.244.0.8
        Request Headers:  map[Accept-Encoding:[gzip] User-Agent:[Go-http-client/1.1]]
        Response Headers: map[Content-Length:[205] Content-Type:[text/plain; charset=utf-8] Cross-Origin-Opener-Policy:[same-origin] Date:[Tue, 28 Jul 2026 05:05:59 GMT] Referrer-Policy:[strict-origin-when-cross-origin] X-Content-Type-Options:[nosniff] X-Frame-Options:[DENY] X-Header-Set:[v2] X-Permitted-Cross-Domain-Policies:[none]]
        
    mesh-ports.go:107: 2026-07-28T05:05:59.366125824Z: Request passed
=== RUN   TestGatewayAPIConformance/MeshPorts/No_port_set#01
    pod.go:70: 2026-07-28T05:05:59.41345774Z: Got resp RawContent:       [0] Url=http://echo-v2:8080
        [0] Latency=2.983485ms
        [0] ActiveRequests=1
        [0] StatusCode=200
        [0] ResponseHeader=Content-Length:210
        [0] ResponseHeader=Content-Type:text/plain; charset=utf-8
        [0] ResponseHeader=Cross-Origin-Opener-Policy:same-origin
        [0] ResponseHeader=Date:Tue, 28 Jul 2026 05:05:59 GMT
        [0] ResponseHeader=Referrer-Policy:strict-origin-when-cross-origin
        [0] ResponseHeader=X-Content-Type-Options:nosniff
        [0] ResponseHeader=X-Frame-Options:DENY
        [0] ResponseHeader=X-Header-Set:v2
        [0] ResponseHeader=X-Permitted-Cross-Domain-Policies:none
        [0 body] ServiceVersion=
        [0 body] ServicePort=8080
        [0 body] Host=echo-v2:8080
        [0 body] URL=/
        [0 body] Method=GET
        [0 body] Proto=HTTP/1.1
        [0 body] IP=10.244.0.8
        [0 body] RequestHeader=Accept-Encoding:gzip
        [0 body] RequestHeader=User-Agent:Go-http-client/1.1
        [0 body] Hostname=echo-v2-7d46bf8884-7fs28
        
        2026-07-28T05:05:59.409594Z	info	All requests succeeded
        
        ID:               
        Method:           GET
        Protocol:         HTTP/1.1
        Alpn:             
        URL:              /
        Version:          
        Port:             8080
        Code:             200
        Host:             echo-v2:8080
        Hostname:         echo-v2-7d46bf8884-7fs28
        Cluster:          
        IP:               10.244.0.8
        Request Headers:  map[Accept-Encoding:[gzip] User-Agent:[Go-http-client/1.1]]
        Response Headers: map[Content-Length:[210] Content-Type:[text/plain; charset=utf-8] Cross-Origin-Opener-Policy:[same-origin] Date:[Tue, 28 Jul 2026 05:05:59 GMT] Referrer-Policy:[strict-origin-when-cross-origin] X-Content-Type-Options:[nosniff] X-Frame-Options:[DENY] X-Header-Set:[v2] X-Permitted-Cross-Domain-Policies:[none]]
        
    pod.go:70: 2026-07-28T05:05:59.460483037Z: Got resp RawContent:       [0] Url=http://echo-v2:8080
        [0] Latency=1.89396ms
        [0] ActiveRequests=1
        [0] StatusCode=200
        [0] ResponseHeader=Content-Length:210
        [0] ResponseHeader=Content-Type:text/plain; charset=utf-8
        [0] ResponseHeader=Cross-Origin-Opener-Policy:same-origin
        [0] ResponseHeader=Date:Tue, 28 Jul 2026 05:05:59 GMT
        [0] ResponseHeader=Referrer-Policy:strict-origin-when-cross-origin
        [0] ResponseHeader=X-Content-Type-Options:nosniff
        [0] ResponseHeader=X-Frame-Options:DENY
        [0] ResponseHeader=X-Header-Set:v2
        [0] ResponseHeader=X-Permitted-Cross-Domain-Policies:none
        [0 body] ServiceVersion=
        [0 body] ServicePort=8080
        [0 body] Host=echo-v2:8080
        [0 body] URL=/
        [0 body] Method=GET
        [0 body] Proto=HTTP/1.1
        [0 body] IP=10.244.0.8
        [0 body] RequestHeader=Accept-Encoding:gzip
        [0 body] RequestHeader=User-Agent:Go-http-client/1.1
        [0 body] Hostname=echo-v2-7d46bf8884-7fs28
        
        2026-07-28T05:05:59.457183Z	info	All requests succeeded
        
        ID:               
        Method:           GET
        Protocol:         HTTP/1.1
        Alpn:             
        URL:              /
        Version:          
        Port:             8080
        Code:             200
        Host:             echo-v2:8080
        Hostname:         echo-v2-7d46bf8884-7fs28
        Cluster:          
        IP:               10.244.0.8
        Request Headers:  map[Accept-Encoding:[gzip] User-Agent:[Go-http-client/1.1]]
        Response Headers: map[Content-Length:[210] Content-Type:[text/plain; charset=utf-8] Cross-Origin-Opener-Policy:[same-origin] Date:[Tue, 28 Jul 2026 05:05:59 GMT] Referrer-Policy:[strict-origin-when-cross-origin] X-Content-Type-Options:[nosniff] X-Frame-Options:[DENY] X-Header-Set:[v2] X-Permitted-Cross-Domain-Policies:[none]]
        
    pod.go:70: 2026-07-28T05:05:59.50657445Z: Got resp RawContent:       [0] Url=http://echo-v2:8080
        [0] Latency=2.802984ms
        [0] ActiveRequests=1
        [0] StatusCode=200
        [0] ResponseHeader=Content-Length:210
        [0] ResponseHeader=Content-Type:text/plain; charset=utf-8
        [0] ResponseHeader=Cross-Origin-Opener-Policy:same-origin
        [0] ResponseHeader=Date:Tue, 28 Jul 2026 05:05:59 GMT
        [0] ResponseHeader=Referrer-Policy:strict-origin-when-cross-origin
        [0] ResponseHeader=X-Content-Type-Options:nosniff
        [0] ResponseHeader=X-Frame-Options:DENY
        [0] ResponseHeader=X-Header-Set:v2
        [0] ResponseHeader=X-Permitted-Cross-Domain-Policies:none
        [0 body] ServiceVersion=
        [0 body] ServicePort=8080
        [0 body] Host=echo-v2:8080
        [0 body] URL=/
        [0 body] Method=GET
        [0 body] Proto=HTTP/1.1
        [0 body] IP=10.244.0.8
        [0 body] RequestHeader=Accept-Encoding:gzip
        [0 body] RequestHeader=User-Agent:Go-http-client/1.1
        [0 body] Hostname=echo-v2-7d46bf8884-7fs28
        
        2026-07-28T05:05:59.503228Z	info	All requests succeeded
        
        ID:               
        Method:           GET
        Protocol:         HTTP/1.1
        Alpn:             
        URL:              /
        Version:          
        Port:             8080
        Code:             200
        Host:             echo-v2:8080
        Hostname:         echo-v2-7d46bf8884-7fs28
        Cluster:          
        IP:               10.244.0.8
        Request Headers:  map[Accept-Encoding:[gzip] User-Agent:[Go-http-client/1.1]]
        Response Headers: map[Content-Length:[210] Content-Type:[text/plain; charset=utf-8] Cross-Origin-Opener-Policy:[same-origin] Date:[Tue, 28 Jul 2026 05:05:59 GMT] Referrer-Policy:[strict-origin-when-cross-origin] X-Content-Type-Options:[nosniff] X-Frame-Options:[DENY] X-Header-Set:[v2] X-Permitted-Cross-Domain-Policies:[none]]
        
    mesh-ports.go:107: 2026-07-28T05:05:59.50669273Z: Request passed
=== NAME  TestGatewayAPIConformance/MeshPorts
    apply.go:283: 2026-07-28T05:05:59.506792716Z: Deleting mesh-split-v2 HTTPRoute
    apply.go:301: 2026-07-28T05:05:59.510691277Z: Deleting mesh-split-v1 HTTPRoute
    apply.go:283: 2026-07-28T05:05:59.520400593Z: Deleting mesh-split-v1 HTTPRoute
=== NAME  TestGatewayAPIConformance
    suite.go:504: 2026-07-28T05:05:59.522976777Z: Sleeping 10s for test isolation
=== RUN   TestGatewayAPIConformance/MeshTrafficSplit
    conformance.go:70: 2026-07-28T05:06:09.524287735Z: Applying tests/mesh/mesh-split.yaml
    apply.go:275: 2026-07-28T05:06:09.530080659Z: Creating mesh-split HTTPRoute
    conformance.go:75: 2026-07-28T05:06:09.536156342Z: Running MeshTrafficSplit, relying on the following features: Mesh-standard, HTTPRoute-standard
=== RUN   TestGatewayAPIConformance/MeshTrafficSplit/0_request_to_'echo/v1'_should_go_to_echo-v1
    pod.go:70: 2026-07-28T05:06:09.691817168Z: Got resp RawContent:       [0] Url=http://echo/v1
        [0] Latency=4.760969ms
        [0] ActiveRequests=1
        [0] StatusCode=200
        [0] ResponseHeader=Content-Length:236
        [0] ResponseHeader=Content-Type:text/plain; charset=utf-8
        [0] ResponseHeader=Date:Tue, 28 Jul 2026 05:06:09 GMT
        [0 body] ServiceVersion=
        [0 body] ServicePort=8080
        [0 body] Host=echo
        [0 body] URL=/v1
        [0 body] Method=GET
        [0 body] Proto=HTTP/1.1
        [0 body] IP=10.244.0.33
        [0 body] RequestHeader=Accept-Encoding:gzip
        [0 body] RequestHeader=Connection:close
        [0 body] RequestHeader=User-Agent:Go-http-client/1.1
        [0 body] Hostname=echo-v2-7d46bf8884-7fs28
        
        2026-07-28T05:06:09.687436Z	info	All requests succeeded
        
        ID:               
        Method:           GET
        Protocol:         HTTP/1.1
        Alpn:             
        URL:              /v1
        Version:          
        Port:             8080
        Code:             200
        Host:             echo
        Hostname:         echo-v2-7d46bf8884-7fs28
        Cluster:          
        IP:               10.244.0.33
        Request Headers:  map[Accept-Encoding:[gzip] Connection:[close] User-Agent:[Go-http-client/1.1]]
        Response Headers: map[Content-Length:[236] Content-Type:[text/plain; charset=utf-8] Date:[Tue, 28 Jul 2026 05:06:09 GMT]]
        
    pod.go:72: 2026-07-28T05:06:09.691974219Z: Response expectation failed for request: [client http://echo/v1 --method=GET]  not ready yet: expected pod name to start with echo-v1, got echo-v2-7d46bf8884-7fs28 (after 2.635µs)
    pod.go:67: 2026-07-28T05:06:12.73628128Z: Request [client http://echo/v1 --method=GET] failed, not ready yet: command terminated with exit code 1 (after 1.150452169s)
    pod.go:70: 2026-07-28T05:06:13.792252416Z: Got resp RawContent:       [0] Url=http://echo/v1
        [0] Latency=4.690381ms
        [0] ActiveRequests=1
        [0] StatusCode=200
        [0] ResponseHeader=Content-Length:204
        [0] ResponseHeader=Content-Type:text/plain; charset=utf-8
        [0] ResponseHeader=Cross-Origin-Opener-Policy:same-origin
        [0] ResponseHeader=Date:Tue, 28 Jul 2026 05:06:13 GMT
        [0] ResponseHeader=Referrer-Policy:strict-origin-when-cross-origin
        [0] ResponseHeader=X-Content-Type-Options:nosniff
        [0] ResponseHeader=X-Frame-Options:DENY
        [0] ResponseHeader=X-Permitted-Cross-Domain-Policies:none
        [0 body] ServiceVersion=
        [0 body] ServicePort=8080
        [0 body] Host=echo
        [0 body] URL=/v1
        [0 body] Method=GET
        [0 body] Proto=HTTP/1.1
        [0 body] IP=10.244.0.8
        [0 body] RequestHeader=Accept-Encoding:gzip
        [0 body] RequestHeader=User-Agent:Go-http-client/1.1
        [0 body] Hostname=echo-v1-699dd9bfc7-g5xrx
        
        2026-07-28T05:06:13.788063Z	info	All requests succeeded
        
        ID:               
        Method:           GET
        Protocol:         HTTP/1.1
        Alpn:             
        URL:              /v1
        Version:          
        Port:             8080
        Code:             200
        Host:             echo
        Hostname:         echo-v1-699dd9bfc7-g5xrx
        Cluster:          
        IP:               10.244.0.8
        Request Headers:  map[Accept-Encoding:[gzip] User-Agent:[Go-http-client/1.1]]
        Response Headers: map[Content-Length:[204] Content-Type:[text/plain; charset=utf-8] Cross-Origin-Opener-Policy:[same-origin] Date:[Tue, 28 Jul 2026 05:06:13 GMT] Referrer-Policy:[strict-origin-when-cross-origin] X-Content-Type-Options:[nosniff] X-Frame-Options:[DENY] X-Permitted-Cross-Domain-Policies:[none]]
        
    pod.go:70: 2026-07-28T05:06:13.846289287Z: Got resp RawContent:       [0] Url=http://echo/v1
        [0] Latency=3.007191ms
        [0] ActiveRequests=1
        [0] StatusCode=200
        [0] ResponseHeader=Content-Length:204
        [0] ResponseHeader=Content-Type:text/plain; charset=utf-8
        [0] ResponseHeader=Cross-Origin-Opener-Policy:same-origin
        [0] ResponseHeader=Date:Tue, 28 Jul 2026 05:06:13 GMT
        [0] ResponseHeader=Referrer-Policy:strict-origin-when-cross-origin
        [0] ResponseHeader=X-Content-Type-Options:nosniff
        [0] ResponseHeader=X-Frame-Options:DENY
        [0] ResponseHeader=X-Permitted-Cross-Domain-Policies:none
        [0 body] ServiceVersion=
        [0 body] ServicePort=8080
        [0 body] Host=echo
        [0 body] URL=/v1
        [0 body] Method=GET
        [0 body] Proto=HTTP/1.1
        [0 body] IP=10.244.0.8
        [0 body] RequestHeader=Accept-Encoding:gzip
        [0 body] RequestHeader=User-Agent:Go-http-client/1.1
        [0 body] Hostname=echo-v1-699dd9bfc7-g5xrx
        
        2026-07-28T05:06:13.842753Z	info	All requests succeeded
        
        ID:               
        Method:           GET
        Protocol:         HTTP/1.1
        Alpn:             
        URL:              /v1
        Version:          
        Port:             8080
        Code:             200
        Host:             echo
        Hostname:         echo-v1-699dd9bfc7-g5xrx
        Cluster:          
        IP:               10.244.0.8
        Request Headers:  map[Accept-Encoding:[gzip] User-Agent:[Go-http-client/1.1]]
        Response Headers: map[Content-Length:[204] Content-Type:[text/plain; charset=utf-8] Cross-Origin-Opener-Policy:[same-origin] Date:[Tue, 28 Jul 2026 05:06:13 GMT] Referrer-Policy:[strict-origin-when-cross-origin] X-Content-Type-Options:[nosniff] X-Frame-Options:[DENY] X-Permitted-Cross-Domain-Policies:[none]]
        
    pod.go:70: 2026-07-28T05:06:13.891169419Z: Got resp RawContent:       [0] Url=http://echo/v1
        [0] Latency=3.434216ms
        [0] ActiveRequests=1
        [0] StatusCode=200
        [0] ResponseHeader=Content-Length:204
        [0] ResponseHeader=Content-Type:text/plain; charset=utf-8
        [0] ResponseHeader=Cross-Origin-Opener-Policy:same-origin
        [0] ResponseHeader=Date:Tue, 28 Jul 2026 05:06:13 GMT
        [0] ResponseHeader=Referrer-Policy:strict-origin-when-cross-origin
        [0] ResponseHeader=X-Content-Type-Options:nosniff
        [0] ResponseHeader=X-Frame-Options:DENY
        [0] ResponseHeader=X-Permitted-Cross-Domain-Policies:none
        [0 body] ServiceVersion=
        [0 body] ServicePort=8080
        [0 body] Host=echo
        [0 body] URL=/v1
        [0 body] Method=GET
        [0 body] Proto=HTTP/1.1
        [0 body] IP=10.244.0.8
        [0 body] RequestHeader=Accept-Encoding:gzip
        [0 body] RequestHeader=User-Agent:Go-http-client/1.1
        [0 body] Hostname=echo-v1-699dd9bfc7-g5xrx
        
        2026-07-28T05:06:13.887954Z	info	All requests succeeded
        
        ID:               
        Method:           GET
        Protocol:         HTTP/1.1
        Alpn:             
        URL:              /v1
        Version:          
        Port:             8080
        Code:             200
        Host:             echo
        Hostname:         echo-v1-699dd9bfc7-g5xrx
        Cluster:          
        IP:               10.244.0.8
        Request Headers:  map[Accept-Encoding:[gzip] User-Agent:[Go-http-client/1.1]]
        Response Headers: map[Content-Length:[204] Content-Type:[text/plain; charset=utf-8] Cross-Origin-Opener-Policy:[same-origin] Date:[Tue, 28 Jul 2026 05:06:13 GMT] Referrer-Policy:[strict-origin-when-cross-origin] X-Content-Type-Options:[nosniff] X-Frame-Options:[DENY] X-Permitted-Cross-Domain-Policies:[none]]
        
    mesh-split.go:71: 2026-07-28T05:06:13.891328605Z: Request passed
=== RUN   TestGatewayAPIConformance/MeshTrafficSplit/1_request_to_'echo/v2'_should_go_to_echo-v2
    pod.go:70: 2026-07-28T05:06:13.93758911Z: Got resp RawContent:       [0] Url=http://echo/v2
        [0] Latency=2.103821ms
        [0] ActiveRequests=1
        [0] StatusCode=200
        [0] ResponseHeader=Content-Length:204
        [0] ResponseHeader=Content-Type:text/plain; charset=utf-8
        [0] ResponseHeader=Cross-Origin-Opener-Policy:same-origin
        [0] ResponseHeader=Date:Tue, 28 Jul 2026 05:06:13 GMT
        [0] ResponseHeader=Referrer-Policy:strict-origin-when-cross-origin
        [0] ResponseHeader=X-Content-Type-Options:nosniff
        [0] ResponseHeader=X-Frame-Options:DENY
        [0] ResponseHeader=X-Permitted-Cross-Domain-Policies:none
        [0 body] ServiceVersion=
        [0 body] ServicePort=8080
        [0 body] Host=echo
        [0 body] URL=/v2
        [0 body] Method=GET
        [0 body] Proto=HTTP/1.1
        [0 body] IP=10.244.0.8
        [0 body] RequestHeader=Accept-Encoding:gzip
        [0 body] RequestHeader=User-Agent:Go-http-client/1.1
        [0 body] Hostname=echo-v2-7d46bf8884-7fs28
        
        2026-07-28T05:06:13.933530Z	info	All requests succeeded
        
        ID:               
        Method:           GET
        Protocol:         HTTP/1.1
        Alpn:             
        URL:              /v2
        Version:          
        Port:             8080
        Code:             200
        Host:             echo
        Hostname:         echo-v2-7d46bf8884-7fs28
        Cluster:          
        IP:               10.244.0.8
        Request Headers:  map[Accept-Encoding:[gzip] User-Agent:[Go-http-client/1.1]]
        Response Headers: map[Content-Length:[204] Content-Type:[text/plain; charset=utf-8] Cross-Origin-Opener-Policy:[same-origin] Date:[Tue, 28 Jul 2026 05:06:13 GMT] Referrer-Policy:[strict-origin-when-cross-origin] X-Content-Type-Options:[nosniff] X-Frame-Options:[DENY] X-Permitted-Cross-Domain-Policies:[none]]
        
    pod.go:70: 2026-07-28T05:06:13.984310042Z: Got resp RawContent:       [0] Url=http://echo/v2
        [0] Latency=1.85902ms
        [0] ActiveRequests=1
        [0] StatusCode=200
        [0] ResponseHeader=Content-Length:204
        [0] ResponseHeader=Content-Type:text/plain; charset=utf-8
        [0] ResponseHeader=Cross-Origin-Opener-Policy:same-origin
        [0] ResponseHeader=Date:Tue, 28 Jul 2026 05:06:13 GMT
        [0] ResponseHeader=Referrer-Policy:strict-origin-when-cross-origin
        [0] ResponseHeader=X-Content-Type-Options:nosniff
        [0] ResponseHeader=X-Frame-Options:DENY
        [0] ResponseHeader=X-Permitted-Cross-Domain-Policies:none
        [0 body] ServiceVersion=
        [0 body] ServicePort=8080
        [0 body] Host=echo
        [0 body] URL=/v2
        [0 body] Method=GET
        [0 body] Proto=HTTP/1.1
        [0 body] IP=10.244.0.8
        [0 body] RequestHeader=Accept-Encoding:gzip
        [0 body] RequestHeader=User-Agent:Go-http-client/1.1
        [0 body] Hostname=echo-v2-7d46bf8884-7fs28
        
        2026-07-28T05:06:13.981121Z	info	All requests succeeded
        
        ID:               
        Method:           GET
        Protocol:         HTTP/1.1
        Alpn:             
        URL:              /v2
        Version:          
        Port:             8080
        Code:             200
        Host:             echo
        Hostname:         echo-v2-7d46bf8884-7fs28
        Cluster:          
        IP:               10.244.0.8
        Request Headers:  map[Accept-Encoding:[gzip] User-Agent:[Go-http-client/1.1]]
        Response Headers: map[Content-Length:[204] Content-Type:[text/plain; charset=utf-8] Cross-Origin-Opener-Policy:[same-origin] Date:[Tue, 28 Jul 2026 05:06:13 GMT] Referrer-Policy:[strict-origin-when-cross-origin] X-Content-Type-Options:[nosniff] X-Frame-Options:[DENY] X-Permitted-Cross-Domain-Policies:[none]]
        
    pod.go:70: 2026-07-28T05:06:14.030297047Z: Got resp RawContent:       [0] Url=http://echo/v2
        [0] Latency=2.978212ms
        [0] ActiveRequests=1
        [0] StatusCode=200
        [0] ResponseHeader=Content-Length:204
        [0] ResponseHeader=Content-Type:text/plain; charset=utf-8
        [0] ResponseHeader=Cross-Origin-Opener-Policy:same-origin
        [0] ResponseHeader=Date:Tue, 28 Jul 2026 05:06:14 GMT
        [0] ResponseHeader=Referrer-Policy:strict-origin-when-cross-origin
        [0] ResponseHeader=X-Content-Type-Options:nosniff
        [0] ResponseHeader=X-Frame-Options:DENY
        [0] ResponseHeader=X-Permitted-Cross-Domain-Policies:none
        [0 body] ServiceVersion=
        [0 body] ServicePort=8080
        [0 body] Host=echo
        [0 body] URL=/v2
        [0 body] Method=GET
        [0 body] Proto=HTTP/1.1
        [0 body] IP=10.244.0.8
        [0 body] RequestHeader=Accept-Encoding:gzip
        [0 body] RequestHeader=User-Agent:Go-http-client/1.1
        [0 body] Hostname=echo-v2-7d46bf8884-7fs28
        
        2026-07-28T05:06:14.026942Z	info	All requests succeeded
        
        ID:               
        Method:           GET
        Protocol:         HTTP/1.1
        Alpn:             
        URL:              /v2
        Version:          
        Port:             8080
        Code:             200
        Host:             echo
        Hostname:         echo-v2-7d46bf8884-7fs28
        Cluster:          
        IP:               10.244.0.8
        Request Headers:  map[Accept-Encoding:[gzip] User-Agent:[Go-http-client/1.1]]
        Response Headers: map[Content-Length:[204] Content-Type:[text/plain; charset=utf-8] Cross-Origin-Opener-Policy:[same-origin] Date:[Tue, 28 Jul 2026 05:06:14 GMT] Referrer-Policy:[strict-origin-when-cross-origin] X-Content-Type-Options:[nosniff] X-Frame-Options:[DENY] X-Permitted-Cross-Domain-Policies:[none]]
        
    mesh-split.go:71: 2026-07-28T05:06:14.03041727Z: Request passed
=== NAME  TestGatewayAPIConformance/MeshTrafficSplit
    apply.go:283: 2026-07-28T05:06:14.030479005Z: Deleting mesh-split HTTPRoute
=== NAME  TestGatewayAPIConformance
    suite.go:504: 2026-07-28T05:06:14.034668261Z: Sleeping 10s for test isolation
=== RUN   TestGatewayAPIConformance/BackendTLSPolicyConflictResolution
    conformance.go:70: 2026-07-28T05:06:24.035832709Z: Applying tests/backendtlspolicy-conflict-resolution.yaml
    apply.go:275: 2026-07-28T05:06:24.042592857Z: Creating backendtlspolicy-conflict-resolution HTTPRoute
    apply.go:275: 2026-07-28T05:06:24.049692094Z: Creating backendtlspolicy-conflicted-without-section-name-test Service
    apply.go:275: 2026-07-28T05:06:24.056600967Z: Creating backendtlspolicy-conflicted-with-section-name-test Service
    apply.go:275: 2026-07-28T05:06:24.071774201Z: Creating backendtlspolicy-not-conflicted-test Service
    apply.go:275: 2026-07-28T05:06:24.080757626Z: Creating conflicted-without-section-name-1 BackendTLSPolicy
    apply.go:275: 2026-07-28T05:06:24.089620863Z: Creating conflicted-without-section-name-2 BackendTLSPolicy
    apply.go:275: 2026-07-28T05:06:24.099058598Z: Creating conflicted-with-section-name-1 BackendTLSPolicy
    apply.go:275: 2026-07-28T05:06:24.111185817Z: Creating conflicted-with-section-name-2 BackendTLSPolicy
    apply.go:275: 2026-07-28T05:06:24.127555697Z: Creating not-conflicted-with-section-name BackendTLSPolicy
    apply.go:294: 2026-07-28T05:06:24.152685882Z: Updating backendtlspolicy-conflict-resolution HTTPRoute
    apply.go:308: 
        	Error Trace:	/home/runner/go/pkg/mod/sigs.k8s.io/gateway-api/conformance@v1.5.1/utils/kubernetes/apply.go:308
        	            				/home/runner/go/pkg/mod/sigs.k8s.io/gateway-api/conformance@v1.5.1/utils/suite/conformance.go:71
        	            				/home/runner/go/pkg/mod/sigs.k8s.io/gateway-api/conformance@v1.5.1/utils/suite/suite.go:511
        	Error:      	Received unexpected error:
        	            	Operation cannot be fulfilled on httproutes.gateway.networking.k8s.io "backendtlspolicy-conflict-resolution": the object has been modified; please apply your changes to the latest version and try again
        	Test:       	TestGatewayAPIConformance/BackendTLSPolicyConflictResolution
        	Messages:   	error updating resource
    apply.go:301: 2026-07-28T05:06:24.175912594Z: Deleting backendtlspolicy-conflict-resolution HTTPRoute
    apply.go:283: 2026-07-28T05:06:24.185934015Z: Deleting not-conflicted-with-section-name BackendTLSPolicy
    apply.go:283: 2026-07-28T05:06:24.192222468Z: Deleting conflicted-with-section-name-2 BackendTLSPolicy
    apply.go:283: 2026-07-28T05:06:24.196530526Z: Deleting conflicted-with-section-name-1 BackendTLSPolicy
    apply.go:283: 2026-07-28T05:06:24.200887762Z: Deleting conflicted-without-section-name-2 BackendTLSPolicy
    apply.go:283: 2026-07-28T05:06:24.204666636Z: Deleting conflicted-without-section-name-1 BackendTLSPolicy
    apply.go:283: 2026-07-28T05:06:24.244057031Z: Deleting backendtlspolicy-not-conflicted-test Service
    apply.go:283: 2026-07-28T05:06:24.265349206Z: Deleting backendtlspolicy-conflicted-with-section-name-test Service
    apply.go:283: 2026-07-28T05:06:24.280357683Z: Deleting backendtlspolicy-conflicted-without-section-name-test Service
    apply.go:283: 2026-07-28T05:06:24.287879888Z: Deleting backendtlspolicy-conflict-resolution HTTPRoute
=== NAME  TestGatewayAPIConformance
    suite.go:504: 2026-07-28T05:06:24.290067346Z: Sleeping 10s for test isolation
=== RUN   TestGatewayAPIConformance/BackendTLSPolicyInvalidCACertificateRef
    conformance.go:70: 2026-07-28T05:06:34.291348025Z: Applying tests/backendtlspolicy-invalid-ca-certificate-ref.yaml
    apply.go:275: 2026-07-28T05:06:34.296855256Z: Creating backendtlspolicy-invalid-ca-certificate-ref HTTPRoute
    apply.go:275: 2026-07-28T05:06:34.303211345Z: Creating backendtlspolicy-nonexistent-ca-certificate-ref-test Service
    apply.go:275: 2026-07-28T05:06:34.313354386Z: Creating backendtlspolicy-malformed-ca-certificate-ref-test Service
    apply.go:275: 2026-07-28T05:06:34.324162122Z: Creating nonexistent-ca-certificate-ref BackendTLSPolicy
    apply.go:275: 2026-07-28T05:06:34.332704554Z: Creating malformed-ca-certificate-ref BackendTLSPolicy
    apply.go:294: 2026-07-28T05:06:34.34184847Z: Updating backendtlspolicy-invalid-ca-certificate-ref HTTPRoute
2026-07-28T05:06:34Z	INFO	unknown field "data"
    apply.go:294: 2026-07-28T05:06:34.354816993Z: Updating backendtlspolicy-nonexistent-ca-certificate-ref-test Service
    apply.go:294: 2026-07-28T05:06:34.364571907Z: Updating backendtlspolicy-malformed-ca-certificate-ref-test Service
    apply.go:294: 2026-07-28T05:06:34.371733869Z: Updating nonexistent-ca-certificate-ref BackendTLSPolicy
    apply.go:294: 2026-07-28T05:06:34.378861752Z: Updating malformed-ca-certificate-ref BackendTLSPolicy
    apply.go:275: 2026-07-28T05:06:34.385970387Z: Creating malformed-ca-certificate ConfigMap
    conformance.go:75: 2026-07-28T05:06:34.391209164Z: Running BackendTLSPolicyInvalidCACertificateRef, relying on the following features: Gateway-standard, HTTPRoute-standard, BackendTLSPolicy-standard
    helpers.go:304: 2026-07-28T05:06:34.399159298Z: Gateways and Pods in gateway-conformance-infra namespaces ready
    helpers.go:812: 2026-07-28T05:06:34.403736573Z: Conditions matched expectations
    helpers.go:812: 2026-07-28T05:06:34.403773141Z: Route gateway-conformance-infra/backendtlspolicy-invalid-ca-certificate-ref Parents matched expectations
=== RUN   TestGatewayAPIConformance/BackendTLSPolicyInvalidCACertificateRef/BackendTLSPolicy_nonexistent-ca-certificate-ref
=== RUN   TestGatewayAPIConformance/BackendTLSPolicyInvalidCACertificateRef/BackendTLSPolicy_nonexistent-ca-certificate-ref/BackendTLSPolicy_with_a_single_invalid_CACertificateRef_has_a_Accepted_Condition_with_status_False_and_Reason_NoValidCACertificate
=== RUN   TestGatewayAPIConformance/BackendTLSPolicyInvalidCACertificateRef/BackendTLSPolicy_nonexistent-ca-certificate-ref/BackendTLSPolicy_with_a_single_invalid_CACertificateRef_has_a_ResolvedRefs_Condition_with_status_False_and_Reason_InvalidCACertificateRef
=== RUN   TestGatewayAPIConformance/BackendTLSPolicyInvalidCACertificateRef/BackendTLSPolicy_nonexistent-ca-certificate-ref/HTTP_Request_to_backend_targeted_by_an_invalid_BackendTLSPolicy_receive_a_5xx
    backendtlspolicy-invalid-ca-certificate-ref.go:81: 2026-07-28T05:06:34.609595711Z: Making GET request to host abc.example.com via http://127.0.0.1/backendtlspolicy-nonexistent-ca-certificate-ref
    http.go:291: 2026-07-28T05:06:34.621118336Z: Request passed
=== RUN   TestGatewayAPIConformance/BackendTLSPolicyInvalidCACertificateRef/BackendTLSPolicy_malformed-ca-certificate-ref
=== RUN   TestGatewayAPIConformance/BackendTLSPolicyInvalidCACertificateRef/BackendTLSPolicy_malformed-ca-certificate-ref/BackendTLSPolicy_with_a_single_invalid_CACertificateRef_has_a_Accepted_Condition_with_status_False_and_Reason_NoValidCACertificate
=== RUN   TestGatewayAPIConformance/BackendTLSPolicyInvalidCACertificateRef/BackendTLSPolicy_malformed-ca-certificate-ref/BackendTLSPolicy_with_a_single_invalid_CACertificateRef_has_a_ResolvedRefs_Condition_with_status_False_and_Reason_InvalidCACertificateRef
=== RUN   TestGatewayAPIConformance/BackendTLSPolicyInvalidCACertificateRef/BackendTLSPolicy_malformed-ca-certificate-ref/HTTP_Request_to_backend_targeted_by_an_invalid_BackendTLSPolicy_receive_a_5xx
    backendtlspolicy-invalid-ca-certificate-ref.go:81: 2026-07-28T05:06:34.624982433Z: Making GET request to host abc.example.com via http://127.0.0.1/backendtlspolicy-malformed-ca-certificate-ref
    http.go:291: 2026-07-28T05:06:34.635097151Z: Request passed
=== NAME  TestGatewayAPIConformance/BackendTLSPolicyInvalidCACertificateRef
    apply.go:283: 2026-07-28T05:06:34.635147685Z: Deleting malformed-ca-certificate ConfigMap
    apply.go:301: 2026-07-28T05:06:34.638291551Z: Deleting malformed-ca-certificate-ref BackendTLSPolicy
    apply.go:301: 2026-07-28T05:06:34.641160111Z: Deleting nonexistent-ca-certificate-ref BackendTLSPolicy
    apply.go:301: 2026-07-28T05:06:34.648530833Z: Deleting backendtlspolicy-malformed-ca-certificate-ref-test Service
    apply.go:301: 2026-07-28T05:06:34.66863958Z: Deleting backendtlspolicy-nonexistent-ca-certificate-ref-test Service
    apply.go:301: 2026-07-28T05:06:34.680843745Z: Deleting backendtlspolicy-invalid-ca-certificate-ref HTTPRoute
    apply.go:283: 2026-07-28T05:06:34.687822807Z: Deleting malformed-ca-certificate-ref BackendTLSPolicy
    apply.go:283: 2026-07-28T05:06:34.690802214Z: Deleting nonexistent-ca-certificate-ref BackendTLSPolicy
    apply.go:283: 2026-07-28T05:06:34.692648788Z: Deleting backendtlspolicy-malformed-ca-certificate-ref-test Service
    apply.go:283: 2026-07-28T05:06:34.694679726Z: Deleting backendtlspolicy-nonexistent-ca-certificate-ref-test Service
    apply.go:283: 2026-07-28T05:06:34.696588816Z: Deleting backendtlspolicy-invalid-ca-certificate-ref HTTPRoute
=== NAME  TestGatewayAPIConformance
    suite.go:504: 2026-07-28T05:06:34.698567805Z: Sleeping 10s for test isolation
=== RUN   TestGatewayAPIConformance/BackendTLSPolicyInvalidKind
    conformance.go:70: 2026-07-28T05:06:44.700827653Z: Applying tests/backendtlspolicy-invalid-kind.yaml
    apply.go:275: 2026-07-28T05:06:44.705942768Z: Creating backendtlspolicy-invalid-kind-test HTTPRoute
    apply.go:275: 2026-07-28T05:06:44.712576105Z: Creating backendtlspolicy-invalid-kind-test Service
    apply.go:294: 2026-07-28T05:06:44.720400245Z: Updating backendtlspolicy-invalid-kind-test HTTPRoute
    apply.go:294: 2026-07-28T05:06:44.728695369Z: Updating backendtlspolicy-invalid-kind-test Service
    apply.go:275: 2026-07-28T05:06:44.734850872Z: Creating invalid-kind BackendTLSPolicy
    conformance.go:75: 2026-07-28T05:06:44.74398828Z: Running BackendTLSPolicyInvalidKind, relying on the following features: Gateway-standard, HTTPRoute-standard, BackendTLSPolicy-standard
    helpers.go:304: 2026-07-28T05:06:44.756552827Z: Gateways and Pods in gateway-conformance-infra namespaces ready
    helpers.go:812: 2026-07-28T05:06:44.762283341Z: Conditions matched expectations
    helpers.go:812: 2026-07-28T05:06:44.762369291Z: Route gateway-conformance-infra/backendtlspolicy-invalid-kind-test Parents matched expectations
=== RUN   TestGatewayAPIConformance/BackendTLSPolicyInvalidKind/BackendTLSPolicy_with_a_single_invalid_CACertificateRef_has_a_Accepted_Condition_with_status_False_and_Reason_NoValidCACertificate
=== RUN   TestGatewayAPIConformance/BackendTLSPolicyInvalidKind/BackendTLSPolicy_with_a_single_invalid_CACertificateRef_has_a_ResolvedRefs_Condition_with_status_False_and_Reason_InvalidKind
=== RUN   TestGatewayAPIConformance/BackendTLSPolicyInvalidKind/HTTP_Request_to_backend_targeted_by_an_invalid_BackendTLSPolicy_receive_a_5xx
    backendtlspolicy-invalid-kind.go:78: 2026-07-28T05:06:44.871182645Z: Making GET request to host abc.example.com via http://127.0.0.1/backendtlspolicy-invalid-kind
    http.go:285: 2026-07-28T05:06:44.872764979Z: Response expectation failed for request: {URL: {Scheme:http Opaque: User: Host:127.0.0.1 Path:/backendtlspolicy-invalid-kind Fragment: RawQuery: RawPath: RawFragment: ForceQuery:false OmitHost:false}, Host: abc.example.com, Protocol: HTTP, Method: GET, Headers: map[X-Echo-Set-Header:[]], UnfollowRedirect: false, ServerName: , ServerCertificate: <truncated>, ClientCertificate: <truncated>, ClientCertificateKey: <truncated>}  not ready yet: expected status code to be one of [500 502 503], got 400. CRes: &{400 -1 HTTP/1.1 map[Cross-Origin-Opener-Policy:[same-origin] Date:[Tue, 28 Jul 2026 05:06:44 GMT] Referrer-Policy:[strict-origin-when-cross-origin] X-Content-Type-Options:[nosniff] X-Frame-Options:[DENY] X-Permitted-Cross-Domain-Policies:[none]] <nil> []} (after 1.403µs)
    http.go:291: 2026-07-28T05:06:45.884734178Z: Request passed
=== NAME  TestGatewayAPIConformance/BackendTLSPolicyInvalidKind
    apply.go:283: 2026-07-28T05:06:45.884988581Z: Deleting invalid-kind BackendTLSPolicy
    apply.go:301: 2026-07-28T05:06:45.890921664Z: Deleting backendtlspolicy-invalid-kind-test Service
    apply.go:301: 2026-07-28T05:06:45.903618539Z: Deleting backendtlspolicy-invalid-kind-test HTTPRoute
    apply.go:283: 2026-07-28T05:06:45.91067375Z: Deleting backendtlspolicy-invalid-kind-test Service
    apply.go:283: 2026-07-28T05:06:45.913876523Z: Deleting backendtlspolicy-invalid-kind-test HTTPRoute
=== NAME  TestGatewayAPIConformance
    suite.go:504: 2026-07-28T05:06:45.919507243Z: Sleeping 10s for test isolation
=== RUN   TestGatewayAPIConformance/BackendTLSPolicyObservedGenerationBump
    conformance.go:70: 2026-07-28T05:06:55.920465607Z: Applying tests/backendtlspolicy-observed-generation-bump.yaml
    apply.go:275: 2026-07-28T05:06:55.926598529Z: Creating backendtlspolicy-observed-generation-bump HTTPRoute
    apply.go:275: 2026-07-28T05:06:55.933311298Z: Creating observed-generation-bump-test Service
    apply.go:294: 2026-07-28T05:06:55.941315274Z: Updating backendtlspolicy-observed-generation-bump HTTPRoute
    apply.go:294: 2026-07-28T05:06:55.948839599Z: Updating observed-generation-bump-test Service
    apply.go:275: 2026-07-28T05:06:55.954645708Z: Creating observed-generation-bump BackendTLSPolicy
    conformance.go:75: 2026-07-28T05:06:55.9594665Z: Running BackendTLSPolicyObservedGenerationBump, relying on the following features: Gateway-standard, HTTPRoute-standard, BackendTLSPolicy-standard
=== RUN   TestGatewayAPIConformance/BackendTLSPolicyObservedGenerationBump/observedGeneration_should_increment
    helpers.go:304: 2026-07-28T05:06:55.969260157Z: Gateways and Pods in gateway-conformance-infra namespaces ready
=== NAME  TestGatewayAPIConformance/BackendTLSPolicyObservedGenerationBump
    apply.go:283: 2026-07-28T05:06:56.086801792Z: Deleting observed-generation-bump BackendTLSPolicy
    apply.go:301: 2026-07-28T05:06:56.090427547Z: Deleting observed-generation-bump-test Service
    apply.go:301: 2026-07-28T05:06:56.101263278Z: Deleting backendtlspolicy-observed-generation-bump HTTPRoute
    apply.go:283: 2026-07-28T05:06:56.10676049Z: Deleting observed-generation-bump-test Service
    apply.go:283: 2026-07-28T05:06:56.108841633Z: Deleting backendtlspolicy-observed-generation-bump HTTPRoute
=== NAME  TestGatewayAPIConformance
    suite.go:504: 2026-07-28T05:06:56.110503437Z: Sleeping 10s for test isolation
=== RUN   TestGatewayAPIConformance/BackendTLSPolicySANValidation
    conformance.go:70: 2026-07-28T05:07:06.111287044Z: Applying tests/backendtlspolicy-san.yaml
    apply.go:275: 2026-07-28T05:07:06.119653337Z: Creating backendtlspolicy-san-test HTTPRoute
    apply.go:275: 2026-07-28T05:07:06.127807831Z: Creating backendtlspolicy-san-dns-test Service
    apply.go:275: 2026-07-28T05:07:06.135689491Z: Creating backendtlspolicy-san-dns-mismatch-test Service
    apply.go:275: 2026-07-28T05:07:06.14756437Z: Creating backendtlspolicy-san-uri-test Service
    apply.go:275: 2026-07-28T05:07:06.157508762Z: Creating backendtlspolicy-san-uri-mismatch-test Service
    apply.go:275: 2026-07-28T05:07:06.167199307Z: Creating backendtlspolicy-multiple-sans-test Service
    apply.go:275: 2026-07-28T05:07:06.179545408Z: Creating backendtlspolicy-multiple-mismatch-sans-test Service
    apply.go:275: 2026-07-28T05:07:06.18845424Z: Creating san-dns BackendTLSPolicy
    apply.go:275: 2026-07-28T05:07:06.195180874Z: Creating san-dns-mismatch BackendTLSPolicy
    apply.go:275: 2026-07-28T05:07:06.201922176Z: Creating san-uri BackendTLSPolicy
    apply.go:275: 2026-07-28T05:07:06.215579773Z: Creating san-uri-mismatch BackendTLSPolicy
    apply.go:275: 2026-07-28T05:07:06.222595259Z: Creating multiple-sans BackendTLSPolicy
    apply.go:294: 2026-07-28T05:07:06.232838595Z: Updating backendtlspolicy-san-test HTTPRoute
    apply.go:294: 2026-07-28T05:07:06.24861239Z: Updating backendtlspolicy-san-dns-test Service
    apply.go:294: 2026-07-28T05:07:06.254461586Z: Updating backendtlspolicy-san-dns-mismatch-test Service
    apply.go:294: 2026-07-28T05:07:06.260139764Z: Updating backendtlspolicy-san-uri-test Service
    apply.go:294: 2026-07-28T05:07:06.263443987Z: Updating backendtlspolicy-san-uri-mismatch-test Service
    apply.go:294: 2026-07-28T05:07:06.266568258Z: Updating backendtlspolicy-multiple-sans-test Service
    apply.go:294: 2026-07-28T05:07:06.269558463Z: Updating backendtlspolicy-multiple-mismatch-sans-test Service
    apply.go:294: 2026-07-28T05:07:06.273033728Z: Updating san-dns BackendTLSPolicy
    apply.go:294: 2026-07-28T05:07:06.277186405Z: Updating san-dns-mismatch BackendTLSPolicy
    apply.go:294: 2026-07-28T05:07:06.281238067Z: Updating san-uri BackendTLSPolicy
    apply.go:294: 2026-07-28T05:07:06.285457551Z: Updating san-uri-mismatch BackendTLSPolicy
    apply.go:294: 2026-07-28T05:07:06.28958347Z: Updating multiple-sans BackendTLSPolicy
    apply.go:275: 2026-07-28T05:07:06.293398411Z: Creating multiple-mismatch-sans BackendTLSPolicy
    conformance.go:75: 2026-07-28T05:07:06.296209787Z: Running BackendTLSPolicySANValidation, relying on the following features: Gateway-standard, HTTPRoute-standard, BackendTLSPolicy-standard, BackendTLSPolicySANValidation-standard
    helpers.go:304: 2026-07-28T05:07:06.302562612Z: Gateways and Pods in gateway-conformance-infra namespaces ready
    helpers.go:812: 2026-07-28T05:07:06.330128954Z: Conditions matched expectations
    helpers.go:812: 2026-07-28T05:07:06.330197601Z: Route gateway-conformance-infra/backendtlspolicy-san-test Parents matched expectations
=== RUN   TestGatewayAPIConformance/BackendTLSPolicySANValidation/HTTP_request_sent_to_Service_with_valid_BackendTLSPolicy_containing_dns_SAN_should_succeed
    backendtlspolicy-san.go:68: 2026-07-28T05:07:06.667823651Z: Making GET request to host abc.example.com via http://127.0.0.1/backendtlspolicy-san-dns
    http.go:291: 2026-07-28T05:07:06.676258769Z: Request passed
=== RUN   TestGatewayAPIConformance/BackendTLSPolicySANValidation/HTTP_request_sent_to_Service_targeted_by_BackendTLSPolicy_with_mismatched_dns_SAN_should_return_an_HTTP_error
    backendtlspolicy-san.go:85: 2026-07-28T05:07:06.778667685Z: Making GET request to host abc.example.com via http://127.0.0.1/backendtlspolicy-san-dns-mismatch
    http.go:314: 2026-07-28T05:07:06.796268161Z: Expectation for failing Request are met
=== RUN   TestGatewayAPIConformance/BackendTLSPolicySANValidation/HTTP_request_sent_to_Service_with_valid_BackendTLSPolicy_containing_uri_SAN_should_succeed
    backendtlspolicy-san.go:101: 2026-07-28T05:07:06.798203554Z: Making GET request to host abc.example.com via http://127.0.0.1/backendtlspolicy-san-uri
    http.go:291: 2026-07-28T05:07:06.803689609Z: Request passed
=== RUN   TestGatewayAPIConformance/BackendTLSPolicySANValidation/HTTP_request_sent_to_Service_targeted_by_BackendTLSPolicy_with_mismatched_uri_SAN_should_return_an_HTTP_error
    backendtlspolicy-san.go:118: 2026-07-28T05:07:06.805402298Z: Making GET request to host abc.example.com via http://127.0.0.1/backendtlspolicy-san-uri-mismatch
    http.go:314: 2026-07-28T05:07:06.823746794Z: Expectation for failing Request are met
=== RUN   TestGatewayAPIConformance/BackendTLSPolicySANValidation/HTTP_request_sent_to_Service_with_valid_BackendTLSPolicy_containing_multi_SAN_should_succeed
    backendtlspolicy-san.go:134: 2026-07-28T05:07:06.825939714Z: Making GET request to host abc.example.com via http://127.0.0.1/backendtlspolicy-multiple-sans
    http.go:291: 2026-07-28T05:07:06.83220386Z: Request passed
=== RUN   TestGatewayAPIConformance/BackendTLSPolicySANValidation/HTTP_request_sent_to_Service_targeted_by_BackendTLSPolicy_with_mismatched_multi_SAN_should_return_an_HTTP_error
    backendtlspolicy-san.go:151: 2026-07-28T05:07:06.93433179Z: Making GET request to host abc.example.com via http://127.0.0.1/backendtlspolicy-multiple-mismatch-sans
    http.go:314: 2026-07-28T05:07:06.95127328Z: Expectation for failing Request are met
=== NAME  TestGatewayAPIConformance/BackendTLSPolicySANValidation
    apply.go:283: 2026-07-28T05:07:06.951337178Z: Deleting multiple-mismatch-sans BackendTLSPolicy
    apply.go:301: 2026-07-28T05:07:06.954792439Z: Deleting multiple-sans BackendTLSPolicy
    apply.go:301: 2026-07-28T05:07:06.960329495Z: Deleting san-uri-mismatch BackendTLSPolicy
    apply.go:301: 2026-07-28T05:07:06.966353773Z: Deleting san-uri BackendTLSPolicy
    apply.go:301: 2026-07-28T05:07:06.972634089Z: Deleting san-dns-mismatch BackendTLSPolicy
    apply.go:301: 2026-07-28T05:07:06.979917619Z: Deleting san-dns BackendTLSPolicy
    apply.go:301: 2026-07-28T05:07:06.991697509Z: Deleting backendtlspolicy-multiple-mismatch-sans-test Service
    apply.go:301: 2026-07-28T05:07:07.004072091Z: Deleting backendtlspolicy-multiple-sans-test Service
    apply.go:301: 2026-07-28T05:07:07.014535431Z: Deleting backendtlspolicy-san-uri-mismatch-test Service
    apply.go:301: 2026-07-28T05:07:07.022833319Z: Deleting backendtlspolicy-san-uri-test Service
    apply.go:301: 2026-07-28T05:07:07.033458759Z: Deleting backendtlspolicy-san-dns-mismatch-test Service
    apply.go:301: 2026-07-28T05:07:07.044972649Z: Deleting backendtlspolicy-san-dns-test Service
    apply.go:301: 2026-07-28T05:07:07.053936875Z: Deleting backendtlspolicy-san-test HTTPRoute
    apply.go:283: 2026-07-28T05:07:07.064764922Z: Deleting multiple-sans BackendTLSPolicy
    apply.go:283: 2026-07-28T05:07:07.06738971Z: Deleting san-uri-mismatch BackendTLSPolicy
    apply.go:283: 2026-07-28T05:07:07.070218616Z: Deleting san-uri BackendTLSPolicy
    apply.go:283: 2026-07-28T05:07:07.091069757Z: Deleting san-dns-mismatch BackendTLSPolicy
    apply.go:283: 2026-07-28T05:07:07.093982435Z: Deleting san-dns BackendTLSPolicy
    apply.go:283: 2026-07-28T05:07:07.098279548Z: Deleting backendtlspolicy-multiple-mismatch-sans-test Service
    apply.go:283: 2026-07-28T05:07:07.100449676Z: Deleting backendtlspolicy-multiple-sans-test Service
    apply.go:283: 2026-07-28T05:07:07.102173285Z: Deleting backendtlspolicy-san-uri-mismatch-test Service
    apply.go:283: 2026-07-28T05:07:07.103435529Z: Deleting backendtlspolicy-san-uri-test Service
    apply.go:283: 2026-07-28T05:07:07.10469372Z: Deleting backendtlspolicy-san-dns-mismatch-test Service
    apply.go:283: 2026-07-28T05:07:07.106052402Z: Deleting backendtlspolicy-san-dns-test Service
    apply.go:283: 2026-07-28T05:07:07.107362022Z: Deleting backendtlspolicy-san-test HTTPRoute
=== NAME  TestGatewayAPIConformance
    suite.go:504: 2026-07-28T05:07:07.108862167Z: Sleeping 10s for test isolation
=== RUN   TestGatewayAPIConformance/BackendTLSPolicy
    conformance.go:70: 2026-07-28T05:07:17.109295876Z: Applying tests/backendtlspolicy.yaml
    apply.go:275: 2026-07-28T05:07:17.116824146Z: Creating backendtlspolicy HTTPRoute
    apply.go:275: 2026-07-28T05:07:17.124829311Z: Creating backendtlspolicy-reencrypt HTTPRoute
    apply.go:275: 2026-07-28T05:07:17.129727316Z: Creating backendtlspolicy-test Service
    apply.go:275: 2026-07-28T05:07:17.136279356Z: Creating backendtlspolicy-host-mismatch-test Service
    apply.go:275: 2026-07-28T05:07:17.147002852Z: Creating backendtlspolicy-cert-mismatch-test Service
    apply.go:275: 2026-07-28T05:07:17.154469587Z: Creating backendtlspolicy-reconcile-test Service
    apply.go:275: 2026-07-28T05:07:17.163392909Z: Creating normative-test BackendTLSPolicy
    apply.go:275: 2026-07-28T05:07:17.168085879Z: Creating host-mismatch BackendTLSPolicy
    apply.go:275: 2026-07-28T05:07:17.171887189Z: Creating cert-mismatch BackendTLSPolicy
    apply.go:294: 2026-07-28T05:07:17.176436843Z: Updating backendtlspolicy HTTPRoute
    apply.go:294: 2026-07-28T05:07:17.183995469Z: Updating backendtlspolicy-reencrypt HTTPRoute
    apply.go:294: 2026-07-28T05:07:17.189286697Z: Updating backendtlspolicy-test Service
    apply.go:294: 2026-07-28T05:07:17.192579979Z: Updating backendtlspolicy-host-mismatch-test Service
    apply.go:294: 2026-07-28T05:07:17.195788229Z: Updating backendtlspolicy-cert-mismatch-test Service
    apply.go:294: 2026-07-28T05:07:17.199206005Z: Updating backendtlspolicy-reconcile-test Service
    apply.go:294: 2026-07-28T05:07:17.20305489Z: Updating normative-test BackendTLSPolicy
    apply.go:294: 2026-07-28T05:07:17.206839179Z: Updating host-mismatch BackendTLSPolicy
    apply.go:294: 2026-07-28T05:07:17.210593407Z: Updating cert-mismatch BackendTLSPolicy
    apply.go:275: 2026-07-28T05:07:17.214117247Z: Creating reconcile-test BackendTLSPolicy
    conformance.go:75: 2026-07-28T05:07:17.216999063Z: Running BackendTLSPolicy, relying on the following features: Gateway-standard, HTTPRoute-standard, BackendTLSPolicy-standard
=== RUN   TestGatewayAPIConformance/BackendTLSPolicy/Re-encrypt_HTTPS_request_sent_to_Service_with_valid_BackendTLSPolicy_should_succeed
    helpers.go:304: 2026-07-28T05:07:17.222498427Z: Gateways and Pods in gateway-conformance-infra namespaces ready
    helpers.go:812: 2026-07-28T05:07:30.429263495Z: Conditions matched expectations
    helpers.go:812: 2026-07-28T05:07:30.429326242Z: Route gateway-conformance-infra/backendtlspolicy-reencrypt Parents matched expectations
    backendtlspolicy.go:83: 2026-07-28T05:07:31.04591646Z: Making GET request to host https-listener.org via https://127.0.0.1/backendtlspolicy
    tls.go:90: 2026-07-28T05:07:31.060323043Z: Request passed
=== NAME  TestGatewayAPIConformance/BackendTLSPolicy
    helpers.go:304: 2026-07-28T05:07:31.066641548Z: Gateways and Pods in gateway-conformance-infra namespaces ready
    helpers.go:812: 2026-07-28T05:07:31.070864949Z: Conditions matched expectations
    helpers.go:812: 2026-07-28T05:07:31.070918418Z: Route gateway-conformance-infra/backendtlspolicy Parents matched expectations
=== RUN   TestGatewayAPIConformance/BackendTLSPolicy/HTTP_request_sent_to_Service_with_valid_BackendTLSPolicy_should_succeed
    backendtlspolicy.go:114: 2026-07-28T05:07:31.078394611Z: Making GET request to host abc.example.com via http://127.0.0.1/backendtlspolicy
    http.go:291: 2026-07-28T05:07:31.084234553Z: Request passed
=== RUN   TestGatewayAPIConformance/BackendTLSPolicy/HTTP_request_sent_to_Service_targeted_by_BackendTLSPolicy_with_mismatched_hostname_should_return_an_HTTP_error
    backendtlspolicy.go:132: 2026-07-28T05:07:31.087643399Z: Making GET request to host abc.example.org via http://127.0.0.1/backendtlspolicy-host-mismatch
    http.go:314: 2026-07-28T05:07:31.093041806Z: Expectation for failing Request are met
=== RUN   TestGatewayAPIConformance/BackendTLSPolicy/HTTP_request_send_to_Service_targeted_by_BackendTLSPolicy_with_mismatched_cert_should_return_HTTP_error
    backendtlspolicy.go:149: 2026-07-28T05:07:31.09744607Z: Making GET request to host abc.example.com via http://127.0.0.1/backendtlspolicy-cert-mismatch
    http.go:314: 2026-07-28T05:07:31.123282271Z: Expectation for failing Request are met
=== RUN   TestGatewayAPIConformance/BackendTLSPolicy/Changing_the_content_of_a_ConfigMap_used_by_BackendTLSPolicy_as_CA_certificate_should_be_reconciled_by_the_controller
    helpers.go:1423: 2026-07-28T05:07:31.137222444Z: BackendTLSPolicy gateway-conformance-infra/reconcile-test (parentRef=0x11bd1c8af050/same-namespace) expected observedGeneration to be updated to 2 for all conditions, only 0/2 were updated. stale conditions are: Accepted (generation 1), ResolvedRefs (generation 1)
    helpers.go:1430: 2026-07-28T05:07:31.23767997Z: Accepted condition set to Status True with Reason Accepted, expected Status False
    helpers.go:1430: 2026-07-28T05:07:31.237740713Z: Accepted was not in conditions list [[{Accepted True 2 2026-07-28 05:07:31 +0000 UTC Accepted BackendTLSPolicy is accepted by nantian-gw} {ResolvedRefs True 2 2026-07-28 05:07:31 +0000 UTC ResolvedRefs BackendTLSPolicy references are resolved}]]
    apply.go:226: 2026-07-28T05:07:31.340653591Z: Creating tls-checks-ca-certificate-reconcile-test 
    helpers.go:1430: 2026-07-28T05:07:31.346368538Z: Accepted condition set to Status False with Reason NoValidCACertificate, expected Status True
    helpers.go:1430: 2026-07-28T05:07:31.346406498Z: Accepted was not in conditions list [[{Accepted False 2 2026-07-28 05:07:31 +0000 UTC NoValidCACertificate BackendTLSPolicy does not contain any valid CA certificate references} {ResolvedRefs False 2 2026-07-28 05:07:31 +0000 UTC InvalidCACertificateRef BackendTLSPolicy CA ref ConfigMap gateway-conformance-infra/tls-checks-ca-certificate-reconcile-test was not found or does not contain ca.crt}]]
    helpers.go:1430: 2026-07-28T05:07:31.446812737Z: Accepted condition set to Status False with Reason NoValidCACertificate, expected Status True
    helpers.go:1430: 2026-07-28T05:07:31.446847171Z: Accepted was not in conditions list [[{Accepted False 2 2026-07-28 05:07:31 +0000 UTC NoValidCACertificate BackendTLSPolicy does not contain any valid CA certificate references} {ResolvedRefs False 2 2026-07-28 05:07:31 +0000 UTC InvalidCACertificateRef BackendTLSPolicy CA ref ConfigMap gateway-conformance-infra/tls-checks-ca-certificate-reconcile-test was not found or does not contain ca.crt}]]
    helpers.go:1430: 2026-07-28T05:07:31.547281074Z: Accepted condition set to Status False with Reason NoValidCACertificate, expected Status True
    helpers.go:1430: 2026-07-28T05:07:31.547318683Z: Accepted was not in conditions list [[{Accepted False 2 2026-07-28 05:07:31 +0000 UTC NoValidCACertificate BackendTLSPolicy does not contain any valid CA certificate references} {ResolvedRefs False 2 2026-07-28 05:07:31 +0000 UTC InvalidCACertificateRef BackendTLSPolicy CA ref ConfigMap gateway-conformance-infra/tls-checks-ca-certificate-reconcile-test was not found or does not contain ca.crt}]]
    helpers.go:1430: 2026-07-28T05:07:31.647832876Z: Accepted condition set to Status False with Reason NoValidCACertificate, expected Status True
    helpers.go:1430: 2026-07-28T05:07:31.647876426Z: Accepted was not in conditions list [[{Accepted False 2 2026-07-28 05:07:31 +0000 UTC NoValidCACertificate BackendTLSPolicy does not contain any valid CA certificate references} {ResolvedRefs False 2 2026-07-28 05:07:31 +0000 UTC InvalidCACertificateRef BackendTLSPolicy CA ref ConfigMap gateway-conformance-infra/tls-checks-ca-certificate-reconcile-test was not found or does not contain ca.crt}]]
    helpers.go:1430: 2026-07-28T05:07:31.747396059Z: Accepted condition set to Status False with Reason NoValidCACertificate, expected Status True
    helpers.go:1430: 2026-07-28T05:07:31.747430583Z: Accepted was not in conditions list [[{Accepted False 2 2026-07-28 05:07:31 +0000 UTC NoValidCACertificate BackendTLSPolicy does not contain any valid CA certificate references} {ResolvedRefs False 2 2026-07-28 05:07:31 +0000 UTC InvalidCACertificateRef BackendTLSPolicy CA ref ConfigMap gateway-conformance-infra/tls-checks-ca-certificate-reconcile-test was not found or does not contain ca.crt}]]
    helpers.go:1430: 2026-07-28T05:07:31.846766946Z: Accepted condition set to Status False with Reason NoValidCACertificate, expected Status True
    helpers.go:1430: 2026-07-28T05:07:31.846796832Z: Accepted was not in conditions list [[{Accepted False 2 2026-07-28 05:07:31 +0000 UTC NoValidCACertificate BackendTLSPolicy does not contain any valid CA certificate references} {ResolvedRefs False 2 2026-07-28 05:07:31 +0000 UTC InvalidCACertificateRef BackendTLSPolicy CA ref ConfigMap gateway-conformance-infra/tls-checks-ca-certificate-reconcile-test was not found or does not contain ca.crt}]]
    helpers.go:1430: 2026-07-28T05:07:31.954849904Z: Accepted condition set to Status True with Reason Accepted, expected Status False
    helpers.go:1430: 2026-07-28T05:07:31.954891982Z: Accepted was not in conditions list [[{Accepted True 2 2026-07-28 05:07:31 +0000 UTC Accepted BackendTLSPolicy is accepted by nantian-gw} {ResolvedRefs True 2 2026-07-28 05:07:31 +0000 UTC ResolvedRefs BackendTLSPolicy references are resolved}]]
    helpers.go:1430: 2026-07-28T05:07:32.056098422Z: Accepted condition set to Status True with Reason Accepted, expected Status False
    helpers.go:1430: 2026-07-28T05:07:32.056153213Z: Accepted was not in conditions list [[{Accepted True 2 2026-07-28 05:07:31 +0000 UTC Accepted BackendTLSPolicy is accepted by nantian-gw} {ResolvedRefs True 2 2026-07-28 05:07:31 +0000 UTC ResolvedRefs BackendTLSPolicy references are resolved}]]
    helpers.go:1430: 2026-07-28T05:07:32.157050977Z: Accepted condition set to Status True with Reason Accepted, expected Status False
    helpers.go:1430: 2026-07-28T05:07:32.157090861Z: Accepted was not in conditions list [[{Accepted True 2 2026-07-28 05:07:31 +0000 UTC Accepted BackendTLSPolicy is accepted by nantian-gw} {ResolvedRefs True 2 2026-07-28 05:07:31 +0000 UTC ResolvedRefs BackendTLSPolicy references are resolved}]]
    helpers.go:1430: 2026-07-28T05:07:32.256489988Z: Accepted condition set to Status True with Reason Accepted, expected Status False
    helpers.go:1430: 2026-07-28T05:07:32.256535222Z: Accepted was not in conditions list [[{Accepted True 2 2026-07-28 05:07:31 +0000 UTC Accepted BackendTLSPolicy is accepted by nantian-gw} {ResolvedRefs True 2 2026-07-28 05:07:31 +0000 UTC ResolvedRefs BackendTLSPolicy references are resolved}]]
    helpers.go:1430: 2026-07-28T05:07:32.355548835Z: Accepted condition set to Status True with Reason Accepted, expected Status False
    helpers.go:1430: 2026-07-28T05:07:32.355575254Z: Accepted was not in conditions list [[{Accepted True 2 2026-07-28 05:07:31 +0000 UTC Accepted BackendTLSPolicy is accepted by nantian-gw} {ResolvedRefs True 2 2026-07-28 05:07:31 +0000 UTC ResolvedRefs BackendTLSPolicy references are resolved}]]
    helpers.go:1430: 2026-07-28T05:07:32.455817453Z: Accepted condition set to Status True with Reason Accepted, expected Status False
    helpers.go:1430: 2026-07-28T05:07:32.455857588Z: Accepted was not in conditions list [[{Accepted True 2 2026-07-28 05:07:31 +0000 UTC Accepted BackendTLSPolicy is accepted by nantian-gw} {ResolvedRefs True 2 2026-07-28 05:07:31 +0000 UTC ResolvedRefs BackendTLSPolicy references are resolved}]]
    helpers.go:1430: 2026-07-28T05:07:32.563638113Z: Accepted condition set to Status False with Reason NoValidCACertificate, expected Status True
    helpers.go:1430: 2026-07-28T05:07:32.563669902Z: Accepted was not in conditions list [[{Accepted False 2 2026-07-28 05:07:32 +0000 UTC NoValidCACertificate BackendTLSPolicy does not contain any valid CA certificate references} {ResolvedRefs False 2 2026-07-28 05:07:32 +0000 UTC InvalidCACertificateRef BackendTLSPolicy CA ref ConfigMap gateway-conformance-infra/tls-checks-ca-certificate-reconcile-test was not found or does not contain ca.crt}]]
    helpers.go:1430: 2026-07-28T05:07:32.663810167Z: Accepted condition set to Status False with Reason NoValidCACertificate, expected Status True
    helpers.go:1430: 2026-07-28T05:07:32.663842036Z: Accepted was not in conditions list [[{Accepted False 2 2026-07-28 05:07:32 +0000 UTC NoValidCACertificate BackendTLSPolicy does not contain any valid CA certificate references} {ResolvedRefs False 2 2026-07-28 05:07:32 +0000 UTC InvalidCACertificateRef BackendTLSPolicy CA ref ConfigMap gateway-conformance-infra/tls-checks-ca-certificate-reconcile-test was not found or does not contain ca.crt}]]
    helpers.go:1430: 2026-07-28T05:07:32.764287206Z: Accepted condition set to Status False with Reason NoValidCACertificate, expected Status True
    helpers.go:1430: 2026-07-28T05:07:32.764329104Z: Accepted was not in conditions list [[{Accepted False 2 2026-07-28 05:07:32 +0000 UTC NoValidCACertificate BackendTLSPolicy does not contain any valid CA certificate references} {ResolvedRefs False 2 2026-07-28 05:07:32 +0000 UTC InvalidCACertificateRef BackendTLSPolicy CA ref ConfigMap gateway-conformance-infra/tls-checks-ca-certificate-reconcile-test was not found or does not contain ca.crt}]]
    helpers.go:1430: 2026-07-28T05:07:32.864563702Z: Accepted condition set to Status False with Reason NoValidCACertificate, expected Status True
    helpers.go:1430: 2026-07-28T05:07:32.864606472Z: Accepted was not in conditions list [[{Accepted False 2 2026-07-28 05:07:32 +0000 UTC NoValidCACertificate BackendTLSPolicy does not contain any valid CA certificate references} {ResolvedRefs False 2 2026-07-28 05:07:32 +0000 UTC InvalidCACertificateRef BackendTLSPolicy CA ref ConfigMap gateway-conformance-infra/tls-checks-ca-certificate-reconcile-test was not found or does not contain ca.crt}]]
    helpers.go:1430: 2026-07-28T05:07:32.964673603Z: Accepted condition set to Status False with Reason NoValidCACertificate, expected Status True
    helpers.go:1430: 2026-07-28T05:07:32.9647261Z: Accepted was not in conditions list [[{Accepted False 2 2026-07-28 05:07:32 +0000 UTC NoValidCACertificate BackendTLSPolicy does not contain any valid CA certificate references} {ResolvedRefs False 2 2026-07-28 05:07:32 +0000 UTC InvalidCACertificateRef BackendTLSPolicy CA ref ConfigMap gateway-conformance-infra/tls-checks-ca-certificate-reconcile-test was not found or does not contain ca.crt}]]
    helpers.go:1430: 2026-07-28T05:07:33.063897159Z: Accepted condition set to Status False with Reason NoValidCACertificate, expected Status True
    helpers.go:1430: 2026-07-28T05:07:33.06392468Z: Accepted was not in conditions list [[{Accepted False 2 2026-07-28 05:07:32 +0000 UTC NoValidCACertificate BackendTLSPolicy does not contain any valid CA certificate references} {ResolvedRefs False 2 2026-07-28 05:07:32 +0000 UTC InvalidCACertificateRef BackendTLSPolicy CA ref ConfigMap gateway-conformance-infra/tls-checks-ca-certificate-reconcile-test was not found or does not contain ca.crt}]]
    apply.go:239: 2026-07-28T05:07:33.171397827Z: Deleting tls-checks-ca-certificate-reconcile-test 
=== NAME  TestGatewayAPIConformance/BackendTLSPolicy
    apply.go:283: 2026-07-28T05:07:33.174489779Z: Deleting reconcile-test BackendTLSPolicy
    apply.go:301: 2026-07-28T05:07:33.178219022Z: Deleting cert-mismatch BackendTLSPolicy
    apply.go:301: 2026-07-28T05:07:33.181485931Z: Deleting host-mismatch BackendTLSPolicy
    apply.go:301: 2026-07-28T05:07:33.186840989Z: Deleting normative-test BackendTLSPolicy
    apply.go:301: 2026-07-28T05:07:33.191133409Z: Deleting backendtlspolicy-reconcile-test Service
    apply.go:301: 2026-07-28T05:07:33.208789568Z: Deleting backendtlspolicy-cert-mismatch-test Service
    apply.go:301: 2026-07-28T05:07:33.224973475Z: Deleting backendtlspolicy-host-mismatch-test Service
    apply.go:301: 2026-07-28T05:07:33.2356177Z: Deleting backendtlspolicy-test Service
    apply.go:301: 2026-07-28T05:07:33.250935832Z: Deleting backendtlspolicy-reencrypt HTTPRoute
    apply.go:301: 2026-07-28T05:07:33.259931621Z: Deleting backendtlspolicy HTTPRoute
    apply.go:283: 2026-07-28T05:07:33.263897131Z: Deleting cert-mismatch BackendTLSPolicy
    apply.go:283: 2026-07-28T05:07:33.265818884Z: Deleting host-mismatch BackendTLSPolicy
    apply.go:283: 2026-07-28T05:07:33.267185426Z: Deleting normative-test BackendTLSPolicy
    apply.go:283: 2026-07-28T05:07:33.268534528Z: Deleting backendtlspolicy-reconcile-test Service
    apply.go:283: 2026-07-28T05:07:33.269907458Z: Deleting backendtlspolicy-cert-mismatch-test Service
    apply.go:283: 2026-07-28T05:07:33.272112303Z: Deleting backendtlspolicy-host-mismatch-test Service
    apply.go:283: 2026-07-28T05:07:33.273570942Z: Deleting backendtlspolicy-test Service
    apply.go:283: 2026-07-28T05:07:33.275065862Z: Deleting backendtlspolicy-reencrypt HTTPRoute
    apply.go:283: 2026-07-28T05:07:33.276513206Z: Deleting backendtlspolicy HTTPRoute
=== NAME  TestGatewayAPIConformance
    suite.go:504: 2026-07-28T05:07:33.278009986Z: Sleeping 10s for test isolation
=== RUN   TestGatewayAPIConformance/GatewayHTTPListenerIsolation
    conformance.go:70: 2026-07-28T05:07:43.286209614Z: Applying tests/gateway-http-listener-isolation.yaml
    apply.go:275: 2026-07-28T05:07:43.292724056Z: Creating http-listener-isolation Gateway
    apply.go:275: 2026-07-28T05:07:43.302502589Z: Creating attaches-to-empty-hostname HTTPRoute
    apply.go:275: 2026-07-28T05:07:43.311325045Z: Creating attaches-to-wildcard-example-com HTTPRoute
    apply.go:275: 2026-07-28T05:07:43.320338756Z: Creating attaches-to-wildcard-foo-example-com HTTPRoute
    apply.go:294: 2026-07-28T05:07:43.333310117Z: Updating http-listener-isolation Gateway
    apply.go:294: 2026-07-28T05:07:43.369182635Z: Updating attaches-to-empty-hostname HTTPRoute
    apply.go:294: 2026-07-28T05:07:43.38564808Z: Updating attaches-to-wildcard-example-com HTTPRoute
    apply.go:294: 2026-07-28T05:07:43.40135478Z: Updating attaches-to-wildcard-foo-example-com HTTPRoute
    apply.go:275: 2026-07-28T05:07:43.419245964Z: Creating attaches-to-abc-foo-example-com HTTPRoute
    conformance.go:70: 2026-07-28T05:07:43.426060251Z: Applying tests/gateway-http-listener-isolation-with-hostname-intersection.yaml
    apply.go:275: 2026-07-28T05:07:43.430487758Z: Creating http-listener-isolation-with-hostname-intersection Gateway
    apply.go:275: 2026-07-28T05:07:43.442007091Z: Creating attaches-to-empty-hostname-with-hostname-intersection HTTPRoute
    apply.go:275: 2026-07-28T05:07:43.449060782Z: Creating attaches-to-wildcard-example-com-with-hostname-intersection HTTPRoute
    apply.go:275: 2026-07-28T05:07:43.456479335Z: Creating attaches-to-wildcard-foo-example-com-with-hostname-intersection HTTPRoute
    apply.go:294: 2026-07-28T05:07:43.471735411Z: Updating http-listener-isolation-with-hostname-intersection Gateway
    apply.go:294: 2026-07-28T05:07:43.487253839Z: Updating attaches-to-empty-hostname-with-hostname-intersection HTTPRoute
    apply.go:308: 
        	Error Trace:	/home/runner/go/pkg/mod/sigs.k8s.io/gateway-api/conformance@v1.5.1/utils/kubernetes/apply.go:308
        	            				/home/runner/go/pkg/mod/sigs.k8s.io/gateway-api/conformance@v1.5.1/utils/suite/conformance.go:71
        	            				/home/runner/go/pkg/mod/sigs.k8s.io/gateway-api/conformance@v1.5.1/utils/suite/suite.go:511
        	Error:      	Received unexpected error:
        	            	Operation cannot be fulfilled on httproutes.gateway.networking.k8s.io "attaches-to-empty-hostname-with-hostname-intersection": the object has been modified; please apply your changes to the latest version and try again
        	Test:       	TestGatewayAPIConformance/GatewayHTTPListenerIsolation
        	Messages:   	error updating resource
    apply.go:301: 2026-07-28T05:07:43.49463332Z: Deleting attaches-to-empty-hostname-with-hostname-intersection HTTPRoute
    apply.go:301: 2026-07-28T05:07:43.50192855Z: Deleting http-listener-isolation-with-hostname-intersection Gateway
    apply.go:283: 2026-07-28T05:07:43.507677753Z: Deleting attaches-to-wildcard-foo-example-com-with-hostname-intersection HTTPRoute
    apply.go:283: 2026-07-28T05:07:43.511432622Z: Deleting attaches-to-wildcard-example-com-with-hostname-intersection HTTPRoute
    apply.go:283: 2026-07-28T05:07:43.515525628Z: Deleting attaches-to-empty-hostname-with-hostname-intersection HTTPRoute
    apply.go:283: 2026-07-28T05:07:43.517893022Z: Deleting http-listener-isolation-with-hostname-intersection Gateway
    apply.go:283: 2026-07-28T05:07:43.520464183Z: Deleting attaches-to-abc-foo-example-com HTTPRoute
    apply.go:301: 2026-07-28T05:07:43.52814041Z: Deleting attaches-to-wildcard-foo-example-com HTTPRoute
    apply.go:301: 2026-07-28T05:07:43.539272029Z: Deleting attaches-to-wildcard-example-com HTTPRoute
    apply.go:301: 2026-07-28T05:07:43.546170925Z: Deleting attaches-to-empty-hostname HTTPRoute
    apply.go:301: 2026-07-28T05:07:43.562725278Z: Deleting http-listener-isolation Gateway
    apply.go:283: 2026-07-28T05:07:43.577277736Z: Deleting attaches-to-wildcard-foo-example-com HTTPRoute
    apply.go:283: 2026-07-28T05:07:43.581576664Z: Deleting attaches-to-wildcard-example-com HTTPRoute
    apply.go:283: 2026-07-28T05:07:43.584687818Z: Deleting attaches-to-empty-hostname HTTPRoute
    apply.go:283: 2026-07-28T05:07:43.58779268Z: Deleting http-listener-isolation Gateway
=== NAME  TestGatewayAPIConformance
    suite.go:504: 2026-07-28T05:07:43.594346854Z: Sleeping 10s for test isolation
=== RUN   TestGatewayAPIConformance/GatewayInfrastructure
    conformance.go:70: 2026-07-28T05:07:53.594864705Z: Applying tests/gateway-infrastructure.yaml
    apply.go:275: 2026-07-28T05:07:53.600039165Z: Creating gateway-with-infrastructure-metadata Gateway
    apply.go:294: 2026-07-28T05:07:53.606579447Z: Updating gateway-with-infrastructure-metadata Gateway
    conformance.go:75: 2026-07-28T05:07:53.615179553Z: Running GatewayInfrastructure, relying on the following features: Gateway-standard, GatewayInfrastructurePropagation-standard
    helpers.go:272: 2026-07-28T05:07:53.621807697Z: Gateway gateway-conformance-infra/gateway-with-infrastructure-metadata expected observedGeneration to be updated to 1 for all conditions, only 0/2 were updated. stale conditions are: Accepted (generation 0), Programmed (generation 0)
    helpers.go:283: 2026-07-28T05:07:53.72025491Z: Programmed condition set to Status False with Reason Pending, expected Status True
    helpers.go:283: 2026-07-28T05:07:53.720297068Z: Programmed was not in conditions list [[{Accepted True 1 2026-07-28 05:07:53 +0000 UTC Accepted Gateway is accepted by nantian-gw} {Programmed False 1 2026-07-28 05:07:53 +0000 UTC Pending Waiting for derived Gateway Service to be created}]]
    helpers.go:284: 2026-07-28T05:07:53.720324539Z: gateway-conformance-infra/gateway-with-infrastructure-metadata Gateway not Programmed yet
    helpers.go:304: 2026-07-28T05:07:53.867915501Z: Gateways and Pods in gateway-conformance-infra namespaces ready
    gateway-infrastructure.go:62: waiting for namespace gateway-conformance-infra and Gateway gateway-with-infrastructure-metadata to be ready for testing
    gateway-infrastructure.go:65: retrieving Gateway gateway-conformance-infra/gateway-with-infrastructure-metadata
    gateway-infrastructure.go:69: verifying that the Gateway gateway-conformance-infra/gateway-with-infrastructure-metadata is accepted with infrastructure declared
    gateway-infrastructure.go:75: verifying that generated resources for Gateway gateway-conformance-infra/gateway-with-infrastructure-metadata have the proper gateway name label
    apply.go:301: 2026-07-28T05:07:53.967964771Z: Deleting gateway-with-infrastructure-metadata Gateway
    apply.go:283: 2026-07-28T05:07:53.971640303Z: Deleting gateway-with-infrastructure-metadata Gateway
=== NAME  TestGatewayAPIConformance
    suite.go:504: 2026-07-28T05:07:53.975025478Z: Sleeping 10s for test isolation
=== RUN   TestGatewayAPIConformance/GatewayFrontendInvalidDefaultClientCertificateValidation
    conformance.go:70: 2026-07-28T05:08:03.980642373Z: Applying tests/gateway-invalid-default-frontend-client-certificate-validation.yaml
    apply.go:275: 2026-07-28T05:08:03.986727419Z: Creating invalid-default-client-validation-config Gateway
    apply.go:294: 2026-07-28T05:08:03.993468407Z: Updating invalid-default-client-validation-config Gateway
    apply.go:275: 2026-07-28T05:08:04.005545303Z: Creating invalid-default-client-validation-config HTTPRoute
    conformance.go:75: 2026-07-28T05:08:04.010421172Z: Running GatewayFrontendInvalidDefaultClientCertificateValidation, relying on the following features: Gateway-standard, HTTPRoute-standard, GatewayFrontendClientCertificateValidation-standard
    helpers.go:557: 2026-07-28T05:08:04.015025364Z: Gatewayexpected observedGeneration to be updated to 1 for all conditions, only 0/2 were updated. stale conditions are: Accepted (generation 0), Programmed (generation 0)
=== RUN   TestGatewayAPIConformance/GatewayFrontendInvalidDefaultClientCertificateValidation/Validate_tls_configuration_does_not_impact_HTTP_listener
    gateway-invalid-default-frontend-client-certificate-validation.go:96: 2026-07-28T05:08:04.121663484Z: Making GET request to host example.org via http://127.0.0.1/
    http.go:285: 2026-07-28T05:08:04.123995667Z: Response expectation failed for request: {URL: {Scheme:http Opaque: User: Host:127.0.0.1 Path:/ Fragment: RawQuery: RawPath: RawFragment: ForceQuery:false OmitHost:false}, Host: example.org, Protocol: HTTP, Method: GET, Headers: map[X-Echo-Set-Header:[]], UnfollowRedirect: false, ServerName: , ServerCertificate: <truncated>, ClientCertificate: <truncated>, ClientCertificateKey: <truncated>}  not ready yet: expected status code to be one of [200], got 400. CRes: &{400 -1 HTTP/1.1 map[Cross-Origin-Opener-Policy:[same-origin] Date:[Tue, 28 Jul 2026 05:08:04 GMT] Referrer-Policy:[strict-origin-when-cross-origin] X-Content-Type-Options:[nosniff] X-Frame-Options:[DENY] X-Permitted-Cross-Domain-Policies:[none]] <nil> []} (after 2.134µs)
    http.go:291: 2026-07-28T05:08:05.128914928Z: Request passed
=== RUN   TestGatewayAPIConformance/GatewayFrontendInvalidDefaultClientCertificateValidation/Validate_that_invalid_default_configuration_is_impacting_HTTPS_listener
    gateway-invalid-default-frontend-client-certificate-validation.go:125: 2026-07-28T05:08:05.13215932Z: Making GET request to host example.org via https://127.0.0.1/
=== NAME  TestGatewayAPIConformance/GatewayFrontendInvalidDefaultClientCertificateValidation
    apply.go:283: 2026-07-28T05:08:05.135783544Z: Deleting invalid-default-client-validation-config HTTPRoute
    apply.go:301: 2026-07-28T05:08:05.139474632Z: Deleting invalid-default-client-validation-config Gateway
    apply.go:283: 2026-07-28T05:08:05.14440702Z: Deleting invalid-default-client-validation-config Gateway
=== NAME  TestGatewayAPIConformance
    suite.go:504: 2026-07-28T05:08:05.147119583Z: Sleeping 10s for test isolation
=== RUN   TestGatewayAPIConformance/GatewayInvalidRouteKind
    conformance.go:70: 2026-07-28T05:08:15.147807607Z: Applying tests/gateway-invalid-route-kind.yaml
    apply.go:275: 2026-07-28T05:08:15.154817192Z: Creating gateway-only-invalid-route-kind Gateway
    apply.go:294: 2026-07-28T05:08:15.159861167Z: Updating gateway-only-invalid-route-kind Gateway
    apply.go:275: 2026-07-28T05:08:15.169417558Z: Creating gateway-supported-and-invalid-route-kind Gateway
    conformance.go:75: 2026-07-28T05:08:15.173326597Z: Running GatewayInvalidRouteKind, relying on the following features: Gateway-standard
=== RUN   TestGatewayAPIConformance/GatewayInvalidRouteKind/Gateway_listener_should_have_a_false_ResolvedRefs_condition_with_reason_InvalidRouteKinds_and_no_supportedKinds
    helpers.go:912: 2026-07-28T05:08:15.17633946Z: Gateway gateway-conformance-infra/gateway-only-invalid-route-kind expected observedGeneration to be updated to 1 for all conditions, only 0/2 were updated. stale conditions are: Accepted (generation 0), Programmed (generation 0)
    helpers.go:917: 2026-07-28T05:08:15.279324041Z: Conditions matched expectations
    helpers.go:917: 2026-07-28T05:08:15.279370137Z: Gateway status listeners matched expectations
=== RUN   TestGatewayAPIConformance/GatewayInvalidRouteKind/Gateway_listener_should_have_a_false_ResolvedRefs_condition_with_reason_InvalidRouteKinds_and_HTTPRoute_must_be_put_in_the_supportedKinds
    helpers.go:912: 2026-07-28T05:08:15.281410768Z: Gateway gateway-conformance-infra/gateway-supported-and-invalid-route-kind expected observedGeneration to be updated to 1 for all conditions, only 0/2 were updated. stale conditions are: Accepted (generation 0), Programmed (generation 0)
    helpers.go:917: 2026-07-28T05:08:15.383627146Z: Conditions matched expectations
    helpers.go:917: 2026-07-28T05:08:15.383678301Z: Gateway status listeners matched expectations
=== NAME  TestGatewayAPIConformance/GatewayInvalidRouteKind
    apply.go:283: 2026-07-28T05:08:15.383762808Z: Deleting gateway-supported-and-invalid-route-kind Gateway
    apply.go:301: 2026-07-28T05:08:15.390411468Z: Deleting gateway-only-invalid-route-kind Gateway
    apply.go:283: 2026-07-28T05:08:15.398822085Z: Deleting gateway-only-invalid-route-kind Gateway
=== NAME  TestGatewayAPIConformance
    suite.go:504: 2026-07-28T05:08:15.401120075Z: Sleeping 10s for test isolation
=== RUN   TestGatewayAPIConformance/GatewayInvalidTLSBackendConfiguration
    conformance.go:70: 2026-07-28T05:08:25.401587501Z: Applying tests/gateway-invalid-tls-backend-configuration.yaml
    apply.go:275: 2026-07-28T05:08:25.407536143Z: Creating gateway-client-certificate-nonexistent-secret Gateway
    apply.go:275: 2026-07-28T05:08:25.41265604Z: Creating gateway-client-certificate-unsupported-group Gateway
    apply.go:275: 2026-07-28T05:08:25.421234786Z: Creating gateway-client-certificate-unsupported-kind Gateway
    apply.go:275: 2026-07-28T05:08:25.428360623Z: Creating gateway-client-certificate-malformed-secret Gateway
    apply.go:275: 2026-07-28T05:08:25.438813335Z: Creating malformed-client-certificate Secret
    apply.go:294: 2026-07-28T05:08:25.447011429Z: Updating gateway-client-certificate-nonexistent-secret Gateway
    apply.go:294: 2026-07-28T05:08:25.459264885Z: Updating gateway-client-certificate-unsupported-group Gateway
    apply.go:294: 2026-07-28T05:08:25.474100368Z: Updating gateway-client-certificate-unsupported-kind Gateway
    apply.go:294: 2026-07-28T05:08:25.485100693Z: Updating gateway-client-certificate-malformed-secret Gateway
    apply.go:294: 2026-07-28T05:08:25.493827006Z: Updating malformed-client-certificate Secret
    apply.go:275: 2026-07-28T05:08:25.497563387Z: Creating gateway-client-certificate-missing-reference-grant Gateway
    conformance.go:75: 2026-07-28T05:08:25.501838281Z: Running GatewayInvalidTLSBackendConfiguration, relying on the following features: Gateway-standard, GatewayBackendClientCertificate-standard, HTTPRoute-standard, BackendTLSPolicy-standard
=== RUN   TestGatewayAPIConformance/GatewayInvalidTLSBackendConfiguration/Nonexistent_secret_referenced_as_ClientCertificateRef_in_Gateway_backend_TLS_configuration
=== PAUSE TestGatewayAPIConformance/GatewayInvalidTLSBackendConfiguration/Nonexistent_secret_referenced_as_ClientCertificateRef_in_Gateway_backend_TLS_configuration
=== RUN   TestGatewayAPIConformance/GatewayInvalidTLSBackendConfiguration/Unsupported_group_resource_referenced_as_ClientCertificateRef_in_Gateway_backend_TLS_configuration
=== PAUSE TestGatewayAPIConformance/GatewayInvalidTLSBackendConfiguration/Unsupported_group_resource_referenced_as_ClientCertificateRef_in_Gateway_backend_TLS_configuration
=== RUN   TestGatewayAPIConformance/GatewayInvalidTLSBackendConfiguration/Unsupported_kind_resource_referenced_as_ClientCertificateRef_inGateway_backend_TLS_configuration
=== PAUSE TestGatewayAPIConformance/GatewayInvalidTLSBackendConfiguration/Unsupported_kind_resource_referenced_as_ClientCertificateRef_inGateway_backend_TLS_configuration
=== RUN   TestGatewayAPIConformance/GatewayInvalidTLSBackendConfiguration/Malformed_secret_referenced_as_ClientCertificateRef_in_Gateway_backend_TLS_configuration
=== PAUSE TestGatewayAPIConformance/GatewayInvalidTLSBackendConfiguration/Malformed_secret_referenced_as_ClientCertificateRef_in_Gateway_backend_TLS_configuration
=== RUN   TestGatewayAPIConformance/GatewayInvalidTLSBackendConfiguration/Secret_referenced_from_another_namespace_without_any_ReferenceGrant_as_ClientCertificateRef_in_Gateway_backend_TLS_configuration
=== PAUSE TestGatewayAPIConformance/GatewayInvalidTLSBackendConfiguration/Secret_referenced_from_another_namespace_without_any_ReferenceGrant_as_ClientCertificateRef_in_Gateway_backend_TLS_configuration
=== CONT  TestGatewayAPIConformance/GatewayInvalidTLSBackendConfiguration/Nonexistent_secret_referenced_as_ClientCertificateRef_in_Gateway_backend_TLS_configuration
=== CONT  TestGatewayAPIConformance/GatewayInvalidTLSBackendConfiguration/Malformed_secret_referenced_as_ClientCertificateRef_in_Gateway_backend_TLS_configuration
=== CONT  TestGatewayAPIConformance/GatewayInvalidTLSBackendConfiguration/Secret_referenced_from_another_namespace_without_any_ReferenceGrant_as_ClientCertificateRef_in_Gateway_backend_TLS_configuration
=== CONT  TestGatewayAPIConformance/GatewayInvalidTLSBackendConfiguration/Unsupported_kind_resource_referenced_as_ClientCertificateRef_inGateway_backend_TLS_configuration
    helpers.go:158: 2026-07-28T05:08:25.509110172Z: Gateway gateway-conformance-infra/gateway-client-certificate-unsupported-kind latest conditions not set yet: expected observedGeneration to be updated to 1 for all conditions, only 0/2 were updated. stale conditions are: Accepted (generation 0), Programmed (generation 0)
=== NAME  TestGatewayAPIConformance/GatewayInvalidTLSBackendConfiguration/Malformed_secret_referenced_as_ClientCertificateRef_in_Gateway_backend_TLS_configuration
    helpers.go:158: 2026-07-28T05:08:25.509187282Z: Gateway gateway-conformance-infra/gateway-client-certificate-malformed-secret latest conditions not set yet: expected observedGeneration to be updated to 1 for all conditions, only 0/2 were updated. stale conditions are: Accepted (generation 0), Programmed (generation 0)
=== NAME  TestGatewayAPIConformance/GatewayInvalidTLSBackendConfiguration/Secret_referenced_from_another_namespace_without_any_ReferenceGrant_as_ClientCertificateRef_in_Gateway_backend_TLS_configuration
    helpers.go:158: 2026-07-28T05:08:25.509529658Z: Gateway gateway-conformance-infra/gateway-client-certificate-missing-reference-grant latest conditions not set yet: expected observedGeneration to be updated to 1 for all conditions, only 0/2 were updated. stale conditions are: Accepted (generation 0), Programmed (generation 0)
=== CONT  TestGatewayAPIConformance/GatewayInvalidTLSBackendConfiguration/Unsupported_group_resource_referenced_as_ClientCertificateRef_in_Gateway_backend_TLS_configuration
    helpers.go:158: 2026-07-28T05:08:25.516303364Z: Gateway gateway-conformance-infra/gateway-client-certificate-unsupported-group latest conditions not set yet: expected observedGeneration to be updated to 1 for all conditions, only 0/2 were updated. stale conditions are: Accepted (generation 0), Programmed (generation 0)
=== NAME  TestGatewayAPIConformance/GatewayInvalidTLSBackendConfiguration
    apply.go:283: 2026-07-28T05:08:25.623080057Z: Deleting gateway-client-certificate-missing-reference-grant Gateway
    apply.go:301: 2026-07-28T05:08:25.630744821Z: Deleting malformed-client-certificate Secret
    apply.go:301: 2026-07-28T05:08:25.639770884Z: Deleting gateway-client-certificate-malformed-secret Gateway
    apply.go:301: 2026-07-28T05:08:25.648855163Z: Deleting gateway-client-certificate-unsupported-kind Gateway
    apply.go:301: 2026-07-28T05:08:25.656771495Z: Deleting gateway-client-certificate-unsupported-group Gateway
    apply.go:301: 2026-07-28T05:08:25.674450434Z: Deleting gateway-client-certificate-nonexistent-secret Gateway
    apply.go:283: 2026-07-28T05:08:25.68252516Z: Deleting malformed-client-certificate Secret
    apply.go:283: 2026-07-28T05:08:25.686543257Z: Deleting gateway-client-certificate-malformed-secret Gateway
    apply.go:283: 2026-07-28T05:08:25.69211717Z: Deleting gateway-client-certificate-unsupported-kind Gateway
    apply.go:283: 2026-07-28T05:08:25.696403151Z: Deleting gateway-client-certificate-unsupported-group Gateway
    apply.go:283: 2026-07-28T05:08:25.701416345Z: Deleting gateway-client-certificate-nonexistent-secret Gateway
=== NAME  TestGatewayAPIConformance
    suite.go:504: 2026-07-28T05:08:25.704334441Z: Sleeping 10s for test isolation
=== RUN   TestGatewayAPIConformance/GatewayInvalidTLSConfiguration
    conformance.go:70: 2026-07-28T05:08:35.71305192Z: Applying tests/gateway-invalid-tls-configuration.yaml
    apply.go:275: 2026-07-28T05:08:35.718824388Z: Creating gateway-certificate-nonexistent-secret Gateway
    apply.go:275: 2026-07-28T05:08:35.723868819Z: Creating gateway-certificate-unsupported-group Gateway
    apply.go:275: 2026-07-28T05:08:35.733093426Z: Creating gateway-certificate-unsupported-kind Gateway
    apply.go:275: 2026-07-28T05:08:35.741781799Z: Creating gateway-certificate-malformed-secret Gateway
    apply.go:294: 2026-07-28T05:08:35.754128198Z: Updating gateway-certificate-nonexistent-secret Gateway
2026-07-28T05:08:35Z	INFO	unknown field "data"
2026-07-28T05:08:35Z	INFO	unknown field "type"
    apply.go:294: 2026-07-28T05:08:35.768364961Z: Updating gateway-certificate-unsupported-group Gateway
    apply.go:294: 2026-07-28T05:08:35.779241228Z: Updating gateway-certificate-unsupported-kind Gateway
    apply.go:294: 2026-07-28T05:08:35.788232325Z: Updating gateway-certificate-malformed-secret Gateway
    apply.go:275: 2026-07-28T05:08:35.794537477Z: Creating malformed-certificate Secret
2026-07-28T05:08:35Z	INFO	tls: failed to find any PEM data in certificate input
    conformance.go:75: 2026-07-28T05:08:35.796633337Z: Running GatewayInvalidTLSConfiguration, relying on the following features: Gateway-standard
=== RUN   TestGatewayAPIConformance/GatewayInvalidTLSConfiguration/Nonexistent_secret_referenced_as_CertificateRef_in_a_Gateway_listener
=== PAUSE TestGatewayAPIConformance/GatewayInvalidTLSConfiguration/Nonexistent_secret_referenced_as_CertificateRef_in_a_Gateway_listener
=== RUN   TestGatewayAPIConformance/GatewayInvalidTLSConfiguration/Unsupported_group_resource_referenced_as_CertificateRef_in_a_Gateway_listener
=== PAUSE TestGatewayAPIConformance/GatewayInvalidTLSConfiguration/Unsupported_group_resource_referenced_as_CertificateRef_in_a_Gateway_listener
=== RUN   TestGatewayAPIConformance/GatewayInvalidTLSConfiguration/Unsupported_kind_resource_referenced_as_CertificateRef_in_a_Gateway_listener
=== PAUSE TestGatewayAPIConformance/GatewayInvalidTLSConfiguration/Unsupported_kind_resource_referenced_as_CertificateRef_in_a_Gateway_listener
=== RUN   TestGatewayAPIConformance/GatewayInvalidTLSConfiguration/Malformed_secret_referenced_as_CertificateRef_in_a_Gateway_listener
=== PAUSE TestGatewayAPIConformance/GatewayInvalidTLSConfiguration/Malformed_secret_referenced_as_CertificateRef_in_a_Gateway_listener
=== CONT  TestGatewayAPIConformance/GatewayInvalidTLSConfiguration/Nonexistent_secret_referenced_as_CertificateRef_in_a_Gateway_listener
=== CONT  TestGatewayAPIConformance/GatewayInvalidTLSConfiguration/Unsupported_kind_resource_referenced_as_CertificateRef_in_a_Gateway_listener
=== CONT  TestGatewayAPIConformance/GatewayInvalidTLSConfiguration/Malformed_secret_referenced_as_CertificateRef_in_a_Gateway_listener
=== CONT  TestGatewayAPIConformance/GatewayInvalidTLSConfiguration/Unsupported_group_resource_referenced_as_CertificateRef_in_a_Gateway_listener
=== NAME  TestGatewayAPIConformance/GatewayInvalidTLSConfiguration/Malformed_secret_referenced_as_CertificateRef_in_a_Gateway_listener
    helpers.go:912: 2026-07-28T05:08:35.801052372Z: Gateway gateway-conformance-infra/gateway-certificate-malformed-secret expected observedGeneration to be updated to 1 for all conditions, only 0/2 were updated. stale conditions are: Accepted (generation 0), Programmed (generation 0)
=== NAME  TestGatewayAPIConformance/GatewayInvalidTLSConfiguration/Nonexistent_secret_referenced_as_CertificateRef_in_a_Gateway_listener
    helpers.go:912: 2026-07-28T05:08:35.801057237Z: Gateway gateway-conformance-infra/gateway-certificate-nonexistent-secret expected observedGeneration to be updated to 1 for all conditions, only 0/2 were updated. stale conditions are: Accepted (generation 0), Programmed (generation 0)
=== NAME  TestGatewayAPIConformance/GatewayInvalidTLSConfiguration/Unsupported_group_resource_referenced_as_CertificateRef_in_a_Gateway_listener
    helpers.go:917: 2026-07-28T05:08:35.80117253Z: Conditions matched expectations
    helpers.go:917: 2026-07-28T05:08:35.801198488Z: Gateway status listeners matched expectations
=== NAME  TestGatewayAPIConformance/GatewayInvalidTLSConfiguration/Unsupported_kind_resource_referenced_as_CertificateRef_in_a_Gateway_listener
    helpers.go:912: 2026-07-28T05:08:35.80142587Z: Gateway gateway-conformance-infra/gateway-certificate-unsupported-kind expected observedGeneration to be updated to 1 for all conditions, only 0/2 were updated. stale conditions are: Accepted (generation 0), Programmed (generation 0)
    helpers.go:917: 2026-07-28T05:08:35.903151889Z: Conditions matched expectations
    helpers.go:917: 2026-07-28T05:08:35.903199548Z: Gateway status listeners matched expectations
=== NAME  TestGatewayAPIConformance/GatewayInvalidTLSConfiguration/Nonexistent_secret_referenced_as_CertificateRef_in_a_Gateway_listener
    helpers.go:917: 2026-07-28T05:08:35.903436085Z: Conditions matched expectations
    helpers.go:917: 2026-07-28T05:08:35.903689545Z: Gateway status listeners matched expectations
=== NAME  TestGatewayAPIConformance/GatewayInvalidTLSConfiguration/Malformed_secret_referenced_as_CertificateRef_in_a_Gateway_listener
    helpers.go:917: 2026-07-28T05:08:35.903650884Z: Conditions matched expectations
    helpers.go:917: 2026-07-28T05:08:35.903755928Z: Gateway status listeners matched expectations
=== NAME  TestGatewayAPIConformance/GatewayInvalidTLSConfiguration
    apply.go:283: 2026-07-28T05:08:35.903789931Z: Deleting malformed-certificate Secret
    apply.go:301: 2026-07-28T05:08:35.906242134Z: Deleting gateway-certificate-malformed-secret Gateway
    apply.go:301: 2026-07-28T05:08:35.909715769Z: Deleting gateway-certificate-unsupported-kind Gateway
    apply.go:301: 2026-07-28T05:08:35.914503818Z: Deleting gateway-certificate-unsupported-group Gateway
    apply.go:301: 2026-07-28T05:08:35.919574298Z: Deleting gateway-certificate-nonexistent-secret Gateway
    apply.go:283: 2026-07-28T05:08:35.927085168Z: Deleting gateway-certificate-malformed-secret Gateway
    apply.go:283: 2026-07-28T05:08:35.929739312Z: Deleting gateway-certificate-unsupported-kind Gateway
    apply.go:283: 2026-07-28T05:08:35.933112798Z: Deleting gateway-certificate-unsupported-group Gateway
    apply.go:283: 2026-07-28T05:08:35.938880788Z: Deleting gateway-certificate-nonexistent-secret Gateway
=== NAME  TestGatewayAPIConformance
    suite.go:504: 2026-07-28T05:08:35.94234359Z: Sleeping 10s for test isolation
=== RUN   TestGatewayAPIConformance/GatewayModifyListeners
    conformance.go:70: 2026-07-28T05:08:45.942838486Z: Applying tests/gateway-modify-listeners.yaml
    apply.go:275: 2026-07-28T05:08:45.949999497Z: Creating gateway-add-listener Gateway
    apply.go:275: 2026-07-28T05:08:45.955391937Z: Creating http-route-1 HTTPRoute
    apply.go:275: 2026-07-28T05:08:45.963934087Z: Creating gateway-remove-listener Gateway
    apply.go:294: 2026-07-28T05:08:45.972333334Z: Updating gateway-add-listener Gateway
    apply.go:294: 2026-07-28T05:08:45.985858444Z: Updating http-route-1 HTTPRoute
    apply.go:294: 2026-07-28T05:08:45.997955053Z: Updating gateway-remove-listener Gateway
    apply.go:275: 2026-07-28T05:08:46.012079701Z: Creating http-route-2 HTTPRoute
    conformance.go:75: 2026-07-28T05:08:46.017885903Z: Running GatewayModifyListeners, relying on the following features: Gateway-standard
=== RUN   TestGatewayAPIConformance/GatewayModifyListeners/should_be_able_to_add_a_listener_that_then_becomes_available_for_routing_traffic
    helpers.go:272: 2026-07-28T05:08:46.022801718Z: Gateway gateway-conformance-infra/gateway-remove-listener expected observedGeneration to be updated to 1 for all conditions, only 0/2 were updated. stale conditions are: Accepted (generation 0), Programmed (generation 0)
    helpers.go:304: 2026-07-28T05:08:46.123566507Z: Gateways and Pods in gateway-conformance-infra namespaces ready
    helpers.go:272: 2026-07-28T05:08:46.137632791Z: Gateway gateway-conformance-infra/gateway-add-listener expected observedGeneration to be updated to 2 for all conditions, only 0/2 were updated. stale conditions are: Accepted (generation 1), Programmed (generation 1)
    helpers.go:283: 2026-07-28T05:08:46.238633437Z: Programmed condition set to Status False with Reason Pending, expected Status True
    helpers.go:283: 2026-07-28T05:08:46.238673111Z: Programmed was not in conditions list [[{Accepted True 2 2026-07-28 05:08:46 +0000 UTC Accepted Gateway is accepted by nantian-gw} {Programmed False 2 2026-07-28 05:08:46 +0000 UTC Pending Waiting for derived Gateway frontend EndpointSlices to converge}]]
    helpers.go:284: 2026-07-28T05:08:46.238698688Z: gateway-conformance-infra/gateway-add-listener Gateway not Programmed yet
    helpers.go:304: 2026-07-28T05:08:46.344378252Z: Gateways and Pods in gateway-conformance-infra namespaces ready
    helpers.go:917: 2026-07-28T05:08:46.349146947Z: Conditions matched expectations
    helpers.go:917: 2026-07-28T05:08:46.349184757Z: Conditions matched expectations
    helpers.go:917: 2026-07-28T05:08:46.34919711Z: Gateway status listeners matched expectations
=== RUN   TestGatewayAPIConformance/GatewayModifyListeners/should_be_able_to_remove_listeners,_which_would_then_stop_routing_the_relevant_traffic
    helpers.go:304: 2026-07-28T05:08:46.443460674Z: Gateways and Pods in gateway-conformance-infra namespaces ready
    helpers.go:272: 2026-07-28T05:08:46.459395282Z: Gateway gateway-conformance-infra/gateway-remove-listener expected observedGeneration to be updated to 2 for all conditions, only 0/2 were updated. stale conditions are: Accepted (generation 1), Programmed (generation 1)
    helpers.go:304: 2026-07-28T05:08:46.562039494Z: Gateways and Pods in gateway-conformance-infra namespaces ready
    helpers.go:917: 2026-07-28T05:08:46.564453105Z: Conditions matched expectations
    helpers.go:917: 2026-07-28T05:08:46.56448834Z: Gateway status listeners matched expectations
=== NAME  TestGatewayAPIConformance/GatewayModifyListeners
    apply.go:283: 2026-07-28T05:08:46.569612618Z: Deleting http-route-2 HTTPRoute
    apply.go:301: 2026-07-28T05:08:46.573569693Z: Deleting gateway-remove-listener Gateway
    apply.go:301: 2026-07-28T05:08:46.57784363Z: Deleting http-route-1 HTTPRoute
    apply.go:301: 2026-07-28T05:08:46.581518194Z: Deleting gateway-add-listener Gateway
    apply.go:283: 2026-07-28T05:08:46.589174896Z: Deleting gateway-remove-listener Gateway
    apply.go:283: 2026-07-28T05:08:46.594700303Z: Deleting http-route-1 HTTPRoute
    apply.go:283: 2026-07-28T05:08:46.601055434Z: Deleting gateway-add-listener Gateway
=== NAME  TestGatewayAPIConformance
    suite.go:504: 2026-07-28T05:08:46.604179324Z: Sleeping 10s for test isolation
=== RUN   TestGatewayAPIConformance/GatewayObservedGenerationBump
    conformance.go:70: 2026-07-28T05:08:56.611948719Z: Applying tests/gateway-observed-generation-bump.yaml
    apply.go:275: 2026-07-28T05:08:56.617695292Z: Creating gateway-observed-generation-bump Gateway
    conformance.go:75: 2026-07-28T05:08:56.621543973Z: Running GatewayObservedGenerationBump, relying on the following features: Gateway-standard
=== RUN   TestGatewayAPIConformance/GatewayObservedGenerationBump/observedGeneration_should_increment
    helpers.go:272: 2026-07-28T05:08:56.625975416Z: Gateway gateway-conformance-infra/gateway-observed-generation-bump expected observedGeneration to be updated to 1 for all conditions, only 0/2 were updated. stale conditions are: Accepted (generation 0), Programmed (generation 0)
    helpers.go:304: 2026-07-28T05:08:56.730364371Z: Gateways and Pods in gateway-conformance-infra namespaces ready
    helpers.go:272: 2026-07-28T05:08:56.747686087Z: Gateway gateway-conformance-infra/gateway-observed-generation-bump expected observedGeneration to be updated to 2 for all conditions, only 0/2 were updated. stale conditions are: Accepted (generation 1), Programmed (generation 1)
    helpers.go:272: 2026-07-28T05:08:56.849554541Z: Gateway gateway-conformance-infra/gateway-observed-generation-bump expected observedGeneration to be updated to 2 for all conditions, only 0/2 were updated. stale conditions are: Accepted (generation 1), Programmed (generation 1)
    helpers.go:304: 2026-07-28T05:08:56.954829452Z: Gateways and Pods in gateway-conformance-infra namespaces ready
=== NAME  TestGatewayAPIConformance/GatewayObservedGenerationBump
    apply.go:283: 2026-07-28T05:08:56.961250892Z: Deleting gateway-observed-generation-bump Gateway
=== NAME  TestGatewayAPIConformance
    suite.go:504: 2026-07-28T05:08:56.968378829Z: Sleeping 10s for test isolation
=== RUN   TestGatewayAPIConformance/GatewayOptionalAddressValue
    conformance.go:70: 2026-07-28T05:09:06.969452459Z: Applying tests/gateway-optional-address-value.yaml
    apply.go:275: 2026-07-28T05:09:06.974758805Z: Creating gateway-without-address-value Gateway
    conformance.go:75: 2026-07-28T05:09:06.977919646Z: Running GatewayOptionalAddressValue, relying on the following features: Gateway-standard, GatewayAddressEmpty-standard
    helpers.go:272: 2026-07-28T05:09:06.981239934Z: Gateway gateway-conformance-infra/gateway-without-address-value expected observedGeneration to be updated to 1 for all conditions, only 0/2 were updated. stale conditions are: Accepted (generation 0), Programmed (generation 0)
    helpers.go:283: 2026-07-28T05:09:07.08267315Z: Programmed condition set to Status False with Reason Pending, expected Status True
    helpers.go:283: 2026-07-28T05:09:07.082739133Z: Programmed was not in conditions list [[{Accepted True 1 2026-07-28 05:09:07 +0000 UTC Accepted Gateway is accepted by nantian-gw} {Programmed False 1 2026-07-28 05:09:07 +0000 UTC Pending Waiting for derived Gateway Service to be created}]]
    helpers.go:284: 2026-07-28T05:09:07.082768357Z: gateway-conformance-infra/gateway-without-address-value Gateway not Programmed yet
    helpers.go:304: 2026-07-28T05:09:07.187960998Z: Gateways and Pods in gateway-conformance-infra namespaces ready
    gateway-optional-address-value.go:59: waiting for Gateway gateway-without-address-value to be ready for testing
    gateway-optional-address-value.go:62: retrieving Gateway gateway-conformance-infra/gateway-without-address-value
    gateway-optional-address-value.go:66: verifying that the Gateway gateway-conformance-infra/gateway-without-address-value is accepted
    apply.go:283: 2026-07-28T05:09:07.20100038Z: Deleting gateway-without-address-value Gateway
=== NAME  TestGatewayAPIConformance
    suite.go:504: 2026-07-28T05:09:07.211889279Z: Sleeping 10s for test isolation
=== RUN   TestGatewayAPIConformance/GatewaySecretInvalidReferenceGrant
    conformance.go:70: 2026-07-28T05:09:17.221151911Z: Applying tests/gateway-secret-invalid-reference-grant.yaml
    apply.go:275: 2026-07-28T05:09:17.227201787Z: Creating gateway-secret-invalid-reference-grant Gateway
    apply.go:275: 2026-07-28T05:09:17.232252713Z: Creating reference-grant-wrong-namespace ReferenceGrant
    apply.go:275: 2026-07-28T05:09:17.241243787Z: Creating reference-grant-wrong-from-group ReferenceGrant
    apply.go:275: 2026-07-28T05:09:17.340962857Z: Creating reference-grant-wrong-from-kind ReferenceGrant
    apply.go:275: 2026-07-28T05:09:17.346529929Z: Creating reference-grant-wrong-from-namespace ReferenceGrant
    apply.go:275: 2026-07-28T05:09:17.352258165Z: Creating reference-grant-wrong-to-group ReferenceGrant
    apply.go:275: 2026-07-28T05:09:17.359570614Z: Creating reference-grant-wrong-to-kind ReferenceGrant
    apply.go:294: 2026-07-28T05:09:17.369588443Z: Updating gateway-secret-invalid-reference-grant Gateway
    apply.go:294: 2026-07-28T05:09:17.378892842Z: Updating reference-grant-wrong-namespace ReferenceGrant
    apply.go:294: 2026-07-28T05:09:17.382482724Z: Updating reference-grant-wrong-from-group ReferenceGrant
    apply.go:294: 2026-07-28T05:09:17.386135018Z: Updating reference-grant-wrong-from-kind ReferenceGrant
    apply.go:294: 2026-07-28T05:09:17.389518011Z: Updating reference-grant-wrong-from-namespace ReferenceGrant
    apply.go:294: 2026-07-28T05:09:17.393225051Z: Updating reference-grant-wrong-to-group ReferenceGrant
    apply.go:294: 2026-07-28T05:09:17.396555271Z: Updating reference-grant-wrong-to-kind ReferenceGrant
    apply.go:275: 2026-07-28T05:09:17.399811625Z: Creating reference-grant-wrong-to-name ReferenceGrant
    conformance.go:75: 2026-07-28T05:09:17.402600123Z: Running GatewaySecretInvalidReferenceGrant, relying on the following features: Gateway-standard, ReferenceGrant-standard
=== RUN   TestGatewayAPIConformance/GatewaySecretInvalidReferenceGrant/Gateway_listener_should_have_a_false_ResolvedRefs_condition_with_reason_RefNotPermitted
    helpers.go:917: 2026-07-28T05:09:17.404908224Z: Conditions matched expectations
    helpers.go:917: 2026-07-28T05:09:17.404933841Z: Gateway status listeners matched expectations
=== NAME  TestGatewayAPIConformance/GatewaySecretInvalidReferenceGrant
    apply.go:283: 2026-07-28T05:09:17.404970429Z: Deleting reference-grant-wrong-to-name ReferenceGrant
    apply.go:301: 2026-07-28T05:09:17.408635221Z: Deleting reference-grant-wrong-to-kind ReferenceGrant
    apply.go:301: 2026-07-28T05:09:17.411858864Z: Deleting reference-grant-wrong-to-group ReferenceGrant
    apply.go:301: 2026-07-28T05:09:17.414655033Z: Deleting reference-grant-wrong-from-namespace ReferenceGrant
    apply.go:301: 2026-07-28T05:09:17.417679371Z: Deleting reference-grant-wrong-from-kind ReferenceGrant
    apply.go:301: 2026-07-28T05:09:17.420201434Z: Deleting reference-grant-wrong-from-group ReferenceGrant
    apply.go:301: 2026-07-28T05:09:17.422954516Z: Deleting reference-grant-wrong-namespace ReferenceGrant
    apply.go:301: 2026-07-28T05:09:17.427040374Z: Deleting gateway-secret-invalid-reference-grant Gateway
    apply.go:283: 2026-07-28T05:09:17.430696164Z: Deleting reference-grant-wrong-to-kind ReferenceGrant
    apply.go:283: 2026-07-28T05:09:17.432632062Z: Deleting reference-grant-wrong-to-group ReferenceGrant
    apply.go:283: 2026-07-28T05:09:17.433970731Z: Deleting reference-grant-wrong-from-namespace ReferenceGrant
    apply.go:283: 2026-07-28T05:09:17.435580035Z: Deleting reference-grant-wrong-from-kind ReferenceGrant
    apply.go:283: 2026-07-28T05:09:17.437234719Z: Deleting reference-grant-wrong-from-group ReferenceGrant
    apply.go:283: 2026-07-28T05:09:17.438903782Z: Deleting reference-grant-wrong-namespace ReferenceGrant
    apply.go:283: 2026-07-28T05:09:17.440612573Z: Deleting gateway-secret-invalid-reference-grant Gateway
=== NAME  TestGatewayAPIConformance
    suite.go:504: 2026-07-28T05:09:17.443446467Z: Sleeping 10s for test isolation
=== RUN   TestGatewayAPIConformance/GatewaySecretMissingReferenceGrant
    conformance.go:70: 2026-07-28T05:09:27.444947911Z: Applying tests/gateway-secret-missing-reference-grant.yaml
    apply.go:275: 2026-07-28T05:09:27.451115738Z: Creating gateway-secret-missing-reference-grant Gateway
    conformance.go:75: 2026-07-28T05:09:27.454622426Z: Running GatewaySecretMissingReferenceGrant, relying on the following features: Gateway-standard, ReferenceGrant-standard
=== RUN   TestGatewayAPIConformance/GatewaySecretMissingReferenceGrant/Gateway_listener_should_have_a_false_ResolvedRefs_condition_with_reason_RefNotPermitted
    helpers.go:912: 2026-07-28T05:09:27.457943911Z: Gateway gateway-conformance-infra/gateway-secret-missing-reference-grant expected observedGeneration to be updated to 1 for all conditions, only 0/2 were updated. stale conditions are: Accepted (generation 0), Programmed (generation 0)
    helpers.go:917: 2026-07-28T05:09:27.557704259Z: Conditions matched expectations
    helpers.go:917: 2026-07-28T05:09:27.557761626Z: Gateway status listeners matched expectations
=== NAME  TestGatewayAPIConformance/GatewaySecretMissingReferenceGrant
    apply.go:283: 2026-07-28T05:09:27.557877982Z: Deleting gateway-secret-missing-reference-grant Gateway
=== NAME  TestGatewayAPIConformance
    suite.go:504: 2026-07-28T05:09:27.562930002Z: Sleeping 10s for test isolation
=== RUN   TestGatewayAPIConformance/GatewaySecretReferenceGrantAllInNamespace
    conformance.go:70: 2026-07-28T05:09:37.570096645Z: Applying tests/gateway-secret-reference-grant-all-in-namespace.yaml
    apply.go:275: 2026-07-28T05:09:37.575708397Z: Creating gateway-secret-reference-grant-all-in-namespace Gateway
    apply.go:294: 2026-07-28T05:09:37.580531874Z: Updating gateway-secret-reference-grant-all-in-namespace Gateway
    apply.go:275: 2026-07-28T05:09:37.587245353Z: Creating reference-grant-all-in-namespace ReferenceGrant
    conformance.go:75: 2026-07-28T05:09:37.590192073Z: Running GatewaySecretReferenceGrantAllInNamespace, relying on the following features: Gateway-standard, ReferenceGrant-standard
=== RUN   TestGatewayAPIConformance/GatewaySecretReferenceGrantAllInNamespace/Gateway_listener_should_have_a_true_ResolvedRefs_condition_and_a_true_Programmed_condition
    helpers.go:912: 2026-07-28T05:09:37.592070289Z: Gateway gateway-conformance-infra/gateway-secret-reference-grant-all-in-namespace expected observedGeneration to be updated to 1 for all conditions, only 0/2 were updated. stale conditions are: Accepted (generation 0), Programmed (generation 0)
    helpers.go:912: 2026-07-28T05:09:37.693753875Z: Gateway gateway-conformance-infra/gateway-secret-reference-grant-all-in-namespace expected observedGeneration to be updated to 1 for all conditions, only 0/2 were updated. stale conditions are: Accepted (generation 0), Programmed (generation 0)
    helpers.go:912: 2026-07-28T05:09:37.794851166Z: Gateway gateway-conformance-infra/gateway-secret-reference-grant-all-in-namespace expected observedGeneration to be updated to 1 for all conditions, only 0/2 were updated. stale conditions are: Accepted (generation 0), Programmed (generation 0)
    helpers.go:912: 2026-07-28T05:09:37.893293806Z: Gateway gateway-conformance-infra/gateway-secret-reference-grant-all-in-namespace expected observedGeneration to be updated to 1 for all conditions, only 0/2 were updated. stale conditions are: Accepted (generation 0), Programmed (generation 0)
    helpers.go:912: 2026-07-28T05:09:37.993419234Z: Gateway gateway-conformance-infra/gateway-secret-reference-grant-all-in-namespace expected observedGeneration to be updated to 1 for all conditions, only 0/2 were updated. stale conditions are: Accepted (generation 0), Programmed (generation 0)
    helpers.go:912: 2026-07-28T05:09:38.092925678Z: Gateway gateway-conformance-infra/gateway-secret-reference-grant-all-in-namespace expected observedGeneration to be updated to 1 for all conditions, only 0/2 were updated. stale conditions are: Accepted (generation 0), Programmed (generation 0)
    helpers.go:912: 2026-07-28T05:09:38.193380161Z: Gateway gateway-conformance-infra/gateway-secret-reference-grant-all-in-namespace expected observedGeneration to be updated to 1 for all conditions, only 0/2 were updated. stale conditions are: Accepted (generation 0), Programmed (generation 0)
    helpers.go:912: 2026-07-28T05:09:38.292843335Z: Gateway gateway-conformance-infra/gateway-secret-reference-grant-all-in-namespace expected observedGeneration to be updated to 1 for all conditions, only 0/2 were updated. stale conditions are: Accepted (generation 0), Programmed (generation 0)
    helpers.go:912: 2026-07-28T05:09:38.39363805Z: Gateway gateway-conformance-infra/gateway-secret-reference-grant-all-in-namespace expected observedGeneration to be updated to 1 for all conditions, only 0/2 were updated. stale conditions are: Accepted (generation 0), Programmed (generation 0)
    helpers.go:912: 2026-07-28T05:09:38.492692237Z: Gateway gateway-conformance-infra/gateway-secret-reference-grant-all-in-namespace expected observedGeneration to be updated to 1 for all conditions, only 0/2 were updated. stale conditions are: Accepted (generation 0), Programmed (generation 0)
    helpers.go:912: 2026-07-28T05:09:38.593555344Z: Gateway gateway-conformance-infra/gateway-secret-reference-grant-all-in-namespace expected observedGeneration to be updated to 1 for all conditions, only 0/2 were updated. stale conditions are: Accepted (generation 0), Programmed (generation 0)
    helpers.go:912: 2026-07-28T05:09:38.692847237Z: Gateway gateway-conformance-infra/gateway-secret-reference-grant-all-in-namespace expected observedGeneration to be updated to 1 for all conditions, only 0/2 were updated. stale conditions are: Accepted (generation 0), Programmed (generation 0)
    helpers.go:912: 2026-07-28T05:09:38.793022601Z: Gateway gateway-conformance-infra/gateway-secret-reference-grant-all-in-namespace expected observedGeneration to be updated to 1 for all conditions, only 0/2 were updated. stale conditions are: Accepted (generation 0), Programmed (generation 0)
    helpers.go:912: 2026-07-28T05:09:38.893178382Z: Gateway gateway-conformance-infra/gateway-secret-reference-grant-all-in-namespace expected observedGeneration to be updated to 1 for all conditions, only 0/2 were updated. stale conditions are: Accepted (generation 0), Programmed (generation 0)
    helpers.go:912: 2026-07-28T05:09:38.992305477Z: Gateway gateway-conformance-infra/gateway-secret-reference-grant-all-in-namespace expected observedGeneration to be updated to 1 for all conditions, only 0/2 were updated. stale conditions are: Accepted (generation 0), Programmed (generation 0)
    helpers.go:912: 2026-07-28T05:09:39.092995951Z: Gateway gateway-conformance-infra/gateway-secret-reference-grant-all-in-namespace expected observedGeneration to be updated to 1 for all conditions, only 0/2 were updated. stale conditions are: Accepted (generation 0), Programmed (generation 0)
    helpers.go:912: 2026-07-28T05:09:39.19312177Z: Gateway gateway-conformance-infra/gateway-secret-reference-grant-all-in-namespace expected observedGeneration to be updated to 1 for all conditions, only 0/2 were updated. stale conditions are: Accepted (generation 0), Programmed (generation 0)
    helpers.go:912: 2026-07-28T05:09:39.292549703Z: Gateway gateway-conformance-infra/gateway-secret-reference-grant-all-in-namespace expected observedGeneration to be updated to 1 for all conditions, only 0/2 were updated. stale conditions are: Accepted (generation 0), Programmed (generation 0)
    helpers.go:912: 2026-07-28T05:09:39.393176779Z: Gateway gateway-conformance-infra/gateway-secret-reference-grant-all-in-namespace expected observedGeneration to be updated to 1 for all conditions, only 0/2 were updated. stale conditions are: Accepted (generation 0), Programmed (generation 0)
    helpers.go:912: 2026-07-28T05:09:39.492899549Z: Gateway gateway-conformance-infra/gateway-secret-reference-grant-all-in-namespace expected observedGeneration to be updated to 1 for all conditions, only 0/2 were updated. stale conditions are: Accepted (generation 0), Programmed (generation 0)
    helpers.go:912: 2026-07-28T05:09:39.593246258Z: Gateway gateway-conformance-infra/gateway-secret-reference-grant-all-in-namespace expected observedGeneration to be updated to 1 for all conditions, only 0/2 were updated. stale conditions are: Accepted (generation 0), Programmed (generation 0)
    helpers.go:912: 2026-07-28T05:09:39.692733801Z: Gateway gateway-conformance-infra/gateway-secret-reference-grant-all-in-namespace expected observedGeneration to be updated to 1 for all conditions, only 0/2 were updated. stale conditions are: Accepted (generation 0), Programmed (generation 0)
    helpers.go:912: 2026-07-28T05:09:39.793108144Z: Gateway gateway-conformance-infra/gateway-secret-reference-grant-all-in-namespace expected observedGeneration to be updated to 1 for all conditions, only 0/2 were updated. stale conditions are: Accepted (generation 0), Programmed (generation 0)
    helpers.go:912: 2026-07-28T05:09:39.892317354Z: Gateway gateway-conformance-infra/gateway-secret-reference-grant-all-in-namespace expected observedGeneration to be updated to 1 for all conditions, only 0/2 were updated. stale conditions are: Accepted (generation 0), Programmed (generation 0)
    helpers.go:912: 2026-07-28T05:09:39.992543687Z: Gateway gateway-conformance-infra/gateway-secret-reference-grant-all-in-namespace expected observedGeneration to be updated to 1 for all conditions, only 0/2 were updated. stale conditions are: Accepted (generation 0), Programmed (generation 0)
    helpers.go:912: 2026-07-28T05:09:40.093234334Z: Gateway gateway-conformance-infra/gateway-secret-reference-grant-all-in-namespace expected observedGeneration to be updated to 1 for all conditions, only 0/2 were updated. stale conditions are: Accepted (generation 0), Programmed (generation 0)
    helpers.go:912: 2026-07-28T05:09:40.192188412Z: Gateway gateway-conformance-infra/gateway-secret-reference-grant-all-in-namespace expected observedGeneration to be updated to 1 for all conditions, only 0/2 were updated. stale conditions are: Accepted (generation 0), Programmed (generation 0)
    helpers.go:912: 2026-07-28T05:09:40.292394241Z: Gateway gateway-conformance-infra/gateway-secret-reference-grant-all-in-namespace expected observedGeneration to be updated to 1 for all conditions, only 0/2 were updated. stale conditions are: Accepted (generation 0), Programmed (generation 0)
    helpers.go:912: 2026-07-28T05:09:40.392890355Z: Gateway gateway-conformance-infra/gateway-secret-reference-grant-all-in-namespace expected observedGeneration to be updated to 1 for all conditions, only 0/2 were updated. stale conditions are: Accepted (generation 0), Programmed (generation 0)
    helpers.go:912: 2026-07-28T05:09:40.49333481Z: Gateway gateway-conformance-infra/gateway-secret-reference-grant-all-in-namespace expected observedGeneration to be updated to 1 for all conditions, only 0/2 were updated. stale conditions are: Accepted (generation 0), Programmed (generation 0)
    helpers.go:912: 2026-07-28T05:09:40.592345987Z: Gateway gateway-conformance-infra/gateway-secret-reference-grant-all-in-namespace expected observedGeneration to be updated to 1 for all conditions, only 0/2 were updated. stale conditions are: Accepted (generation 0), Programmed (generation 0)
    helpers.go:912: 2026-07-28T05:09:40.69267385Z: Gateway gateway-conformance-infra/gateway-secret-reference-grant-all-in-namespace expected observedGeneration to be updated to 1 for all conditions, only 0/2 were updated. stale conditions are: Accepted (generation 0), Programmed (generation 0)
    helpers.go:912: 2026-07-28T05:09:40.792915342Z: Gateway gateway-conformance-infra/gateway-secret-reference-grant-all-in-namespace expected observedGeneration to be updated to 1 for all conditions, only 0/2 were updated. stale conditions are: Accepted (generation 0), Programmed (generation 0)
    helpers.go:912: 2026-07-28T05:09:40.8933985Z: Gateway gateway-conformance-infra/gateway-secret-reference-grant-all-in-namespace expected observedGeneration to be updated to 1 for all conditions, only 0/2 were updated. stale conditions are: Accepted (generation 0), Programmed (generation 0)
    helpers.go:912: 2026-07-28T05:09:40.992703133Z: Gateway gateway-conformance-infra/gateway-secret-reference-grant-all-in-namespace expected observedGeneration to be updated to 1 for all conditions, only 0/2 were updated. stale conditions are: Accepted (generation 0), Programmed (generation 0)
    helpers.go:912: 2026-07-28T05:09:41.093263673Z: Gateway gateway-conformance-infra/gateway-secret-reference-grant-all-in-namespace expected observedGeneration to be updated to 1 for all conditions, only 0/2 were updated. stale conditions are: Accepted (generation 0), Programmed (generation 0)
    helpers.go:912: 2026-07-28T05:09:41.192444428Z: Gateway gateway-conformance-infra/gateway-secret-reference-grant-all-in-namespace expected observedGeneration to be updated to 1 for all conditions, only 0/2 were updated. stale conditions are: Accepted (generation 0), Programmed (generation 0)
    helpers.go:912: 2026-07-28T05:09:41.292888582Z: Gateway gateway-conformance-infra/gateway-secret-reference-grant-all-in-namespace expected observedGeneration to be updated to 1 for all conditions, only 0/2 were updated. stale conditions are: Accepted (generation 0), Programmed (generation 0)
    helpers.go:912: 2026-07-28T05:09:41.393079824Z: Gateway gateway-conformance-infra/gateway-secret-reference-grant-all-in-namespace expected observedGeneration to be updated to 1 for all conditions, only 0/2 were updated. stale conditions are: Accepted (generation 0), Programmed (generation 0)
    helpers.go:912: 2026-07-28T05:09:41.493293806Z: Gateway gateway-conformance-infra/gateway-secret-reference-grant-all-in-namespace expected observedGeneration to be updated to 1 for all conditions, only 0/2 were updated. stale conditions are: Accepted (generation 0), Programmed (generation 0)
    helpers.go:912: 2026-07-28T05:09:41.592556601Z: Gateway gateway-conformance-infra/gateway-secret-reference-grant-all-in-namespace expected observedGeneration to be updated to 1 for all conditions, only 0/2 were updated. stale conditions are: Accepted (generation 0), Programmed (generation 0)
    helpers.go:912: 2026-07-28T05:09:41.693070399Z: Gateway gateway-conformance-infra/gateway-secret-reference-grant-all-in-namespace expected observedGeneration to be updated to 1 for all conditions, only 0/2 were updated. stale conditions are: Accepted (generation 0), Programmed (generation 0)
    helpers.go:912: 2026-07-28T05:09:41.793841227Z: Gateway gateway-conformance-infra/gateway-secret-reference-grant-all-in-namespace expected observedGeneration to be updated to 1 for all conditions, only 0/2 were updated. stale conditions are: Accepted (generation 0), Programmed (generation 0)
    helpers.go:912: 2026-07-28T05:09:41.893410116Z: Gateway gateway-conformance-infra/gateway-secret-reference-grant-all-in-namespace expected observedGeneration to be updated to 1 for all conditions, only 0/2 were updated. stale conditions are: Accepted (generation 0), Programmed (generation 0)
    helpers.go:912: 2026-07-28T05:09:41.993160361Z: Gateway gateway-conformance-infra/gateway-secret-reference-grant-all-in-namespace expected observedGeneration to be updated to 1 for all conditions, only 0/2 were updated. stale conditions are: Accepted (generation 0), Programmed (generation 0)
    helpers.go:912: 2026-07-28T05:09:42.09252379Z: Gateway gateway-conformance-infra/gateway-secret-reference-grant-all-in-namespace expected observedGeneration to be updated to 1 for all conditions, only 0/2 were updated. stale conditions are: Accepted (generation 0), Programmed (generation 0)
    helpers.go:912: 2026-07-28T05:09:42.192746164Z: Gateway gateway-conformance-infra/gateway-secret-reference-grant-all-in-namespace expected observedGeneration to be updated to 1 for all conditions, only 0/2 were updated. stale conditions are: Accepted (generation 0), Programmed (generation 0)
    helpers.go:912: 2026-07-28T05:09:42.293021315Z: Gateway gateway-conformance-infra/gateway-secret-reference-grant-all-in-namespace expected observedGeneration to be updated to 1 for all conditions, only 0/2 were updated. stale conditions are: Accepted (generation 0), Programmed (generation 0)
    helpers.go:912: 2026-07-28T05:09:42.393534297Z: Gateway gateway-conformance-infra/gateway-secret-reference-grant-all-in-namespace expected observedGeneration to be updated to 1 for all conditions, only 0/2 were updated. stale conditions are: Accepted (generation 0), Programmed (generation 0)
    helpers.go:912: 2026-07-28T05:09:42.493008672Z: Gateway gateway-conformance-infra/gateway-secret-reference-grant-all-in-namespace expected observedGeneration to be updated to 1 for all conditions, only 0/2 were updated. stale conditions are: Accepted (generation 0), Programmed (generation 0)
    helpers.go:912: 2026-07-28T05:09:42.593321091Z: Gateway gateway-conformance-infra/gateway-secret-reference-grant-all-in-namespace expected observedGeneration to be updated to 1 for all conditions, only 0/2 were updated. stale conditions are: Accepted (generation 0), Programmed (generation 0)
    helpers.go:912: 2026-07-28T05:09:42.692971376Z: Gateway gateway-conformance-infra/gateway-secret-reference-grant-all-in-namespace expected observedGeneration to be updated to 1 for all conditions, only 0/2 were updated. stale conditions are: Accepted (generation 0), Programmed (generation 0)
    helpers.go:912: 2026-07-28T05:09:42.793552253Z: Gateway gateway-conformance-infra/gateway-secret-reference-grant-all-in-namespace expected observedGeneration to be updated to 1 for all conditions, only 0/2 were updated. stale conditions are: Accepted (generation 0), Programmed (generation 0)
    helpers.go:912: 2026-07-28T05:09:42.893004607Z: Gateway gateway-conformance-infra/gateway-secret-reference-grant-all-in-namespace expected observedGeneration to be updated to 1 for all conditions, only 0/2 were updated. stale conditions are: Accepted (generation 0), Programmed (generation 0)
    helpers.go:912: 2026-07-28T05:09:42.993465129Z: Gateway gateway-conformance-infra/gateway-secret-reference-grant-all-in-namespace expected observedGeneration to be updated to 1 for all conditions, only 0/2 were updated. stale conditions are: Accepted (generation 0), Programmed (generation 0)
    helpers.go:912: 2026-07-28T05:09:43.093150645Z: Gateway gateway-conformance-infra/gateway-secret-reference-grant-all-in-namespace expected observedGeneration to be updated to 1 for all conditions, only 0/2 were updated. stale conditions are: Accepted (generation 0), Programmed (generation 0)
    helpers.go:912: 2026-07-28T05:09:43.192321937Z: Gateway gateway-conformance-infra/gateway-secret-reference-grant-all-in-namespace expected observedGeneration to be updated to 1 for all conditions, only 0/2 were updated. stale conditions are: Accepted (generation 0), Programmed (generation 0)
    helpers.go:912: 2026-07-28T05:09:43.292891864Z: Gateway gateway-conformance-infra/gateway-secret-reference-grant-all-in-namespace expected observedGeneration to be updated to 1 for all conditions, only 0/2 were updated. stale conditions are: Accepted (generation 0), Programmed (generation 0)
    helpers.go:912: 2026-07-28T05:09:43.393199175Z: Gateway gateway-conformance-infra/gateway-secret-reference-grant-all-in-namespace expected observedGeneration to be updated to 1 for all conditions, only 0/2 were updated. stale conditions are: Accepted (generation 0), Programmed (generation 0)
    helpers.go:912: 2026-07-28T05:09:43.492406511Z: Gateway gateway-conformance-infra/gateway-secret-reference-grant-all-in-namespace expected observedGeneration to be updated to 1 for all conditions, only 0/2 were updated. stale conditions are: Accepted (generation 0), Programmed (generation 0)
    helpers.go:912: 2026-07-28T05:09:43.59311552Z: Gateway gateway-conformance-infra/gateway-secret-reference-grant-all-in-namespace expected observedGeneration to be updated to 1 for all conditions, only 0/2 were updated. stale conditions are: Accepted (generation 0), Programmed (generation 0)
    helpers.go:912: 2026-07-28T05:09:43.69260366Z: Gateway gateway-conformance-infra/gateway-secret-reference-grant-all-in-namespace expected observedGeneration to be updated to 1 for all conditions, only 0/2 were updated. stale conditions are: Accepted (generation 0), Programmed (generation 0)
    helpers.go:912: 2026-07-28T05:09:43.792920357Z: Gateway gateway-conformance-infra/gateway-secret-reference-grant-all-in-namespace expected observedGeneration to be updated to 1 for all conditions, only 0/2 were updated. stale conditions are: Accepted (generation 0), Programmed (generation 0)
    helpers.go:912: 2026-07-28T05:09:43.893152824Z: Gateway gateway-conformance-infra/gateway-secret-reference-grant-all-in-namespace expected observedGeneration to be updated to 1 for all conditions, only 0/2 were updated. stale conditions are: Accepted (generation 0), Programmed (generation 0)
    helpers.go:912: 2026-07-28T05:09:43.992388714Z: Gateway gateway-conformance-infra/gateway-secret-reference-grant-all-in-namespace expected observedGeneration to be updated to 1 for all conditions, only 0/2 were updated. stale conditions are: Accepted (generation 0), Programmed (generation 0)
    helpers.go:912: 2026-07-28T05:09:44.0929942Z: Gateway gateway-conformance-infra/gateway-secret-reference-grant-all-in-namespace expected observedGeneration to be updated to 1 for all conditions, only 0/2 were updated. stale conditions are: Accepted (generation 0), Programmed (generation 0)
    helpers.go:912: 2026-07-28T05:09:44.193057901Z: Gateway gateway-conformance-infra/gateway-secret-reference-grant-all-in-namespace expected observedGeneration to be updated to 1 for all conditions, only 0/2 were updated. stale conditions are: Accepted (generation 0), Programmed (generation 0)
    helpers.go:912: 2026-07-28T05:09:44.293395238Z: Gateway gateway-conformance-infra/gateway-secret-reference-grant-all-in-namespace expected observedGeneration to be updated to 1 for all conditions, only 0/2 were updated. stale conditions are: Accepted (generation 0), Programmed (generation 0)
    helpers.go:912: 2026-07-28T05:09:44.392835169Z: Gateway gateway-conformance-infra/gateway-secret-reference-grant-all-in-namespace expected observedGeneration to be updated to 1 for all conditions, only 0/2 were updated. stale conditions are: Accepted (generation 0), Programmed (generation 0)
    helpers.go:912: 2026-07-28T05:09:44.49346975Z: Gateway gateway-conformance-infra/gateway-secret-reference-grant-all-in-namespace expected observedGeneration to be updated to 1 for all conditions, only 0/2 were updated. stale conditions are: Accepted (generation 0), Programmed (generation 0)
    helpers.go:912: 2026-07-28T05:09:44.592844981Z: Gateway gateway-conformance-infra/gateway-secret-reference-grant-all-in-namespace expected observedGeneration to be updated to 1 for all conditions, only 0/2 were updated. stale conditions are: Accepted (generation 0), Programmed (generation 0)
    helpers.go:912: 2026-07-28T05:09:44.693327599Z: Gateway gateway-conformance-infra/gateway-secret-reference-grant-all-in-namespace expected observedGeneration to be updated to 1 for all conditions, only 0/2 were updated. stale conditions are: Accepted (generation 0), Programmed (generation 0)
    helpers.go:912: 2026-07-28T05:09:44.792991913Z: Gateway gateway-conformance-infra/gateway-secret-reference-grant-all-in-namespace expected observedGeneration to be updated to 1 for all conditions, only 0/2 were updated. stale conditions are: Accepted (generation 0), Programmed (generation 0)
    helpers.go:912: 2026-07-28T05:09:44.893821475Z: Gateway gateway-conformance-infra/gateway-secret-reference-grant-all-in-namespace expected observedGeneration to be updated to 1 for all conditions, only 0/2 were updated. stale conditions are: Accepted (generation 0), Programmed (generation 0)
    helpers.go:912: 2026-07-28T05:09:44.99333141Z: Gateway gateway-conformance-infra/gateway-secret-reference-grant-all-in-namespace expected observedGeneration to be updated to 1 for all conditions, only 0/2 were updated. stale conditions are: Accepted (generation 0), Programmed (generation 0)
    helpers.go:912: 2026-07-28T05:09:45.092847681Z: Gateway gateway-conformance-infra/gateway-secret-reference-grant-all-in-namespace expected observedGeneration to be updated to 1 for all conditions, only 0/2 were updated. stale conditions are: Accepted (generation 0), Programmed (generation 0)
    helpers.go:912: 2026-07-28T05:09:45.193141183Z: Gateway gateway-conformance-infra/gateway-secret-reference-grant-all-in-namespace expected observedGeneration to be updated to 1 for all conditions, only 0/2 were updated. stale conditions are: Accepted (generation 0), Programmed (generation 0)
    helpers.go:912: 2026-07-28T05:09:45.292273716Z: Gateway gateway-conformance-infra/gateway-secret-reference-grant-all-in-namespace expected observedGeneration to be updated to 1 for all conditions, only 0/2 were updated. stale conditions are: Accepted (generation 0), Programmed (generation 0)
    helpers.go:912: 2026-07-28T05:09:45.392416548Z: Gateway gateway-conformance-infra/gateway-secret-reference-grant-all-in-namespace expected observedGeneration to be updated to 1 for all conditions, only 0/2 were updated. stale conditions are: Accepted (generation 0), Programmed (generation 0)
    helpers.go:912: 2026-07-28T05:09:45.492493944Z: Gateway gateway-conformance-infra/gateway-secret-reference-grant-all-in-namespace expected observedGeneration to be updated to 1 for all conditions, only 0/2 were updated. stale conditions are: Accepted (generation 0), Programmed (generation 0)
    helpers.go:912: 2026-07-28T05:09:45.59263095Z: Gateway gateway-conformance-infra/gateway-secret-reference-grant-all-in-namespace expected observedGeneration to be updated to 1 for all conditions, only 0/2 were updated. stale conditions are: Accepted (generation 0), Programmed (generation 0)
    helpers.go:912: 2026-07-28T05:09:45.693011577Z: Gateway gateway-conformance-infra/gateway-secret-reference-grant-all-in-namespace expected observedGeneration to be updated to 1 for all conditions, only 0/2 were updated. stale conditions are: Accepted (generation 0), Programmed (generation 0)
    helpers.go:912: 2026-07-28T05:09:45.793271593Z: Gateway gateway-conformance-infra/gateway-secret-reference-grant-all-in-namespace expected observedGeneration to be updated to 1 for all conditions, only 0/2 were updated. stale conditions are: Accepted (generation 0), Programmed (generation 0)
    helpers.go:912: 2026-07-28T05:09:45.892558368Z: Gateway gateway-conformance-infra/gateway-secret-reference-grant-all-in-namespace expected observedGeneration to be updated to 1 for all conditions, only 0/2 were updated. stale conditions are: Accepted (generation 0), Programmed (generation 0)
    helpers.go:912: 2026-07-28T05:09:45.992853418Z: Gateway gateway-conformance-infra/gateway-secret-reference-grant-all-in-namespace expected observedGeneration to be updated to 1 for all conditions, only 0/2 were updated. stale conditions are: Accepted (generation 0), Programmed (generation 0)
    helpers.go:912: 2026-07-28T05:09:46.09311163Z: Gateway gateway-conformance-infra/gateway-secret-reference-grant-all-in-namespace expected observedGeneration to be updated to 1 for all conditions, only 0/2 were updated. stale conditions are: Accepted (generation 0), Programmed (generation 0)
    helpers.go:912: 2026-07-28T05:09:46.192953337Z: Gateway gateway-conformance-infra/gateway-secret-reference-grant-all-in-namespace expected observedGeneration to be updated to 1 for all conditions, only 0/2 were updated. stale conditions are: Accepted (generation 0), Programmed (generation 0)
    helpers.go:912: 2026-07-28T05:09:46.295691409Z: Gateway gateway-conformance-infra/gateway-secret-reference-grant-all-in-namespace expected observedGeneration to be updated to 1 for all conditions, only 0/2 were updated. stale conditions are: Accepted (generation 0), Programmed (generation 0)
    helpers.go:917: 2026-07-28T05:09:46.393276375Z: Conditions matched expectations
    helpers.go:917: 2026-07-28T05:09:46.393320206Z: Gateway status listeners matched expectations
=== NAME  TestGatewayAPIConformance/GatewaySecretReferenceGrantAllInNamespace
    apply.go:283: 2026-07-28T05:09:46.393380197Z: Deleting reference-grant-all-in-namespace ReferenceGrant
    apply.go:301: 2026-07-28T05:09:46.397308988Z: Deleting gateway-secret-reference-grant-all-in-namespace Gateway
    apply.go:283: 2026-07-28T05:09:46.401504482Z: Deleting gateway-secret-reference-grant-all-in-namespace Gateway
=== NAME  TestGatewayAPIConformance
    suite.go:504: 2026-07-28T05:09:46.403824077Z: Sleeping 10s for test isolation
=== RUN   TestGatewayAPIConformance/GatewaySecretReferenceGrantSpecific
    conformance.go:70: 2026-07-28T05:09:56.408766676Z: Applying tests/gateway-secret-reference-grant-specific.yaml
    apply.go:275: 2026-07-28T05:09:56.415240621Z: Creating gateway-secret-reference-grant-specific Gateway
    apply.go:294: 2026-07-28T05:09:56.421005425Z: Updating gateway-secret-reference-grant-specific Gateway
    apply.go:275: 2026-07-28T05:09:56.431291936Z: Creating reference-grant-specific ReferenceGrant
    conformance.go:75: 2026-07-28T05:09:56.436691891Z: Running GatewaySecretReferenceGrantSpecific, relying on the following features: Gateway-standard, ReferenceGrant-standard
=== RUN   TestGatewayAPIConformance/GatewaySecretReferenceGrantSpecific/Gateway_listener_should_have_a_true_ResolvedRefs_condition_and_a_true_Programmed_condition
    helpers.go:912: 2026-07-28T05:09:56.440399158Z: Gateway gateway-conformance-infra/gateway-secret-reference-grant-specific expected observedGeneration to be updated to 1 for all conditions, only 0/2 were updated. stale conditions are: Accepted (generation 0), Programmed (generation 0)
    helpers.go:917: 2026-07-28T05:09:56.540083423Z: Conditions matched expectations
    helpers.go:917: 2026-07-28T05:09:56.540179381Z: Gateway status listeners matched expectations
=== NAME  TestGatewayAPIConformance/GatewaySecretReferenceGrantSpecific
    apply.go:283: 2026-07-28T05:09:56.540256474Z: Deleting reference-grant-specific ReferenceGrant
    apply.go:301: 2026-07-28T05:09:56.543397028Z: Deleting gateway-secret-reference-grant-specific Gateway
    apply.go:283: 2026-07-28T05:09:56.549528888Z: Deleting gateway-secret-reference-grant-specific Gateway
=== NAME  TestGatewayAPIConformance
    suite.go:504: 2026-07-28T05:09:56.552322831Z: Sleeping 10s for test isolation
=== RUN   TestGatewayAPIConformance/GatewayStaticAddresses
    conformance.go:70: 2026-07-28T05:10:06.553053516Z: Applying tests/gateway-static-addresses.yaml
    apply.go:127: 2026-07-28T05:10:06.553351238Z: the test provides 1 special addresses that will be kept
    apply.go:131: 2026-07-28T05:10:06.553373159Z: address pool of 1 unusable addresses will be overlaid
    apply.go:135: 2026-07-28T05:10:06.553381915Z: address pool of 1 usable addresses will be overlaid
    apply.go:127: 2026-07-28T05:10:06.553539187Z: the test provides 1 special addresses that will be kept
    apply.go:131: 2026-07-28T05:10:06.553558813Z: address pool of 1 unusable addresses will be overlaid
    apply.go:135: 2026-07-28T05:10:06.553570054Z: address pool of 1 usable addresses will be overlaid
    apply.go:275: 2026-07-28T05:10:06.558062077Z: Creating gateway-static-addresses Gateway
    apply.go:294: 2026-07-28T05:10:06.564490517Z: Updating gateway-static-addresses Gateway
    conformance.go:75: 2026-07-28T05:10:06.577346984Z: Running GatewayStaticAddresses, relying on the following features: Gateway-standard, GatewayStaticAddresses-standard
    gateway-static-addresses.go:75: waiting for namespace gateway-conformance-infra and Gateway gateway-static-addresses to be ready for testing
    helpers.go:158: 2026-07-28T05:10:06.616949655Z: Gateway gateway-conformance-infra/gateway-static-addresses latest conditions not set yet: expected observedGeneration to be updated to 1 for all conditions, only 0/2 were updated. stale conditions are: Accepted (generation 0), Programmed (generation 0)
    gateway-static-addresses.go:78: retrieving Gateway gateway-conformance-infra/gateway-static-addresses and noting the provided addresses
    gateway-static-addresses.go:87: verifying that the Gateway gateway-conformance-infra/gateway-static-addresses is NOT accepted due to an address type that the implementation doesn't support
    gateway-static-addresses.go:94: patching Gateway gateway-conformance-infra/gateway-static-addresses to remove the invalid address fake address teehee!
    helpers.go:158: 2026-07-28T05:10:06.696653148Z: Gateway gateway-conformance-infra/gateway-static-addresses latest conditions not set yet: expected observedGeneration to be updated to 2 for all conditions, only 0/2 were updated. stale conditions are: Accepted (generation 1), Programmed (generation 1)
    helpers.go:158: 2026-07-28T05:10:06.797364745Z: Gateway gateway-conformance-infra/gateway-static-addresses latest conditions not set yet: expected observedGeneration to be updated to 2 for all conditions, only 0/2 were updated. stale conditions are: Accepted (generation 1), Programmed (generation 1)
    gateway-static-addresses.go:101: verifying that the Gateway gateway-conformance-infra/gateway-static-addresses is now accepted, but is not programmed due to an address that can't be used
    gateway-static-addresses.go:115: patching Gateway gateway-conformance-infra/gateway-static-addresses to remove the unusable address 203.0.113.13
    helpers.go:158: 2026-07-28T05:10:06.920218124Z: Gateway gateway-conformance-infra/gateway-static-addresses latest conditions not set yet: expected observedGeneration to be updated to 3 for all conditions, only 0/2 were updated. stale conditions are: Accepted (generation 2), Programmed (generation 2)
    helpers.go:158: 2026-07-28T05:10:07.018129506Z: Gateway gateway-conformance-infra/gateway-static-addresses latest conditions not set yet: expected observedGeneration to be updated to 3 for all conditions, only 0/2 were updated. stale conditions are: Accepted (generation 2), Programmed (generation 2)
    gateway-static-addresses.go:122: verifying that the Gateway gateway-conformance-infra/gateway-static-addresses is accepted and programmed with the usable static address 127.0.0.1 assigned
    helpers.go:917: 2026-07-28T05:10:07.131416464Z: Conditions matched expectations
    helpers.go:917: 2026-07-28T05:10:07.131526087Z: Gateway status listeners matched expectations
    apply.go:301: 2026-07-28T05:10:07.131606707Z: Deleting gateway-static-addresses Gateway
    apply.go:283: 2026-07-28T05:10:07.136782992Z: Deleting gateway-static-addresses Gateway
=== NAME  TestGatewayAPIConformance
    suite.go:504: 2026-07-28T05:10:07.140496298Z: Sleeping 10s for test isolation
=== RUN   TestGatewayAPIConformance/GatewayBackendClientCertificateFeature
    conformance.go:70: 2026-07-28T05:10:17.146148997Z: Applying tests/gateway-tls-backend-client-certificate.yaml
    apply.go:275: 2026-07-28T05:10:17.153996456Z: Creating gateway-tls-backend-client-certificate Gateway
    apply.go:275: 2026-07-28T05:10:17.159447722Z: Creating gateway-tls-backend-client-certificate HTTPRoute
    apply.go:275: 2026-07-28T05:10:17.1660551Z: Creating gateway-tls-backend-client-certificate-test BackendTLSPolicy
    apply.go:275: 2026-07-28T05:10:17.173690854Z: Creating tls-backend-with-client-cert-validation Service
    apply.go:294: 2026-07-28T05:10:17.186412369Z: Updating gateway-tls-backend-client-certificate Gateway
    apply.go:294: 2026-07-28T05:10:17.198635704Z: Updating gateway-tls-backend-client-certificate HTTPRoute
    apply.go:294: 2026-07-28T05:10:17.211333299Z: Updating gateway-tls-backend-client-certificate-test BackendTLSPolicy
    apply.go:294: 2026-07-28T05:10:17.220476578Z: Updating tls-backend-with-client-cert-validation Service
    apply.go:275: 2026-07-28T05:10:17.235044975Z: Creating tls-backend-with-client-cert-validation Deployment
    conformance.go:75: 2026-07-28T05:10:17.240677829Z: Running GatewayBackendClientCertificateFeature, relying on the following features: Gateway-standard, GatewayBackendClientCertificate-standard, HTTPRoute-standard, BackendTLSPolicy-standard
    helpers.go:304: 2026-07-28T05:10:17.252476889Z: Gateways and Pods in gateway-conformance-infra namespaces ready
    helpers.go:812: 2026-07-28T05:10:17.260167593Z: Conditions matched expectations
    helpers.go:812: 2026-07-28T05:10:17.260231351Z: Route gateway-conformance-infra/gateway-tls-backend-client-certificate Parents matched expectations
=== RUN   TestGatewayAPIConformance/GatewayBackendClientCertificateFeature/HTTP_request_sent_to_Service_using_TLS_should_succeed_and_the_configured_client_certificate_should_be_presented.
    gateway-tls-backend-client-certificate.go:70: 2026-07-28T05:10:17.879248095Z: Making GET request to host abc.example.com via http://127.0.0.1/
    http.go:285: 2026-07-28T05:10:17.880386134Z: Response expectation failed for request: {URL: {Scheme:http Opaque: User: Host:127.0.0.1 Path:/ Fragment: RawQuery: RawPath: RawFragment: ForceQuery:false OmitHost:false}, Host: abc.example.com, Protocol: HTTP, Method: GET, Headers: map[X-Echo-Set-Header:[]], UnfollowRedirect: false, ServerName: , ServerCertificate: <truncated>, ClientCertificate: <truncated>, ClientCertificateKey: <truncated>}  not ready yet: expected status code to be one of [200], got 503. CRes: &{503 0 HTTP/1.1 map[Cache-Control:[private, no-store] Content-Length:[0] Date:[Tue, 28 Jul 2026 05:10:17 GMT] Server:[Pingora]] <nil> []} (after 1.082µs)
    http.go:285: 2026-07-28T05:10:18.881710737Z: Response expectation failed for request: {URL: {Scheme:http Opaque: User: Host:127.0.0.1 Path:/ Fragment: RawQuery: RawPath: RawFragment: ForceQuery:false OmitHost:false}, Host: abc.example.com, Protocol: HTTP, Method: GET, Headers: map[X-Echo-Set-Header:[]], UnfollowRedirect: false, ServerName: , ServerCertificate: <truncated>, ClientCertificate: <truncated>, ClientCertificateKey: <truncated>}  not ready yet: expected status code to be one of [200], got 503. CRes: &{503 0 HTTP/1.1 map[Cache-Control:[private, no-store] Content-Length:[0] Date:[Tue, 28 Jul 2026 05:10:18 GMT] Server:[Pingora]] <nil> []} (after 1.001204327s)
    http.go:285: 2026-07-28T05:10:19.88296092Z: Response expectation failed for request: {URL: {Scheme:http Opaque: User: Host:127.0.0.1 Path:/ Fragment: RawQuery: RawPath: RawFragment: ForceQuery:false OmitHost:false}, Host: abc.example.com, Protocol: HTTP, Method: GET, Headers: map[X-Echo-Set-Header:[]], UnfollowRedirect: false, ServerName: , ServerCertificate: <truncated>, ClientCertificate: <truncated>, ClientCertificateKey: <truncated>}  not ready yet: expected status code to be one of [200], got 503. CRes: &{503 0 HTTP/1.1 map[Cache-Control:[private, no-store] Content-Length:[0] Date:[Tue, 28 Jul 2026 05:10:19 GMT] Server:[Pingora]] <nil> []} (after 2.002557299s)
    http.go:291: 2026-07-28T05:10:20.891292534Z: Request passed
=== NAME  TestGatewayAPIConformance/GatewayBackendClientCertificateFeature
    apply.go:283: 2026-07-28T05:10:20.891352935Z: Deleting tls-backend-with-client-cert-validation Deployment
    apply.go:301: 2026-07-28T05:10:20.89544349Z: Deleting tls-backend-with-client-cert-validation Service
    apply.go:301: 2026-07-28T05:10:20.907884904Z: Deleting gateway-tls-backend-client-certificate-test BackendTLSPolicy
    apply.go:301: 2026-07-28T05:10:20.916544775Z: Deleting gateway-tls-backend-client-certificate HTTPRoute
    apply.go:301: 2026-07-28T05:10:20.923972588Z: Deleting gateway-tls-backend-client-certificate Gateway
    apply.go:283: 2026-07-28T05:10:20.929182751Z: Deleting tls-backend-with-client-cert-validation Service
    apply.go:283: 2026-07-28T05:10:20.932673348Z: Deleting gateway-tls-backend-client-certificate-test BackendTLSPolicy
    apply.go:283: 2026-07-28T05:10:20.937078332Z: Deleting gateway-tls-backend-client-certificate HTTPRoute
    apply.go:283: 2026-07-28T05:10:20.939358343Z: Deleting gateway-tls-backend-client-certificate Gateway
=== NAME  TestGatewayAPIConformance
    suite.go:504: 2026-07-28T05:10:20.94304862Z: Sleeping 10s for test isolation
=== RUN   TestGatewayAPIConformance/GatewayWithAttachedRoutes
    conformance.go:70: 2026-07-28T05:10:30.943905078Z: Applying tests/gateway-with-attached-routes.yaml
    apply.go:275: 2026-07-28T05:10:30.950437329Z: Creating gateway-with-one-attached-route Gateway
    apply.go:275: 2026-07-28T05:10:30.955557198Z: Creating http-route-1 HTTPRoute
    apply.go:275: 2026-07-28T05:10:30.962885408Z: Creating gateway-with-two-attached-routes Gateway
    apply.go:275: 2026-07-28T05:10:30.970417541Z: Creating http-route-2 HTTPRoute
    apply.go:275: 2026-07-28T05:10:30.977551076Z: Creating http-route-3 HTTPRoute
    apply.go:275: 2026-07-28T05:10:30.987333841Z: Creating http-route-not-accepted HTTPRoute
    apply.go:275: 2026-07-28T05:10:30.996835573Z: Creating unresolved-gateway-with-one-attached-unresolved-route Gateway
    apply.go:294: 2026-07-28T05:10:31.006892153Z: Updating gateway-with-one-attached-route Gateway
    apply.go:294: 2026-07-28T05:10:31.026372075Z: Updating http-route-1 HTTPRoute
    apply.go:294: 2026-07-28T05:10:31.037321532Z: Updating gateway-with-two-attached-routes Gateway
    apply.go:294: 2026-07-28T05:10:31.047146786Z: Updating http-route-2 HTTPRoute
    apply.go:294: 2026-07-28T05:10:31.053008392Z: Updating http-route-3 HTTPRoute
    apply.go:294: 2026-07-28T05:10:31.05974164Z: Updating http-route-not-accepted HTTPRoute
    apply.go:294: 2026-07-28T05:10:31.06816879Z: Updating unresolved-gateway-with-one-attached-unresolved-route Gateway
    apply.go:275: 2026-07-28T05:10:31.081289839Z: Creating http-route-4 HTTPRoute
    conformance.go:75: 2026-07-28T05:10:31.087840245Z: Running GatewayWithAttachedRoutes, relying on the following features: Gateway-standard, HTTPRoute-standard
=== RUN   TestGatewayAPIConformance/GatewayWithAttachedRoutes/Gateway_listener_should_have_one_valid_http_routes_attached
    helpers.go:917: 2026-07-28T05:10:31.091024034Z: Conditions matched expectations
    helpers.go:917: 2026-07-28T05:10:31.0910596Z: Gateway status listeners matched expectations
=== RUN   TestGatewayAPIConformance/GatewayWithAttachedRoutes/Gateway_listener_should_have_two_valid_http_routes_attached
    helpers.go:912: 2026-07-28T05:10:31.094315513Z: Gateway gateway-conformance-infra/gateway-with-two-attached-routes expected observedGeneration to be updated to 1 for all conditions, only 0/2 were updated. stale conditions are: Accepted (generation 0), Programmed (generation 0)
    helpers.go:917: 2026-07-28T05:10:31.193802179Z: Conditions matched expectations
    helpers.go:917: 2026-07-28T05:10:31.193838617Z: Gateway status listeners matched expectations
=== RUN   TestGatewayAPIConformance/GatewayWithAttachedRoutes/Gateway_listener_should_have_AttachedRoutes_set_even_when_Gateway_has_unresolved_refs
    helpers.go:917: 2026-07-28T05:10:31.199136025Z: Expected AttachedRoutes to be 1, got 0
    helpers.go:917: 2026-07-28T05:10:31.29998657Z: Conditions matched expectations
    helpers.go:917: 2026-07-28T05:10:31.300052743Z: Gateway status listeners matched expectations
=== NAME  TestGatewayAPIConformance/GatewayWithAttachedRoutes
    apply.go:283: 2026-07-28T05:10:31.303966566Z: Deleting http-route-4 HTTPRoute
    apply.go:301: 2026-07-28T05:10:31.309863385Z: Deleting unresolved-gateway-with-one-attached-unresolved-route Gateway
    apply.go:301: 2026-07-28T05:10:31.31506004Z: Deleting http-route-not-accepted HTTPRoute
    apply.go:301: 2026-07-28T05:10:31.318991227Z: Deleting http-route-3 HTTPRoute
    apply.go:301: 2026-07-28T05:10:31.322052559Z: Deleting http-route-2 HTTPRoute
    apply.go:301: 2026-07-28T05:10:31.325778737Z: Deleting gateway-with-two-attached-routes Gateway
    apply.go:301: 2026-07-28T05:10:31.329899692Z: Deleting http-route-1 HTTPRoute
    apply.go:301: 2026-07-28T05:10:31.333462137Z: Deleting gateway-with-one-attached-route Gateway
    apply.go:283: 2026-07-28T05:10:31.340419679Z: Deleting unresolved-gateway-with-one-attached-unresolved-route Gateway
    apply.go:283: 2026-07-28T05:10:31.342813418Z: Deleting http-route-not-accepted HTTPRoute
    apply.go:283: 2026-07-28T05:10:31.345165924Z: Deleting http-route-3 HTTPRoute
    apply.go:283: 2026-07-28T05:10:31.348871777Z: Deleting http-route-2 HTTPRoute
    apply.go:283: 2026-07-28T05:10:31.351719847Z: Deleting gateway-with-two-attached-routes Gateway
    apply.go:283: 2026-07-28T05:10:31.354427878Z: Deleting http-route-1 HTTPRoute
    apply.go:283: 2026-07-28T05:10:31.358580195Z: Deleting gateway-with-one-attached-route Gateway
=== NAME  TestGatewayAPIConformance
    suite.go:504: 2026-07-28T05:10:31.360214981Z: Sleeping 10s for test isolation
=== RUN   TestGatewayAPIConformance/GatewayWithAttachedRoutesWithPort8080
    conformance.go:70: 2026-07-28T05:10:41.364648357Z: Applying tests/gateway-with-attached-routes-with-port-8080.yaml
    apply.go:275: 2026-07-28T05:10:41.370025922Z: Creating gateway-with-two-listeners-and-one-attached-route Gateway
    apply.go:294: 2026-07-28T05:10:41.376189753Z: Updating gateway-with-two-listeners-and-one-attached-route Gateway
    apply.go:275: 2026-07-28T05:10:41.387597846Z: Creating http-route-4-port-8080 HTTPRoute
    conformance.go:75: 2026-07-28T05:10:41.3952839Z: Running GatewayWithAttachedRoutesWithPort8080, relying on the following features: Gateway-standard, GatewayPort8080-standard, HTTPRoute-standard
=== RUN   TestGatewayAPIConformance/GatewayWithAttachedRoutesWithPort8080/Gateway_listener_should_have_attached_route_by_specifying_the_sectionName
    helpers.go:912: 2026-07-28T05:10:41.401072283Z: Gateway gateway-conformance-infra/gateway-with-two-listeners-and-one-attached-route expected observedGeneration to be updated to 1 for all conditions, only 0/2 were updated. stale conditions are: Accepted (generation 0), Programmed (generation 0)
    helpers.go:917: 2026-07-28T05:10:41.499028796Z: Conditions matched expectations
    helpers.go:917: 2026-07-28T05:10:41.499075964Z: Conditions matched expectations
    helpers.go:917: 2026-07-28T05:10:41.499089539Z: Gateway status listeners matched expectations
=== NAME  TestGatewayAPIConformance/GatewayWithAttachedRoutesWithPort8080
    apply.go:283: 2026-07-28T05:10:41.499138069Z: Deleting http-route-4-port-8080 HTTPRoute
    apply.go:301: 2026-07-28T05:10:41.50873009Z: Deleting gateway-with-two-listeners-and-one-attached-route Gateway
    apply.go:283: 2026-07-28T05:10:41.515892548Z: Deleting gateway-with-two-listeners-and-one-attached-route Gateway
=== NAME  TestGatewayAPIConformance
    suite.go:504: 2026-07-28T05:10:41.518032369Z: Sleeping 10s for test isolation
=== RUN   TestGatewayAPIConformance/GatewayFrontendClientCertificateValidationInsecureFallback
    conformance.go:70: 2026-07-28T05:10:51.519421747Z: Applying tests/gateway-with-clientcertificate-validation-insecure-fallback.yaml
    apply.go:275: 2026-07-28T05:10:51.525304397Z: Creating client-validation-insecure-fallback Gateway
    apply.go:275: 2026-07-28T05:10:51.546257916Z: Creating client-cert-validation-insecure-fallback-test HTTPRoute
    apply.go:294: 2026-07-28T05:10:51.556255247Z: Updating client-validation-insecure-fallback Gateway
    apply.go:294: 2026-07-28T05:10:51.574366083Z: Updating client-cert-validation-insecure-fallback-test HTTPRoute
    apply.go:275: 2026-07-28T05:10:51.583415339Z: Creating client-cert-validation-insecure-fallback-test-no-hostname HTTPRoute
    conformance.go:75: 2026-07-28T05:10:51.588600427Z: Running GatewayFrontendClientCertificateValidationInsecureFallback, relying on the following features: Gateway-standard, HTTPRoute-standard, GatewayFrontendClientCertificateValidation-standard, GatewayFrontendClientCertificateValidationInsecureFallback-standard
    helpers.go:557: 2026-07-28T05:10:51.592208962Z: Gatewayexpected observedGeneration to be updated to 1 for all conditions, only 0/2 were updated. stale conditions are: Accepted (generation 0), Programmed (generation 0)
    helpers.go:812: 2026-07-28T05:10:51.694900554Z: Conditions matched expectations
    helpers.go:812: 2026-07-28T05:10:51.695011821Z: Route gateway-conformance-infra/client-cert-validation-insecure-fallback-test Parents matched expectations
    helpers.go:812: 2026-07-28T05:10:51.697102437Z: Conditions matched expectations
    helpers.go:812: 2026-07-28T05:10:51.697129828Z: Route gateway-conformance-infra/client-cert-validation-insecure-fallback-test-no-hostname Parents matched expectations
=== RUN   TestGatewayAPIConformance/GatewayFrontendClientCertificateValidationInsecureFallback/Validate_InsecureFrontendValidationMode_status_condition_on_the_Gateway
=== RUN   TestGatewayAPIConformance/GatewayFrontendClientCertificateValidationInsecureFallback/Validate_default_TLS_configuration
=== RUN   TestGatewayAPIConformance/GatewayFrontendClientCertificateValidationInsecureFallback/Validate_default_TLS_configuration/Send_request_to_the_first_listener_with_matching_client_certificate_and_validate_that_it_is_passing
    gateway-with-clientcertificate-validation-insecure-fallback.go:103: 2026-07-28T05:10:51.721449197Z: Making GET request to host example.org via https://127.0.0.1/
    tls.go:83: 2026-07-28T05:10:51.728897267Z: Response expectation failed for request: {URL: {Scheme:https Opaque: User: Host:127.0.0.1 Path:/ Fragment: RawQuery: RawPath: RawFragment: ForceQuery:false OmitHost:false}, Host: example.org, Protocol: HTTPS, Method: GET, Headers: map[X-Echo-Set-Header:[]], UnfollowRedirect: false, ServerName: example.org, ServerCertificate: <truncated>, ClientCertificate: <truncated>, ClientCertificateKey: <truncated>}  not ready yet: expected status code to be one of [200], got 400. CRes: &{400 -1 HTTP/1.1 map[Cross-Origin-Opener-Policy:[same-origin] Date:[Tue, 28 Jul 2026 05:10:51 GMT] Referrer-Policy:[strict-origin-when-cross-origin] X-Content-Type-Options:[nosniff] X-Frame-Options:[DENY] X-Permitted-Cross-Domain-Policies:[none]] <nil> [0x11bd1c133208]} (after 2.534µs)
    tls.go:84: 2026-07-28T05:10:51.728949595Z: Full response: &{Path: Host: Method:GET Protocol: Headers:map[] HTTPPort: Namespace: Pod: TLS:{Version: ServerName: NegotiatedProtocol: CipherSuite: PeerCertificates:[]}}
    tls.go:58: GetClientCertificateHook was called
    tls.go:58: GetClientCertificateHook was called
    tls.go:58: GetClientCertificateHook was called
    tls.go:90: 2026-07-28T05:10:52.74632406Z: Request passed
=== RUN   TestGatewayAPIConformance/GatewayFrontendClientCertificateValidationInsecureFallback/Validate_default_TLS_configuration/Send_request_to_the_first_listener_with_non-matching_client_certificate_and_validate_that_it_is_passing
    gateway-with-clientcertificate-validation-insecure-fallback.go:106: 2026-07-28T05:10:52.746413365Z: Making GET request to host example.org via https://127.0.0.1/
    tls.go:58: GetClientCertificateHook was called
    tls.go:58: GetClientCertificateHook was called
    tls.go:58: GetClientCertificateHook was called
    tls.go:90: 2026-07-28T05:10:52.762381809Z: Request passed
=== RUN   TestGatewayAPIConformance/GatewayFrontendClientCertificateValidationInsecureFallback/Validate_default_TLS_configuration/Send_request_to_the_first_listener_without_client_certificate_and_validate_that_it_is_passing
    gateway-with-clientcertificate-validation-insecure-fallback.go:109: 2026-07-28T05:10:52.762457389Z: Making GET request to host example.org via https://127.0.0.1/
    tls.go:90: 2026-07-28T05:10:52.774499281Z: Request passed
=== RUN   TestGatewayAPIConformance/GatewayFrontendClientCertificateValidationInsecureFallback/Validate_per_port_TLS_configuration
=== RUN   TestGatewayAPIConformance/GatewayFrontendClientCertificateValidationInsecureFallback/Validate_per_port_TLS_configuration/Send_request_to_the_second_listener_with_matching_client_certificate_and_validate_that_it_is_passing
    gateway-with-clientcertificate-validation-insecure-fallback.go:124: 2026-07-28T05:10:52.774744847Z: Making GET request to host second-example.org via https://127.0.0.1:8443/
    tls.go:58: GetClientCertificateHook was called
    tls.go:58: GetClientCertificateHook was called
    tls.go:58: GetClientCertificateHook was called
    tls.go:90: 2026-07-28T05:10:52.793912283Z: Request passed
=== RUN   TestGatewayAPIConformance/GatewayFrontendClientCertificateValidationInsecureFallback/Validate_per_port_TLS_configuration/Send_request_to_the_second_listener_with_non-matching_client_certificate_and_validate_that_it_is_passing
    gateway-with-clientcertificate-validation-insecure-fallback.go:127: 2026-07-28T05:10:52.793997852Z: Making GET request to host second-example.org via https://127.0.0.1:8443/
    tls.go:58: GetClientCertificateHook was called
    tls.go:58: GetClientCertificateHook was called
    tls.go:58: GetClientCertificateHook was called
    tls.go:90: 2026-07-28T05:10:52.811042608Z: Request passed
=== RUN   TestGatewayAPIConformance/GatewayFrontendClientCertificateValidationInsecureFallback/Validate_per_port_TLS_configuration/Send_request_to_the_second_listener_without_client_certificate_and_validate_that_it_is_passing
    gateway-with-clientcertificate-validation-insecure-fallback.go:130: 2026-07-28T05:10:52.811111916Z: Making GET request to host second-example.org via https://127.0.0.1:8443/
    tls.go:90: 2026-07-28T05:10:52.821809672Z: Request passed
=== NAME  TestGatewayAPIConformance/GatewayFrontendClientCertificateValidationInsecureFallback
    apply.go:283: 2026-07-28T05:10:52.821860216Z: Deleting client-cert-validation-insecure-fallback-test-no-hostname HTTPRoute
    apply.go:301: 2026-07-28T05:10:52.825760825Z: Deleting client-cert-validation-insecure-fallback-test HTTPRoute
    apply.go:301: 2026-07-28T05:10:52.82964881Z: Deleting client-validation-insecure-fallback Gateway
    apply.go:283: 2026-07-28T05:10:52.834712233Z: Deleting client-cert-validation-insecure-fallback-test HTTPRoute
    apply.go:283: 2026-07-28T05:10:52.83681461Z: Deleting client-validation-insecure-fallback Gateway
=== NAME  TestGatewayAPIConformance
    suite.go:504: 2026-07-28T05:10:52.83914567Z: Sleeping 10s for test isolation
=== RUN   TestGatewayAPIConformance/GatewayFrontendClientCertificateValidation
    conformance.go:70: 2026-07-28T05:11:02.844412737Z: Applying tests/gateway-with-clientcertificate-validation.yaml
    apply.go:275: 2026-07-28T05:11:02.853117189Z: Creating client-validation-default Gateway
    apply.go:275: 2026-07-28T05:11:02.861164961Z: Creating client-certificate-validation-https-test HTTPRoute
    apply.go:294: 2026-07-28T05:11:02.869690255Z: Updating client-validation-default Gateway
    apply.go:294: 2026-07-28T05:11:02.889914291Z: Updating client-certificate-validation-https-test HTTPRoute
    apply.go:308: 
        	Error Trace:	/home/runner/go/pkg/mod/sigs.k8s.io/gateway-api/conformance@v1.5.1/utils/kubernetes/apply.go:308
        	            				/home/runner/go/pkg/mod/sigs.k8s.io/gateway-api/conformance@v1.5.1/utils/suite/conformance.go:71
        	            				/home/runner/go/pkg/mod/sigs.k8s.io/gateway-api/conformance@v1.5.1/utils/suite/suite.go:511
        	Error:      	Received unexpected error:
        	            	Operation cannot be fulfilled on httproutes.gateway.networking.k8s.io "client-certificate-validation-https-test": the object has been modified; please apply your changes to the latest version and try again
        	Test:       	TestGatewayAPIConformance/GatewayFrontendClientCertificateValidation
        	Messages:   	error updating resource
    apply.go:301: 2026-07-28T05:11:02.900675074Z: Deleting client-certificate-validation-https-test HTTPRoute
    apply.go:301: 2026-07-28T05:11:02.910049088Z: Deleting client-validation-default Gateway
    apply.go:283: 2026-07-28T05:11:02.916457369Z: Deleting client-certificate-validation-https-test HTTPRoute
    apply.go:283: 2026-07-28T05:11:02.920347437Z: Deleting client-validation-default Gateway
=== NAME  TestGatewayAPIConformance
    suite.go:504: 2026-07-28T05:11:02.923635778Z: Sleeping 10s for test isolation
=== RUN   TestGatewayAPIConformance/GatewayInvalidFrontendClientCertificateValidation
    conformance.go:70: 2026-07-28T05:11:12.928619732Z: Applying tests/gateway-with-invalid-clientcertificate-validation.yaml
    apply.go:275: 2026-07-28T05:11:12.934493626Z: Creating gateway-with-invalid-client-cert-validation Gateway
    apply.go:294: 2026-07-28T05:11:12.944001706Z: Updating gateway-with-invalid-client-cert-validation Gateway
    apply.go:275: 2026-07-28T05:11:12.959643917Z: Creating misconfigured-client-certificate-validation-https-test HTTPRoute
    conformance.go:75: 2026-07-28T05:11:12.964181313Z: Running GatewayInvalidFrontendClientCertificateValidation, relying on the following features: Gateway-standard, HTTPRoute-standard, ReferenceGrant-standard, GatewayFrontendClientCertificateValidation-standard
=== RUN   TestGatewayAPIConformance/GatewayInvalidFrontendClientCertificateValidation/Validate_status_for_invalid_client_certificate_configuration
=== RUN   TestGatewayAPIConformance/GatewayInvalidFrontendClientCertificateValidation/Validate_status_for_invalid_client_certificate_configuration/default_valid_configuration
    helpers.go:632: 2026-07-28T05:11:12.967548322Z: Listener https not found in Gateway gateway-conformance-infra/gateway-with-invalid-client-cert-validation Status
=== RUN   TestGatewayAPIConformance/GatewayInvalidFrontendClientCertificateValidation/Validate_status_for_invalid_client_certificate_configuration/unresolved_reference
=== RUN   TestGatewayAPIConformance/GatewayInvalidFrontendClientCertificateValidation/Validate_status_for_invalid_client_certificate_configuration/invalid_kind
=== RUN   TestGatewayAPIConformance/GatewayInvalidFrontendClientCertificateValidation/Validate_status_for_invalid_client_certificate_configuration/reference_grant_missing
=== NAME  TestGatewayAPIConformance/GatewayInvalidFrontendClientCertificateValidation
    apply.go:283: 2026-07-28T05:11:13.078138244Z: Deleting misconfigured-client-certificate-validation-https-test HTTPRoute
    apply.go:301: 2026-07-28T05:11:13.081644554Z: Deleting gateway-with-invalid-client-cert-validation Gateway
    apply.go:283: 2026-07-28T05:11:13.087423568Z: Deleting gateway-with-invalid-client-cert-validation Gateway
=== NAME  TestGatewayAPIConformance
    suite.go:504: 2026-07-28T05:11:13.089644309Z: Sleeping 10s for test isolation
=== RUN   TestGatewayAPIConformance/GatewayClassObservedGenerationBump
    conformance.go:70: 2026-07-28T05:11:23.090946205Z: Applying tests/gatewayclass-observed-generation-bump.yaml
    apply.go:275: 2026-07-28T05:11:23.096040654Z: Creating gatewayclass-observed-generation-bump GatewayClass
    conformance.go:75: 2026-07-28T05:11:23.098793835Z: Running GatewayClassObservedGenerationBump, relying on the following features: Gateway-standard
=== RUN   TestGatewayAPIConformance/GatewayClassObservedGenerationBump/observedGeneration_should_increment
    helpers.go:133: 2026-07-28T05:11:23.100641107Z: GatewayClassexpected observedGeneration to be updated to 1 for all conditions, only 0/1 were updated. stale conditions are: Accepted (generation 0)
    helpers.go:133: 2026-07-28T05:11:23.219270748Z: GatewayClassexpected observedGeneration to be updated to 2 for all conditions, only 0/2 were updated. stale conditions are: Accepted (generation 1), SupportedVersion (generation 1)
=== NAME  TestGatewayAPIConformance/GatewayClassObservedGenerationBump
    apply.go:283: 2026-07-28T05:11:23.324797732Z: Deleting gatewayclass-observed-generation-bump GatewayClass
=== NAME  TestGatewayAPIConformance
    suite.go:504: 2026-07-28T05:11:23.330292629Z: Sleeping 10s for test isolation
